사고번호,사고일시,요일,시군구,사고내용,사망자수,중상자수,경상자수,부상신고자수,사고유형,법규위반,노면상태,기상상태,도로형태,가해운전자 차종,가해운전자 성별,가해운전자 연령,가해운전자 상해정도,피해운전자 차종,피해운전자 성별,피해운전자 연령,피해운전자 상해정도
2014011400100080,2014년 1월 14일 07시,화요일,울산광역시 동구 방어동,중상사고,0,3,0,0,차대차 - 기타,신호위반,건조,맑음,교차로 - 교차로안,원동기,남,24세,중상,이륜,남,22세,중상
2014011400100109,2014년 1월 14일 08시,화요일,울산광역시 울주군 두서면,경상사고,0,0,1,0,차대차 - 측면직각충돌,안전운전불이행,건조,맑음,단일로 - 기타,승용,남,22세,상해없음,승용,여,31세,경상
2014011400100131,2014년 1월 14일 09시,화요일,울산광역시 북구 염포동,경상사고,0,0,1,0,차대차 - 측면직각충돌,교차로운행방법위반,건조,맑음,교차로 - 교차로부근,승용,남,46세,상해없음,승용,여,41세,경상
2014011400100180,2014년 1월 14일 11시,화요일,울산광역시 북구 상안동,경상사고,0,0,1,0,차대차 - 측면직각충돌,안전거리미확보,건조,맑음,단일로 - 기타,승용,남,41세,상해없음,승용,여,39세,경상
2014011400100181,2014년 1월 14일 11시,화요일,울산광역시 남구 야음동,경상사고,0,0,1,0,차대사람 - 기타,안전운전불이행,건조,맑음,단일로 - 기타,승용,여,30세,상해없음,보행자,남,59세,경상
2014011400100200,2014년 1월 14일 12시,화요일,울산광역시 동구 동부동,경상사고,0,0,1,0,차대차 - 측면직각충돌,교차로운행방법위반,건조,맑음,교차로 - 교차로안,화물,남,42세,상해없음,이륜,남,35세,경상
2014011400100245,2014년 1월 14일 14시,화요일,울산광역시 남구 삼산동,경상사고,0,0,1,0,차대차 - 추돌 - 주정차중,안전거리미확보,건조,맑음,단일로 - 기타,승용,남,52세,상해없음,승용,남,69세,경상
2014011400100329,2014년 1월 14일 17시,화요일,울산광역시 남구 용연동,경상사고,0,0,1,0,차대차 - 기타,교차로운행방법위반,건조,맑음,교차로 - 교차로안,이륜,남,39세,경상,승용,남,44세,상해없음
2014011400100395,2014년 1월 14일 19시,화요일,울산광역시 동구 방어동,중상사고,0,1,0,0,차대사람 - 기타,안전운전불이행,건조,맑음,단일로 - 기타,화물,남,49세,상해없음,보행자,남,54세,중상
2014011400100396,2014년 1월 14일 19시,화요일,울산광역시 동구 전하동,경상사고,0,0,1,0,차대차 - 측면직각충돌,안전운전불이행,건조,맑음,교차로 - 교차로안,승용,여,53세,상해없음,이륜,남,32세,경상
2014011500100018,2014년 1월 15일 00시,수요일,울산광역시 남구 삼산동,중상사고,0,1,0,0,차대사람 - 횡단중,신호위반,건조,맑음,교차로 - 교차로부근,승용,남,32세,상해없음,보행자,남,43세,중상
2014011500100026,2014년 1월 15일 01시,수요일,울산광역시 중구 학성동,경상사고,0,0,3,0,차대차 - 측면직각충돌,안전거리미확보,건조,맑음,교차로 - 교차로안,승용,남,64세,상해없음,승용,남,32세,경상
2014011500100027,2014년 1월 15일 01시,수요일,울산광역시 북구 염포동,경상사고,0,0,1,0,차대차 - 추돌 - 주정차중,안전운전불이행,건조,맑음,교차로 - 교차로부근,승용,남,24세,상해없음,승용,남,25세,경상
2014011500100040,2014년 1월 15일 03시,수요일,울산광역시 동구 전하동,경상사고,0,0,1,0,차대차 - 기타,안전운전불이행,건조,맑음,단일로 - 기타,승용,남,48세,상해없음,이륜,남,16세,경상
2014011500100070,2014년 1월 15일 06시,수요일,울산광역시 동구 서부동,중상사고,0,1,0,0,차대차 - 추돌 - 진행중,교차로운행방법위반,건조,맑음,교차로 - 교차로부근,승용,남,64세,기타불명,이륜,남,46세,중상
2014011500100071,2014년 1월 15일 06시,수요일,울산광역시 울주군 서생면,중상사고,0,1,0,0,차대사람 - 기타,안전운전불이행,건조,맑음,단일로 - 기타,승용,남,36세,상해없음,보행자,남,58세,중상
2014011500100099,2014년 1월 15일 07시,수요일,울산광역시 남구 달동,중상사고,0,1,0,0,차대사람 - 횡단중,안전운전불이행,건조,맑음,단일로 - 기타,승용,남,37세,상해없음,보행자,남,38세,중상
2014011500100238,2014년 1월 15일 13시,수요일,울산광역시 남구 옥동,경상사고,0,0,2,0,차대차 - 측면직각충돌,안전운전불이행,건조,맑음,단일로 - 기타,승용,여,59세,상해없음,승합,남,44세,상해없음
2014011500100264,2014년 1월 15일 14시,수요일,울산광역시 북구 효문동,중상사고,0,1,0,1,차대차 - 기타,신호위반,건조,맑음,교차로 - 교차로안,승용,여,37세,부상신고,승용,남,33세,중상
2014011500100310,2014년 1월 15일 16시,수요일,울산광역시 중구 성남동,경상사고,0,0,1,0,차대사람 - 기타,안전운전불이행,건조,맑음,단일로 - 기타,승용,남,53세,기타불명,보행자,여,43세,경상
2014011500100311,2014년 1월 15일 16시,수요일,울산광역시 중구 북정동,경상사고,0,0,1,0,차대차 - 측면직각충돌,신호위반,건조,맑음,교차로 - 교차로안,승용,여,28세,상해없음,승용,여,41세,경상
2014011500100312,2014년 1월 15일 16시,수요일,울산광역시 남구 신정동,중상사고,0,1,0,0,차대차 - 측면직각충돌,안전운전불이행,건조,맑음,교차로 - 교차로안,승용,남,61세,상해없음,이륜,남,74세,중상
2014011500100391,2014년 1월 15일 18시,수요일,울산광역시 남구 신정동,중상사고,0,1,0,0,차대사람 - 길가장자리구역통행중,안전운전불이행,건조,맑음,교차로 - 교차로안,승용,여,42세,상해없음,보행자,남,68세,중상
2014011500100392,2014년 1월 15일 18시,수요일,울산광역시 남구 상개동,중상사고,0,1,0,0,차대사람 - 기타,안전운전불이행,건조,맑음,교차로 - 교차로안,승용,남,63세,상해없음,보행자,여,74세,중상
2014011500100393,2014년 1월 15일 18시,수요일,울산광역시 남구 옥동,경상사고,0,0,3,0,차대차 - 추돌 - 주정차중,안전거리미확보,건조,맑음,교차로 - 교차로부근,승용,남,47세,상해없음,승용,여,43세,상해없음
2014011500100460,2014년 1월 15일 20시,수요일,울산광역시 북구 진장동,경상사고,0,0,1,0,차대사람 - 횡단중,안전운전불이행,건조,맑음,단일로 - 기타,기타불명,기타불명,기타불명,기타불명,보행자,남,47세,경상
2014011500100461,2014년 1월 15일 20시,수요일,울산광역시 중구 성안동,경상사고,0,0,1,0,차대차 - 추돌 - 진행중,안전운전불이행,건조,맑음,단일로 - 기타,승용,남,51세,상해없음,승용,여,35세,경상
2014011500100462,2014년 1월 15일 20시,수요일,울산광역시 남구 삼산동,경상사고,0,0,3,0,차대차 - 기타,안전운전불이행,건조,맑음,단일로 - 기타,승용,남,19세,경상,승용,여,45세,경상
2014011500100463,2014년 1월 15일 20시,수요일,울산광역시 동구 방어동,경상사고,0,0,2,0,차대차 - 측면직각충돌,차로위반,건조,맑음,단일로 - 기타,이륜,남,33세,경상,승용,남,44세,경상
2014011500100492,2014년 1월 15일 21시,수요일,울산광역시 북구 진장동,경상사고,0,0,2,0,차대차 - 추돌 - 주정차중,안전운전불이행,건조,맑음,교차로 - 교차로부근,승용,남,40세,상해없음,승용,남,47세,경상
2014011500100493,2014년 1월 15일 21시,수요일,울산광역시 북구 중산동,중상사고,0,1,2,0,차대차 - 추돌 - 주정차중,안전운전불이행,건조,맑음,교차로 - 교차로부근,승용,남,58세,상해없음,승용,남,47세,경상
2014011500100494,2014년 1월 15일 21시,수요일,울산광역시 중구 교동,경상사고,0,0,1,0,차대차 - 측면직각충돌,직진우회전진행방해,건조,맑음,교차로 - 교차로안,승용,남,58세,상해없음,승용,남,32세,경상
2014011600100021,2014년 1월 16일 00시,목요일,울산광역시 북구 상안동,경상사고,0,0,2,1,차대차 - 기타,교차로운행방법위반,건조,맑음,교차로 - 교차로부근,화물,남,64세,부상신고,승용,남,51세,상해없음
2014011600100022,2014년 1월 16일 00시,목요일,울산광역시 동구 서부동,중상사고,0,1,0,0,차대차 - 추돌 - 주정차중,안전거리미확보,건조,맑음,교차로 - 교차로부근,기타불명,기타불명,기타불명,기타불명,이륜,남,40세,중상
2014011600100032,2014년 1월 16일 01시,목요일,울산광역시 중구 반구동,경상사고,0,0,3,0,차대차 - 측면직각충돌,안전거리미확보,건조,맑음,단일로 - 기타,승용,여,53세,상해없음,승용,남,56세,경상
2014011600100039,2014년 1월 16일 02시,목요일,울산광역시 동구 방어동,중상사고,0,1,0,0,차대차 - 측면직각충돌,교차로운행방법위반,건조,맑음,교차로 - 교차로안,승용,남,34세,상해없음,이륜,남,54세,중상
2014011600100097,2014년 1월 16일 07시,목요일,울산광역시 남구 무거동,경상사고,0,0,1,0,차대차 - 기타,안전운전불이행,기타,기타,교차로 - 교차로부근,승용,남,25세,상해없음,승용,남,32세,경상
2014011600100098,2014년 1월 16일 07시,목요일,울산광역시 동구 방어동,경상사고,0,0,1,0,차대사람 - 기타,안전운전불이행,건조,맑음,단일로 - 기타,승용,남,57세,상해없음,보행자,남,38세,경상
2014011600100167,2014년 1월 16일 10시,목요일,울산광역시 남구 무거동,경상사고,0,0,1,0,차대차 - 추돌 - 진행중,안전거리미확보,건조,맑음,교차로 - 교차로부근,화물,남,34세,상해없음,승용,남,30세,경상
2014011600100262,2014년 1월 16일 14시,목요일,울산광역시 남구 선암동,경상사고,0,0,2,0,차대차 - 기타,교차로운행방법위반,건조,맑음,교차로 - 교차로안,승용,남,64세,경상,승용,남,47세,경상
2014011600100307,2014년 1월 16일 16시,목요일,울산광역시 남구 신정동,중상사고,0,1,0,0,차대차 - 추돌 - 주정차중,안전운전불이행,건조,맑음,단일로 - 기타,화물,남,56세,중상,화물,기타불명,기타불명,기타불명
2014011600100328,2014년 1월 16일 17시,목요일,울산광역시 울주군 범서읍,경상사고,0,0,1,0,차대차 - 기타,안전운전불이행,건조,맑음,단일로 - 기타,승용,여,39세,상해없음,승용,여,34세,경상
2014011600100465,2014년 1월 16일 21시,목요일,울산광역시 남구 신정동,경상사고,0,0,2,0,차대차 - 추돌 - 진행중,안전거리미확보,건조,맑음,단일로 - 기타,승용,남,58세,상해없음,승용,남,48세,경상
2014011600100466,2014년 1월 16일 21시,목요일,울산광역시 북구 양정동,경상사고,0,0,1,0,차대사람 - 기타,기타,건조,맑음,기타 - 기타,승용,남,18세,상해없음,보행자,여,28세,경상
2014011600100467,2014년 1월 16일 21시,목요일,울산광역시 동구 전하동,경상사고,0,0,1,0,차대차 - 정면충돌,신호위반,건조,맑음,교차로 - 교차로안,이륜,남,32세,경상,승합,남,36세,상해없음
2014011600100513,2014년 1월 16일 23시,목요일,울산광역시 동구 화정동,경상사고,0,0,1,0,차대차 - 측면직각충돌,교차로운행방법위반,건조,맑음,교차로 - 교차로안,이륜,남,35세,상해없음,이륜,남,17세,경상
2014011700100073,2014년 1월 17일 05시,금요일,울산광역시 중구 반구동,중상사고,0,1,0,0,차대사람 - 횡단중,안전운전불이행,건조,맑음,단일로 - 기타,승합,남,50세,상해없음,보행자,여,42세,중상
2014011700100085,2014년 1월 17일 06시,금요일,울산광역시 동구 방어동,경상사고,0,0,2,0,차대차 - 추돌 - 주정차중,안전운전불이행,건조,맑음,단일로 - 기타,승용,남,53세,상해없음,승용,남,37세,경상
2014011700100100,2014년 1월 17일 07시,금요일,울산광역시 울주군 온산읍,중상사고,0,1,0,0,차대차 - 기타,안전운전불이행,건조,맑음,단일로 - 기타,기타불명,기타불명,기타불명,기타불명,원동기,남,42세,중상
2014011700100243,2014년 1월 17일 13시,금요일,울산광역시 울주군 범서읍,경상사고,0,0,2,0,차대차 - 추돌 - 주정차중,안전거리미확보,건조,맑음,단일로 - 기타,승용,남,32세,경상,승용,남,44세,경상
2014011700100296,2014년 1월 17일 15시,금요일,울산광역시 남구 선암동,중상사고,0,2,0,0,차대차 - 측면직각충돌,교차로운행방법위반,건조,맑음,교차로 - 교차로안,승용,남,65세,중상,승용,남,53세,중상
2014011700100297,2014년 1월 17일 15시,금요일,울산광역시 울주군 온양읍,경상사고,0,0,2,1,차대차 - 추돌 - 진행중,차로위반,건조,맑음,단일로 - 기타,승용,여,42세,부상신고,승용,남,44세,경상
2014011700100404,2014년 1월 17일 18시,금요일,울산광역시 남구 신정동,부상신고사고,0,0,0,1,차대차 - 정면충돌,중앙선침범,건조,맑음,단일로 - 기타,승용,남,45세,상해없음,이륜,남,55세,부상신고
2014011700100405,2014년 1월 17일 18시,금요일,울산광역시 남구 삼산동,경상사고,0,0,1,0,차대차 - 추돌 - 주정차중,안전운전불이행,건조,맑음,단일로 - 기타,승합,남,44세,상해없음,승용,여,40세,경상
2014011700100466,2014년 1월 17일 20시,금요일,울산광역시 중구 성안동,중상사고,0,2,2,0,차대차 - 측면직각충돌,직진우회전진행방해,건조,맑음,교차로 - 교차로안,승용,남,67세,상해없음,승용,여,26세,중상
2014011700100467,2014년 1월 17일 20시,금요일,울산광역시 울주군 언양읍,중상사고,0,1,1,0,차대차 - 추돌 - 주정차중,안전운전불이행,건조,맑음,교차로 - 교차로안,승용,여,47세,중상,승용,남,47세,경상
2014011700100510,2014년 1월 17일 21시,금요일,울산광역시 동구 방어동,중상사고,0,1,0,0,차대사람 - 횡단중,안전운전불이행,건조,맑음,단일로 - 횡단보도상,이륜,남,40세,상해없음,보행자,남,61세,중상
2014011700100537,2014년 1월 17일 22시,금요일,울산광역시 남구 삼산동,경상사고,0,0,1,0,차대사람 - 횡단중,보행자보호의무위반,건조,맑음,교차로 - 교차로안,승용,남,66세,상해없음,보행자,남,46세,경상
2014011700100572,2014년 1월 17일 23시,금요일,울산광역시 중구 약사동,경상사고,0,0,1,0,차대사람 - 기타,안전운전불이행,건조,맑음,단일로 - 기타,승용,남,47세,상해없음,보행자,여,17세,경상
2014011800100036,2014년 1월 18일 00시,토요일,울산광역시 남구 신정동,경상사고,0,0,1,0,차대차 - 측면직각충돌,교차로운행방법위반,건조,맑음,교차로 - 교차로안,승용,남,34세,상해없음,승용,여,34세,경상
2014011800100057,2014년 1월 18일 01시,토요일,울산광역시 북구 염포동,중상사고,0,1,0,0,차대차 - 추돌 - 주정차중,안전운전불이행,건조,맑음,교차로 - 교차로부근,승용,기타불명,기타불명,기타불명,승합,여,63세,중상
2014011800100108,2014년 1월 18일 06시,토요일,울산광역시 남구 삼산동,경상사고,0,0,1,0,차대차 - 정면충돌,중앙선침범,건조,맑음,단일로 - 기타,승용,남,45세,상해없음,승용,남,42세,경상
2014011800100159,2014년 1월 18일 09시,토요일,울산광역시 중구 학성동,중상사고,0,1,0,0,차대사람 - 횡단중,보행자보호의무위반,건조,맑음,단일로 - 기타,승합,남,44세,상해없음,보행자,여,56세,중상
2014011800100210,2014년 1월 18일 11시,토요일,울산광역시 북구 중산동,경상사고,0,0,6,0,차대차 - 측면직각충돌,안전거리미확보,건조,맑음,교차로 - 교차로부근,화물,남,28세,상해없음,승합,여,51세,경상
2014011800100363,2014년 1월 18일 17시,토요일,울산광역시 울주군 청량면,중상사고,0,2,0,0,차대차 - 추돌 - 주정차중,안전운전불이행,건조,맑음,단일로 - 기타,승용,남,52세,상해없음,화물,남,56세,중상
2014011800100398,2014년 1월 18일 18시,토요일,울산광역시 중구 남외동,부상신고사고,0,0,0,1,차대차 - 측면직각충돌,안전거리미확보,건조,맑음,단일로 - 기타,이륜,남,60세,부상신고,승용,남,31세,상해없음
2014011800100399,2014년 1월 18일 18시,토요일,울산광역시 동구 화정동,경상사고,0,0,1,0,차대차 - 추돌 - 주정차중,안전운전불이행,건조,맑음,단일로 - 기타,화물,남,56세,상해없음,승용,남,51세,경상
2014011800100432,2014년 1월 18일 19시,토요일,울산광역시 남구 무거동,중상사고,0,1,0,0,차대차 - 기타,교차로운행방법위반,건조,맑음,교차로 - 교차로안,승합,남,45세,상해없음,승용,남,28세,상해없음
2014011800100469,2014년 1월 18일 21시,토요일,울산광역시 중구 복산동,중상사고,0,1,0,0,차대차 - 측면직각충돌,중앙선침범,건조,맑음,단일로 - 기타,승용,남,58세,상해없음,이륜,남,59세,중상
2014011800100488,2014년 1월 18일 22시,토요일,울산광역시 중구 성남동,경상사고,0,0,2,0,차대차 - 측면직각충돌,안전운전불이행,건조,맑음,단일로 - 기타,승용,기타불명,기타불명,기타불명,승용,여,26세,경상
2014011900100057,2014년 1월 19일 02시,일요일,울산광역시 남구 무거동,경상사고,0,0,1,0,차대차 - 기타,안전운전불이행,기타,기타,단일로 - 기타,승용,남,58세,상해없음,승용,여,55세,경상
2014011900100096,2014년 1월 19일 06시,일요일,울산광역시 남구 무거동,사망사고,1,0,0,0,차대사람 - 횡단중,과속,기타,맑음,단일로 - 기타,승용,남,51세,상해없음,보행자,여,74세,사망
2014011900100097,2014년 1월 19일 06시,일요일,울산광역시 북구 양정동,중상사고,0,1,0,0,차대사람 - 횡단중,신호위반,건조,맑음,교차로 - 교차로안,승용,남,55세,상해없음,보행자,여,42세,중상
2014011900100136,2014년 1월 19일 09시,일요일,울산광역시 남구 용잠동,경상사고,0,0,1,0,차량단독 - 전도전복,안전운전불이행,결빙,맑음,단일로 - 기타,화물,남,60세,경상,,,,
2014011900100182,2014년 1월 19일 11시,일요일,울산광역시 북구 진장동,부상신고사고,0,0,0,1,차대차 - 기타,신호위반,건조,맑음,교차로 - 교차로안,화물,남,66세,상해없음,승용,남,59세,부상신고
2014011900100183,2014년 1월 19일 11시,일요일,울산광역시 북구 매곡동,중상사고,0,1,0,0,차대차 - 기타,신호위반,건조,맑음,교차로 - 교차로안,승용,남,45세,상해없음,이륜,남,48세,중상
2014011900100184,2014년 1월 19일 11시,일요일,울산광역시 북구 어물동,경상사고,0,0,1,0,차대사람 - 길가장자리구역통행중,안전운전불이행,건조,맑음,단일로 - 기타,승용,남,71세,상해없음,보행자,여,47세,경상
2014011900100314,2014년 1월 19일 17시,일요일,울산광역시 중구 성남동,중상사고,0,1,0,0,차대사람 - 횡단중,안전운전불이행,건조,맑음,단일로 - 기타,승합,남,62세,상해없음,보행자,남,16세,중상
2014011900100370,2014년 1월 19일 19시,일요일,울산광역시 남구 여천동,중상사고,0,1,0,0,차대차 - 추돌 - 진행중,안전운전불이행,건조,맑음,단일로 - 기타,승용,남,45세,상해없음,자전거,남,69세,중상
2014011900100417,2014년 1월 19일 21시,일요일,울산광역시 남구 삼산동,중상사고,0,2,3,0,차대차 - 추돌 - 주정차중,안전운전불이행,건조,맑음,단일로 - 기타,승합,남,43세,상해없음,승합,남,42세,중상
2014011900100449,2014년 1월 19일 23시,일요일,울산광역시 남구 무거동,경상사고,0,0,1,0,차대차 - 추돌 - 진행중,안전거리미확보,건조,맑음,단일로 - 기타,승용,남,46세,상해없음,승합,여,47세,상해없음
2014011900100450,2014년 1월 19일 23시,일요일,울산광역시 울주군 서생면,중상사고,0,2,0,1,차대차 - 기타,안전운전불이행,건조,맑음,단일로 - 기타,승용,남,51세,부상신고,화물,남,42세,중상
2014012000100084,2014년 1월 20일 06시,월요일,울산광역시 울주군 서생면,사망사고,1,0,0,0,차대사람 - 횡단중,안전운전불이행,건조,흐림,단일로 - 기타,승용,남,56세,상해없음,보행자,여,81세,사망
2014012000100171,2014년 1월 20일 08시,월요일,울산광역시 울주군 범서읍,경상사고,0,0,1,0,차대차 - 추돌 - 진행중,안전운전불이행,건조,맑음,교차로 - 교차로부근,승용,남,47세,경상,승용,남,42세,상해없음
2014012000100208,2014년 1월 20일 09시,월요일,울산광역시 동구 서부동,경상사고,0,0,1,0,차대차 - 기타,신호위반,습기,맑음,교차로 - 교차로안,승용,여,40세,상해없음,승용,남,59세,상해없음
2014012000100394,2014년 1월 20일 15시,월요일,울산광역시 중구 남외동,중상사고,0,2,0,1,차대차 - 정면충돌,안전운전불이행,건조,맑음,단일로 - 기타,승용,남,45세,부상신고,화물,남,50세,중상
2014012000100466,2014년 1월 20일 17시,월요일,울산광역시 북구 양정동,경상사고,0,0,1,0,차대차 - 측면직각충돌,교차로운행방법위반,건조,맑음,교차로 - 교차로부근,이륜,남,52세,상해없음,승용,여,45세,경상
2014012000100518,2014년 1월 20일 18시,월요일,울산광역시 남구 무거동,경상사고,0,0,1,0,차대차 - 추돌 - 진행중,안전운전불이행,건조,맑음,교차로 - 교차로안,승용,남,66세,상해없음,승용,남,39세,경상
2014012000100563,2014년 1월 20일 19시,월요일,울산광역시 중구 옥교동,경상사고,0,0,1,1,차대차 - 기타,직진우회전진행방해,건조,맑음,교차로 - 교차로안,이륜,남,22세,부상신고,승용,남,61세,상해없음
2014012000100603,2014년 1월 20일 20시,월요일,울산광역시 중구 우정동,중상사고,0,1,0,0,차대사람 - 기타,안전운전불이행,건조,맑음,단일로 - 기타,승용,남,59세,상해없음,보행자,여,69세,중상
2014012000100604,2014년 1월 20일 20시,월요일,울산광역시 울주군 두동면,부상신고사고,0,0,0,1,차대사람 - 기타,안전운전불이행,건조,맑음,단일로 - 기타,기타불명,기타불명,기타불명,기타불명,보행자,남,18세,부상신고
2014012000100667,2014년 1월 20일 22시,월요일,울산광역시 중구 반구동,경상사고,0,0,1,0,차대차 - 추돌 - 진행중,안전운전불이행,건조,맑음,단일로 - 기타,승용,남,47세,상해없음,승용,남,53세,경상
2014012000100668,2014년 1월 20일 22시,월요일,울산광역시 남구 무거동,경상사고,0,0,1,0,차대차 - 기타,중앙선침범,건조,맑음,교차로 - 교차로부근,승용,남,36세,상해없음,승용,남,36세,경상
2014012100100125,2014년 1월 21일 08시,화요일,울산광역시 울주군 온양읍,중상사고,0,1,0,0,차대차 - 기타,안전운전불이행,건조,맑음,단일로 - 기타,승용,남,41세,기타불명,승용,남,22세,상해없음
2014012100100199,2014년 1월 21일 10시,화요일,울산광역시 북구 화봉동,경상사고,0,0,5,0,차대차 - 추돌 - 주정차중,안전운전불이행,건조,맑음,단일로 - 기타,화물,남,41세,상해없음,승용,여,34세,경상
2014012100100200,2014년 1월 21일 10시,화요일,울산광역시 남구 달동,경상사고,0,0,2,0,차대차 - 측면직각충돌,안전운전불이행,건조,맑음,단일로 - 기타,승용,여,29세,경상,승합,남,32세,경상
2014012100100235,2014년 1월 21일 12시,화요일,울산광역시 남구 옥동,중상사고,0,1,0,0,차대차 - 추돌 - 주정차중,안전운전불이행,건조,맑음,교차로 - 교차로부근,승용,여,48세,상해없음,승용,남,32세,중상
2014012100100282,2014년 1월 21일 14시,화요일,울산광역시 중구 성남동,중상사고,0,1,0,0,차대사람 - 기타,보행자보호의무위반,건조,맑음,단일로 - 기타,자전거,기타불명,기타불명,기타불명,보행자,여,68세,중상
2014012100100283,2014년 1월 21일 14시,화요일,울산광역시 울주군 청량면,중상사고,0,3,2,0,차대차 - 측면직각충돌,교차로운행방법위반,건조,맑음,교차로 - 교차로안,승합,여,60세,경상,건설기계,남,47세,경상
2014012100100343,2014년 1월 21일 16시,화요일,울산광역시 동구 전하동,경상사고,0,0,1,0,차대차 - 측면직각충돌,교차로운행방법위반,건조,맑음,교차로 - 교차로안,승용,남,57세,상해없음,승용,남,34세,경상
2014012100100531,2014년 1월 21일 22시,화요일,울산광역시 북구 진장동,경상사고,0,0,2,0,차대차 - 측면직각충돌,중앙선침범,건조,맑음,단일로 - 기타,승용,남,52세,상해없음,승용,남,32세,경상
2014012100100548,2014년 1월 21일 23시,화요일,울산광역시 남구 달동,경상사고,0,0,2,0,차대차 - 추돌 - 진행중,안전운전불이행,건조,맑음,단일로 - 기타,승용,남,34세,상해없음,승용,남,71세,경상
2014012200100031,2014년 1월 22일 01시,수요일,울산광역시 남구 무거동,중상사고,0,1,2,0,차대차 - 정면충돌,신호위반,건조,맑음,교차로 - 교차로안,승용,남,44세,경상,승용,남,51세,중상
2014012200100082,2014년 1월 22일 07시,수요일,울산광역시 남구 선암동,경상사고,0,0,2,0,차대차 - 측면직각충돌,안전거리미확보,건조,맑음,교차로 - 교차로부근,승용,여,51세,경상,승용,남,33세,경상
2014012200100083,2014년 1월 22일 07시,수요일,울산광역시 울주군 언양읍,경상사고,0,0,1,0,차대사람 - 횡단중,보행자보호의무위반,건조,맑음,교차로 - 교차로안,화물,남,55세,상해없음,보행자,여,23세,경상
2014012200100118,2014년 1월 22일 08시,수요일,울산광역시 북구 호계동,중상사고,0,1,1,0,차대차 - 측면직각충돌,직진우회전진행방해,건조,맑음,교차로 - 교차로안,승용,남,26세,경상,승용,여,56세,중상
2014012200100157,2014년 1월 22일 09시,수요일,울산광역시 울주군 삼동면,중상사고,0,1,0,0,차대차 - 정면충돌,중앙선침범,건조,맑음,교차로 - 교차로부근,건설기계,남,41세,상해없음,화물,남,51세,중상
2014012200100231,2014년 1월 22일 12시,수요일,울산광역시 중구 복산동,경상사고,0,0,1,0,차대차 - 측면직각충돌,직진우회전진행방해,건조,맑음,교차로 - 교차로안,승용,남,62세,상해없음,승용,남,26세,경상
2014012200100232,2014년 1월 22일 12시,수요일,울산광역시 동구 서부동,경상사고,0,0,1,0,차량단독 - 기타,기타,건조,맑음,단일로 - 기타,승용,남,61세,상해없음,,,,
2014012200100254,2014년 1월 22일 13시,수요일,울산광역시 남구 야음동,경상사고,0,0,1,0,차대차 - 기타,안전거리미확보,건조,맑음,교차로 - 교차로부근,승용,남,64세,상해없음,승용,남,23세,경상
2014012200100288,2014년 1월 22일 14시,수요일,울산광역시 중구 약사동,중상사고,0,1,0,0,차대차 - 측면직각충돌,안전운전불이행,건조,맑음,단일로 - 횡단보도상,승합,남,59세,상해없음,자전거,남,61세,중상
2014012200100320,2014년 1월 22일 15시,수요일,울산광역시 중구 학성동,중상사고,0,1,1,0,차대차 - 측면직각충돌,안전거리미확보,건조,맑음,단일로 - 기타,승용,여,60세,경상,승용,여,57세,중상
2014012200100427,2014년 1월 22일 18시,수요일,울산광역시 울주군 삼남면,사망사고,1,0,0,0,차대차 - 기타,신호위반,건조,맑음,교차로 - 교차로안,원동기,남,74세,사망,승용,여,36세,기타불명
2014012200100569,2014년 1월 22일 22시,수요일,울산광역시 남구 신정동,중상사고,0,1,0,0,차대사람 - 횡단중,안전운전불이행,건조,맑음,단일로 - 횡단보도상,승용,남,48세,상해없음,보행자,남,35세,중상
2014012200100599,2014년 1월 22일 23시,수요일,울산광역시 동구 방어동,중상사고,0,1,0,0,차대차 - 측면직각충돌,교차로운행방법위반,건조,맑음,교차로 - 교차로안,승용,남,41세,상해없음,이륜,남,31세,중상
2014012300100018,2014년 1월 23일 00시,목요일,울산광역시 중구 성남동,부상신고사고,0,0,0,2,차대차 - 기타,안전운전불이행,건조,맑음,교차로 - 교차로안,승용,여,32세,상해없음,승용,남,23세,부상신고
2014012300100019,2014년 1월 23일 00시,목요일,울산광역시 중구 남외동,중상사고,0,4,0,0,차대차 - 기타,신호위반,건조,맑음,교차로 - 교차로안,승용,남,39세,상해없음,승용,남,59세,중상
2014012300100039,2014년 1월 23일 01시,목요일,울산광역시 동구 방어동,중상사고,0,1,0,0,차대차 - 기타,신호위반,건조,맑음,교차로 - 교차로안,승용,남,21세,상해없음,이륜,남,23세,중상
2014012300100094,2014년 1월 23일 06시,목요일,울산광역시 북구 화봉동,중상사고,0,1,0,0,차대사람 - 횡단중,안전운전불이행,건조,맑음,단일로 - 횡단보도상,승용,여,33세,상해없음,보행자,여,63세,중상
2014012300100095,2014년 1월 23일 06시,목요일,울산광역시 남구 달동,사망사고,1,0,1,0,차량단독 - 공작물충돌,안전운전불이행,건조,맑음,단일로 - 기타,이륜,남,18세,상해없음,,,,
2014012300100122,2014년 1월 23일 07시,목요일,울산광역시 중구 다운동,경상사고,0,0,1,0,차대차 - 추돌 - 주정차중,안전운전불이행,건조,맑음,교차로 - 교차로안,승용,남,54세,상해없음,승용,여,49세,경상
2014012300100123,2014년 1월 23일 07시,목요일,울산광역시 남구 신정동,경상사고,0,0,1,0,차대차 - 기타,교차로운행방법위반,건조,맑음,단일로 - 기타,이륜,남,72세,경상,승용,남,42세,상해없음