사고번호,사고일시,요일,시군구,사고내용,사망자수,중상자수,경상자수,부상신고자수,사고유형,법규위반,노면상태,기상상태,도로형태,가해운전자 차종,가해운전자 성별,가해운전자 연령,가해운전자 상해정도,피해운전자 차종,피해운전자 성별,피해운전자 연령,피해운전자 상해정도
2014012300100190,2014년 1월 23일 09시,목요일,울산광역시 남구 야음동,중상사고,0,1,0,0,차대차 - 기타,안전운전불이행,건조,맑음,교차로 - 교차로부근,승용,여,30세,상해없음,원동기,남,54세,중상
2014012300100491,2014년 1월 23일 19시,목요일,울산광역시 동구 서부동,경상사고,0,0,1,0,차대차 - 측면직각충돌,신호위반,건조,맑음,교차로 - 교차로안,이륜,남,21세,상해없음,이륜,남,54세,경상
2014012300100492,2014년 1월 23일 19시,목요일,울산광역시 동구 전하동,경상사고,0,0,1,0,차대차 - 기타,안전운전불이행,건조,맑음,단일로 - 기타,승용,남,45세,상해없음,이륜,남,23세,경상
2014012300100598,2014년 1월 23일 22시,목요일,울산광역시 동구 서부동,중상사고,0,1,0,0,차량단독 - 공작물충돌,안전운전불이행,건조,맑음,단일로 - 기타,원동기,남,25세,중상,,,,
2014012300100621,2014년 1월 23일 23시,목요일,울산광역시 동구 전하동,경상사고,0,0,1,0,차대차 - 측면직각충돌,교차로운행방법위반,건조,맑음,교차로 - 교차로안,승용,남,46세,상해없음,승용,남,29세,상해없음
2014012400100063,2014년 1월 24일 02시,금요일,울산광역시 남구 삼산동,경상사고,0,0,1,0,차대차 - 기타,안전운전불이행,기타,기타,교차로 - 교차로부근,승용,남,45세,상해없음,승용,남,54세,경상
2014012400100076,2014년 1월 24일 03시,금요일,울산광역시 남구 신정동,경상사고,0,0,1,0,차대차 - 기타,안전운전불이행,건조,맑음,단일로 - 기타,승용,여,33세,상해없음,승용,남,50세,경상
2014012400100214,2014년 1월 24일 10시,금요일,울산광역시 중구 반구동,사망사고,1,0,0,0,차대사람 - 기타,안전운전불이행,건조,맑음,단일로 - 기타,특수,남,61세,상해없음,보행자,남,74세,사망
2014012400100255,2014년 1월 24일 12시,금요일,울산광역시 동구 방어동,중상사고,0,1,0,0,차대사람 - 기타,안전운전불이행,건조,맑음,단일로 - 기타,화물,남,65세,상해없음,보행자,남,67세,중상
2014012400100593,2014년 1월 24일 21시,금요일,울산광역시 울주군 온양읍,경상사고,0,0,1,0,차대사람 - 기타,안전운전불이행,건조,맑음,단일로 - 기타,승용,남,28세,상해없음,보행자,남,39세,경상
2014012400100678,2014년 1월 24일 23시,금요일,울산광역시 남구 달동,경상사고,0,0,1,0,차대사람 - 기타,안전운전불이행,건조,맑음,단일로 - 기타,승용,남,23세,상해없음,보행자,남,24세,경상
2014012400100679,2014년 1월 24일 23시,금요일,울산광역시 동구 서부동,경상사고,0,0,1,0,차대차 - 추돌 - 주정차중,안전운전불이행,건조,맑음,교차로 - 교차로부근,승용,여,21세,상해없음,승용,남,31세,경상
2014012500100052,2014년 1월 25일 01시,토요일,울산광역시 남구 삼산동,중상사고,0,1,1,0,차대차 - 추돌 - 주정차중,안전거리미확보,건조,맑음,교차로 - 교차로부근,승용,남,23세,상해없음,승용,남,63세,경상
2014012500100073,2014년 1월 25일 02시,토요일,울산광역시 동구 방어동,경상사고,0,0,3,0,차대차 - 측면직각충돌,과속,건조,맑음,단일로 - 기타,승용,남,48세,경상,승용,남,24세,경상
2014012500100108,2014년 1월 25일 04시,토요일,울산광역시 남구 달동,경상사고,0,0,1,0,차대사람 - 기타,안전운전불이행,건조,맑음,교차로 - 교차로안,승용,남,19세,상해없음,보행자,여,27세,경상
2014012500100144,2014년 1월 25일 06시,토요일,울산광역시 남구 신정동,경상사고,0,0,1,0,차대차 - 측면직각충돌,교차로운행방법위반,건조,맑음,교차로 - 교차로안,승용,남,26세,상해없음,승용,남,57세,경상
2014012500100341,2014년 1월 25일 14시,토요일,울산광역시 북구 명촌동,경상사고,0,0,1,0,차대차 - 정면충돌,중앙선침범,건조,맑음,단일로 - 기타,승용,여,45세,상해없음,승용,남,33세,경상
2014012500100365,2014년 1월 25일 15시,토요일,울산광역시 울주군 서생면,중상사고,0,1,0,0,차대차 - 기타,안전거리미확보,건조,맑음,교차로 - 교차로안,자전거,남,63세,중상,화물,남,55세,상해없음
2014012500100460,2014년 1월 25일 18시,토요일,울산광역시 중구 성안동,부상신고사고,0,0,0,1,차대차 - 측면직각충돌,중앙선침범,건조,맑음,단일로 - 기타,이륜,남,25세,부상신고,승용,여,22세,상해없음
2014012500100494,2014년 1월 25일 19시,토요일,울산광역시 중구 유곡동,경상사고,0,0,1,0,차대차 - 기타,안전운전불이행,건조,맑음,단일로 - 기타,기타불명,기타불명,기타불명,기타불명,승용,남,28세,경상
2014012500100556,2014년 1월 25일 21시,토요일,울산광역시 북구 송정동,경상사고,0,0,1,0,차대차 - 추돌 - 진행중,안전운전불이행,건조,맑음,교차로 - 교차로부근,승용,남,33세,상해없음,승용,남,45세,경상
2014012500100557,2014년 1월 25일 21시,토요일,울산광역시 동구 방어동,중상사고,0,1,0,0,차대사람 - 횡단중,안전운전불이행,건조,맑음,교차로 - 교차로부근,이륜,남,44세,상해없음,보행자,남,45세,중상
2014012500100558,2014년 1월 25일 21시,토요일,울산광역시 동구 화정동,경상사고,0,0,1,0,차대차 - 기타,안전거리미확보,건조,맑음,단일로 - 기타,이륜,남,21세,상해없음,이륜,남,45세,경상
2014012600100019,2014년 1월 26일 00시,일요일,울산광역시 남구 두왕동,경상사고,0,0,3,0,차대차 - 기타,안전거리미확보,건조,맑음,교차로 - 교차로부근,승용,남,37세,상해없음,승용,남,23세,경상
2014012600100046,2014년 1월 26일 03시,일요일,울산광역시 남구 삼산동,사망사고,1,0,0,0,차대사람 - 기타,안전운전불이행,건조,맑음,단일로 - 기타,승용,남,25세,상해없음,보행자,남,74세,사망
2014012600100068,2014년 1월 26일 05시,일요일,울산광역시 남구 달동,중상사고,0,1,0,0,차대사람 - 횡단중,안전운전불이행,건조,맑음,단일로 - 기타,승용,남,47세,상해없음,보행자,남,21세,중상
2014012600100069,2014년 1월 26일 05시,일요일,울산광역시 남구 달동,중상사고,0,1,0,0,차대차 - 기타,안전운전불이행,건조,맑음,교차로 - 교차로안,승용,남,61세,상해없음,자전거,남,37세,중상
2014012600100117,2014년 1월 26일 08시,일요일,울산광역시 북구 명촌동,사망사고,1,0,0,0,차대사람 - 기타,안전운전불이행,건조,맑음,단일로 - 기타,승용,남,31세,상해없음,보행자,남,30세,사망
2014012600100192,2014년 1월 26일 12시,일요일,울산광역시 북구 화봉동,경상사고,0,0,2,0,차대차 - 기타,안전운전불이행,건조,맑음,단일로 - 기타,승용,남,22세,상해없음,화물,여,35세,경상
2014012600100193,2014년 1월 26일 12시,일요일,울산광역시 중구 복산동,부상신고사고,0,0,0,1,차대차 - 기타,안전운전불이행,건조,맑음,단일로 - 기타,원동기,남,61세,부상신고,화물,남,49세,상해없음
2014012600100225,2014년 1월 26일 13시,일요일,울산광역시 북구 연암동,경상사고,0,0,1,0,차대차 - 추돌 - 진행중,안전운전불이행,건조,맑음,단일로 - 기타,승용,남,37세,상해없음,승용,여,50세,상해없음
2014012600100226,2014년 1월 26일 13시,일요일,울산광역시 남구 달동,경상사고,0,0,2,0,차대차 - 추돌 - 주정차중,안전운전불이행,건조,맑음,단일로 - 기타,승용,여,59세,상해없음,승용,남,27세,경상
2014012600100242,2014년 1월 26일 14시,일요일,울산광역시 북구 연암동,경상사고,0,0,3,0,차대차 - 측면직각충돌,안전운전불이행,건조,맑음,단일로 - 기타,승용,남,49세,상해없음,승용,남,42세,경상
2014012600100317,2014년 1월 26일 17시,일요일,울산광역시 남구 야음동,경상사고,0,0,2,0,차대차 - 추돌 - 주정차중,안전거리미확보,건조,맑음,교차로 - 교차로부근,승용,남,39세,상해없음,승용,남,34세,경상
2014012600100343,2014년 1월 26일 18시,일요일,울산광역시 남구 야음동,경상사고,0,0,2,0,차대차 - 기타,안전운전불이행,건조,맑음,교차로 - 교차로부근,승용,남,51세,상해없음,승용,남,39세,상해없음
2014012600100344,2014년 1월 26일 18시,일요일,울산광역시 북구 염포동,중상사고,0,1,0,0,차대차 - 측면직각충돌,안전거리미확보,건조,맑음,단일로 - 기타,승용,남,50세,상해없음,승용,남,48세,중상
2014012600100406,2014년 1월 26일 21시,일요일,울산광역시 북구 진장동,부상신고사고,0,0,0,1,차대차 - 측면직각충돌,신호위반,건조,맑음,교차로 - 교차로안,기타불명,기타불명,기타불명,기타불명,승용,여,36세,부상신고
2014012600100423,2014년 1월 26일 22시,일요일,울산광역시 북구 신천동,경상사고,0,0,2,0,차대차 - 측면직각충돌,안전운전불이행,건조,맑음,단일로 - 기타,승용,남,48세,상해없음,승용,남,46세,경상
2014012700100091,2014년 1월 27일 07시,월요일,울산광역시 동구 화정동,경상사고,0,0,2,0,차대차 - 기타,안전운전불이행,건조,맑음,기타 - 기타,기타불명,기타불명,기타불명,기타불명,이륜,남,33세,경상
2014012700100118,2014년 1월 27일 08시,월요일,울산광역시 울주군 온산읍,중상사고,0,1,0,0,차대차 - 측면직각충돌,안전운전불이행,건조,맑음,단일로 - 기타,승용,남,43세,상해없음,원동기,남,35세,중상
2014012700100147,2014년 1월 27일 09시,월요일,울산광역시 중구 교동,중상사고,0,1,0,0,차대사람 - 횡단중,보행자보호의무위반,건조,맑음,단일로 - 횡단보도상,승용,남,61세,상해없음,보행자,여,61세,중상
2014012700100148,2014년 1월 27일 09시,월요일,울산광역시 남구 신정동,경상사고,0,0,1,0,차대차 - 측면직각충돌,안전운전불이행,건조,맑음,교차로 - 교차로안,승용,여,47세,상해없음,자전거,남,67세,경상
2014012700100149,2014년 1월 27일 09시,월요일,울산광역시 동구 서부동,중상사고,0,1,0,0,차대사람 - 기타,안전운전불이행,건조,맑음,단일로 - 기타,승용,여,57세,상해없음,보행자,남,81세,중상
2014012700100196,2014년 1월 27일 11시,월요일,울산광역시 동구 전하동,경상사고,0,0,1,0,차대차 - 측면직각충돌,교차로운행방법위반,건조,맑음,교차로 - 교차로안,승용,여,44세,상해없음,승용,남,44세,상해없음
2014012700100261,2014년 1월 27일 13시,월요일,울산광역시 울주군 삼남면,중상사고,0,1,0,0,차대사람 - 기타,안전운전불이행,건조,맑음,단일로 - 기타,승합,남,37세,상해없음,보행자,여,76세,중상
2014012700100293,2014년 1월 27일 14시,월요일,울산광역시 중구 태화동,경상사고,0,0,1,0,차대차 - 측면직각충돌,직진우회전진행방해,건조,맑음,교차로 - 교차로안,승용,남,62세,상해없음,승용,여,62세,경상
2014012700100390,2014년 1월 27일 17시,월요일,울산광역시 남구 신정동,경상사고,0,0,1,0,차대차 - 추돌 - 진행중,안전운전불이행,건조,맑음,단일로 - 기타,승용,남,57세,상해없음,승합,여,45세,경상
2014012700100422,2014년 1월 27일 18시,월요일,울산광역시 북구 진장동,경상사고,0,0,1,0,차대차 - 기타,안전거리미확보,건조,맑음,단일로 - 기타,승용,남,36세,경상,화물,남,22세,상해없음
2014012700100423,2014년 1월 27일 18시,월요일,울산광역시 동구 전하동,중상사고,0,1,0,0,차대차 - 기타,교차로운행방법위반,건조,맑음,교차로 - 교차로안,이륜,남,33세,중상,승용,남,64세,상해없음
2014012700100424,2014년 1월 27일 18시,월요일,울산광역시 북구 염포동,경상사고,0,0,1,0,차대차 - 추돌 - 진행중,안전운전불이행,건조,맑음,단일로 - 기타,화물,남,53세,상해없음,승용,남,58세,경상
2014012700100425,2014년 1월 27일 18시,월요일,울산광역시 동구 전하동,경상사고,0,0,1,0,차대사람 - 기타,보행자보호의무위반,건조,맑음,교차로 - 교차로부근,승용,여,42세,상해없음,보행자,여,47세,경상
2014012700100487,2014년 1월 27일 20시,월요일,울산광역시 북구 효문동,경상사고,0,0,1,0,차대차 - 기타,안전거리미확보,건조,맑음,미분류 - 미분류,원동기,남,18세,경상,화물,남,39세,상해없음
2014012700100488,2014년 1월 27일 20시,월요일,울산광역시 중구 남외동,중상사고,0,1,2,0,차대차 - 추돌 - 주정차중,안전운전불이행,건조,맑음,단일로 - 기타,승용,남,34세,상해없음,승용,남,53세,중상
2014012700100489,2014년 1월 27일 20시,월요일,울산광역시 남구 삼산동,중상사고,0,1,0,0,차대사람 - 횡단중,보행자보호의무위반,건조,맑음,단일로 - 횡단보도상,승용,남,33세,상해없음,보행자,남,22세,중상
2014012700100526,2014년 1월 27일 21시,월요일,울산광역시 남구 야음동,중상사고,0,1,0,0,차대사람 - 횡단중,안전운전불이행,건조,맑음,단일로 - 기타,화물,남,41세,상해없음,보행자,남,44세,중상
2014012700100527,2014년 1월 27일 21시,월요일,울산광역시 울주군 온산읍,경상사고,0,0,2,0,차대차 - 추돌 - 주정차중,안전운전불이행,건조,맑음,교차로 - 교차로부근,승용,남,45세,상해없음,승용,남,36세,경상
2014012700100551,2014년 1월 27일 22시,월요일,울산광역시 남구 신정동,경상사고,0,0,1,0,차대사람 - 기타,안전운전불이행,건조,맑음,단일로 - 기타,승용,남,41세,상해없음,보행자,남,16세,경상
2014012700100552,2014년 1월 27일 22시,월요일,울산광역시 울주군 서생면,중상사고,0,1,1,0,차대차 - 측면직각충돌,안전운전불이행,건조,맑음,단일로 - 기타,승용,여,44세,상해없음,승용,남,41세,경상
2014012800100040,2014년 1월 28일 02시,화요일,울산광역시 남구 삼산동,경상사고,0,0,2,0,차대차 - 기타,안전거리미확보,건조,맑음,단일로 - 기타,승용,여,33세,상해없음,특수,남,39세,경상
2014012800100055,2014년 1월 28일 03시,화요일,울산광역시 남구 무거동,경상사고,0,0,1,0,차대차 - 측면직각충돌,중앙선침범,건조,맑음,교차로 - 교차로안,화물,기타불명,기타불명,기타불명,화물,남,49세,경상
2014012800100083,2014년 1월 28일 05시,화요일,울산광역시 북구 양정동,경상사고,0,0,2,0,차대사람 - 기타,신호위반,건조,맑음,교차로 - 교차로부근,승용,남,72세,상해없음,보행자,남,51세,경상
2014012800100255,2014년 1월 28일 09시,화요일,울산광역시 남구 삼산동,경상사고,0,0,1,0,차대차 - 기타,신호위반,건조,맑음,교차로 - 교차로안,이륜,남,31세,상해없음,자전거,여,53세,경상
2014012800100639,2014년 1월 28일 20시,화요일,울산광역시 남구 달동,경상사고,0,0,2,0,차대차 - 추돌 - 진행중,안전운전불이행,건조,맑음,교차로 - 교차로부근,승용,남,59세,경상,승용,남,30세,경상
2014012800100661,2014년 1월 28일 21시,화요일,울산광역시 북구 호계동,경상사고,0,0,6,0,차대차 - 측면직각충돌,안전거리미확보,건조,맑음,단일로 - 기타,승용,여,47세,경상,승용,남,43세,경상
2014012800100662,2014년 1월 28일 21시,화요일,울산광역시 울주군 서생면,경상사고,0,0,2,1,차대차 - 추돌 - 진행중,안전운전불이행,건조,맑음,단일로 - 기타,승합,남,49세,상해없음,화물,여,50세,부상신고
2014012800100663,2014년 1월 28일 21시,화요일,울산광역시 울주군 온양읍,경상사고,0,0,1,0,차대차 - 추돌 - 진행중,안전운전불이행,건조,맑음,단일로 - 기타,승용,남,36세,상해없음,승용,남,29세,경상
2014012800100688,2014년 1월 28일 22시,화요일,울산광역시 남구 삼산동,사망사고,1,0,0,0,차대사람 - 횡단중,안전운전불이행,건조,맑음,단일로 - 횡단보도상,승용,남,38세,상해없음,보행자,여,48세,사망
2014012800100728,2014년 1월 28일 23시,화요일,울산광역시 남구 무거동,경상사고,0,0,1,0,차대사람 - 기타,안전운전불이행,기타,기타,기타 - 기타,이륜,남,45세,상해없음,보행자,남,48세,경상
2014012800100729,2014년 1월 28일 23시,화요일,울산광역시 울주군 온양읍,경상사고,0,0,1,0,차대차 - 추돌 - 주정차중,안전운전불이행,건조,맑음,교차로 - 교차로부근,승용,남,44세,상해없음,승용,여,48세,경상
2014012900100029,2014년 1월 29일 00시,수요일,울산광역시 중구 반구동,경상사고,0,0,3,0,차대차 - 측면직각충돌,중앙선침범,건조,맑음,단일로 - 기타,승용,남,46세,상해없음,승용,남,22세,경상
2014012900100094,2014년 1월 29일 06시,수요일,울산광역시 중구 학성동,중상사고,0,2,1,0,차대차 - 측면직각충돌,신호위반,건조,맑음,교차로 - 교차로안,승용,남,23세,중상,승용,남,26세,중상
2014012900100095,2014년 1월 29일 06시,수요일,울산광역시 북구 송정동,중상사고,0,1,1,0,차대차 - 추돌 - 주정차중,안전운전불이행,건조,맑음,단일로 - 기타,화물,남,50세,상해없음,화물,남,39세,중상
2014012900100153,2014년 1월 29일 08시,수요일,울산광역시 남구 야음동,경상사고,0,0,1,0,차대차 - 추돌 - 진행중,안전거리미확보,건조,맑음,교차로 - 교차로부근,승용,남,38세,상해없음,승합,남,56세,경상
2014012900100380,2014년 1월 29일 16시,수요일,울산광역시 남구 신정동,경상사고,0,0,3,0,차대차 - 추돌 - 주정차중,안전거리미확보,건조,맑음,교차로 - 교차로부근,승용,남,40세,상해없음,승용,남,24세,상해없음
2014012900100381,2014년 1월 29일 16시,수요일,울산광역시 울주군 청량면,부상신고사고,0,0,0,1,차대사람 - 기타,안전운전불이행,건조,맑음,단일로 - 기타,승용,여,24세,상해없음,보행자,남,48세,부상신고
2014012900100459,2014년 1월 29일 18시,수요일,울산광역시 울주군 서생면,경상사고,0,0,2,1,차량단독 - 공작물충돌,안전운전불이행,건조,맑음,단일로 - 기타,승용,남,46세,부상신고,,,,
2014012900100495,2014년 1월 29일 19시,수요일,울산광역시 남구 신정동,경상사고,0,0,4,0,차대차 - 추돌 - 주정차중,안전운전불이행,건조,맑음,교차로 - 교차로부근,승용,남,52세,상해없음,승용,여,52세,경상
2014012900100496,2014년 1월 29일 19시,수요일,울산광역시 동구 화정동,경상사고,0,0,1,0,차대차 - 추돌 - 진행중,중앙선침범,건조,맑음,단일로 - 기타,승용,남,31세,상해없음,승용,남,47세,경상
2014012900100580,2014년 1월 29일 22시,수요일,울산광역시 남구 달동,경상사고,0,0,1,0,차대사람 - 기타,안전운전불이행,건조,맑음,단일로 - 기타,승용,여,42세,상해없음,보행자,남,26세,경상
2014013000100055,2014년 1월 30일 01시,목요일,울산광역시 남구 무거동,경상사고,0,0,1,0,차대사람 - 차도통행중,안전운전불이행,건조,맑음,교차로 - 교차로안,승용,남,32세,상해없음,보행자,남,29세,경상
2014013000100129,2014년 1월 30일 06시,목요일,울산광역시 남구 무거동,중상사고,0,1,0,0,차량단독 - 기타,안전운전불이행,건조,맑음,단일로 - 기타,승용,남,23세,중상,,,,
2014013000100130,2014년 1월 30일 06시,목요일,울산광역시 남구 신정동,경상사고,0,0,1,0,차대사람 - 횡단중,보행자보호의무위반,건조,맑음,교차로 - 교차로안,승용,남,61세,상해없음,보행자,남,24세,경상
2014013000100151,2014년 1월 30일 08시,목요일,울산광역시 중구 복산동,경상사고,0,0,1,0,차대사람 - 길가장자리구역통행중,안전운전불이행,건조,맑음,단일로 - 기타,화물,남,43세,상해없음,보행자,남,46세,경상
2014013000100201,2014년 1월 30일 11시,목요일,울산광역시 중구 남외동,중상사고,0,1,0,0,차대차 - 측면직각충돌,안전운전불이행,건조,맑음,교차로 - 교차로안,승용,남,32세,상해없음,이륜,남,73세,중상
2014013000100346,2014년 1월 30일 18시,목요일,울산광역시 울주군 언양읍,경상사고,0,0,1,0,차대차 - 기타,안전운전불이행,건조,맑음,단일로 - 기타,화물,남,60세,상해없음,승용,여,49세,경상
2014013000100423,2014년 1월 30일 22시,목요일,울산광역시 남구 신정동,중상사고,0,1,0,0,차대차 - 기타,중앙선침범,건조,맑음,단일로 - 기타,승용,남,42세,상해없음,승용,남,29세,중상
2014013100100050,2014년 1월 31일 04시,금요일,울산광역시 울주군 상북면,사망사고,1,0,0,0,차량단독 - 기타,안전운전불이행,건조,맑음,단일로 - 기타,이륜,남,35세,사망,,,,
2014013100100248,2014년 1월 31일 17시,금요일,울산광역시 울주군 삼남면,중상사고,0,2,0,0,차량단독 - 공작물충돌,안전운전불이행,건조,맑음,단일로 - 기타,화물,남,47세,상해없음,,,,
2014013100100331,2014년 1월 31일 22시,금요일,울산광역시 남구 신정동,중상사고,0,1,0,0,차대차 - 기타,안전거리미확보,건조,맑음,단일로 - 횡단보도부근,승용,남,30세,상해없음,이륜,남,19세,중상
2014020100100009,2014년 2월 1일 00시,토요일,울산광역시 북구 상안동,경상사고,0,0,1,0,차대차 - 측면직각충돌,신호위반,건조,맑음,교차로 - 교차로안,승용,남,29세,상해없음,승용,여,23세,경상
2014020100100035,2014년 2월 1일 04시,토요일,울산광역시 남구 부곡동,경상사고,0,0,1,0,차량단독 - 공작물충돌,안전운전불이행,건조,맑음,교차로 - 교차로부근,승용,남,33세,상해없음,,,,
2014020100100036,2014년 2월 1일 04시,토요일,울산광역시 남구 달동,중상사고,0,1,0,0,차대사람 - 횡단중,안전운전불이행,건조,맑음,단일로 - 기타,승용,남,60세,상해없음,보행자,남,28세,중상
2014020100100048,2014년 2월 1일 05시,토요일,울산광역시 남구 삼산동,경상사고,0,0,4,0,차대차 - 추돌 - 주정차중,안전운전불이행,건조,맑음,단일로 - 기타,승용,남,45세,상해없음,승용,남,36세,경상
2014020100100054,2014년 2월 1일 06시,토요일,울산광역시 남구 삼산동,중상사고,0,1,0,0,차대사람 - 길가장자리구역통행중,안전운전불이행,건조,맑음,단일로 - 기타,승용,남,20세,상해없음,보행자,남,41세,중상
2014020100100055,2014년 2월 1일 06시,토요일,울산광역시 울주군 온산읍,경상사고,0,0,1,1,차대차 - 정면충돌,중앙선침범,건조,맑음,교차로 - 교차로부근,이륜,남,17세,경상,승용,남,64세,상해없음
2014020100100105,2014년 2월 1일 12시,토요일,울산광역시 울주군 청량면,중상사고,0,1,0,0,차대차 - 기타,안전거리미확보,건조,맑음,단일로 - 기타,승용,남,63세,상해없음,승용,여,57세,중상
2014020100100319,2014년 2월 1일 20시,토요일,울산광역시 동구 방어동,경상사고,0,0,1,0,차대사람 - 기타,안전운전불이행,습기,비,교차로 - 교차로안,승용,남,52세,상해없음,보행자,남,60세,경상
2014020100100351,2014년 2월 1일 21시,토요일,울산광역시 남구 무거동,경상사고,0,0,1,0,차대사람 - 기타,안전운전불이행,습기,비,단일로 - 기타,승용,남,43세,상해없음,보행자,남,32세,경상
2014020100100352,2014년 2월 1일 21시,토요일,울산광역시 울주군 온산읍,중상사고,0,1,0,0,차량단독 - 공작물충돌,안전운전불이행,습기,비,교차로 - 교차로안,승용,남,31세,중상,,,,
2014020200100020,2014년 2월 2일 00시,일요일,울산광역시 동구 방어동,중상사고,0,1,1,0,차대차 - 기타,중앙선침범,습기,비,단일로 - 기타,승용,여,50세,상해없음,승용,여,33세,경상
2014020200100033,2014년 2월 2일 01시,일요일,울산광역시 남구 달동,경상사고,0,0,3,1,차대차 - 추돌 - 주정차중,안전운전불이행,습기,흐림,단일로 - 기타,승용,남,24세,상해없음,승용,남,65세,부상신고
2014020200100100,2014년 2월 2일 09시,일요일,울산광역시 북구 진장동,경상사고,0,0,1,0,차대차 - 기타,차로위반,건조,맑음,단일로 - 기타,승용,남,56세,상해없음,승합,남,53세,상해없음
2014020200100244,2014년 2월 2일 17시,일요일,울산광역시 남구 무거동,경상사고,0,0,1,0,차대차 - 측면직각충돌,안전운전불이행,건조,맑음,교차로 - 교차로부근,이륜,남,18세,경상,승용,남,45세,상해없음
2014020200100254,2014년 2월 2일 18시,일요일,울산광역시 울주군 온양읍,경상사고,0,0,3,0,차대차 - 추돌 - 진행중,안전운전불이행,건조,흐림,단일로 - 기타,승용,남,47세,상해없음,승용,남,56세,경상
2014020200100293,2014년 2월 2일 19시,일요일,울산광역시 동구 방어동,중상사고,0,1,0,0,차대차 - 기타,안전거리미확보,건조,맑음,단일로 - 기타,승용,남,21세,상해없음,승용,여,53세,중상
2014020200100362,2014년 2월 2일 23시,일요일,울산광역시 울주군 상북면,중상사고,0,1,0,0,차대사람 - 횡단중,안전운전불이행,건조,맑음,단일로 - 기타,승용,남,29세,상해없음,보행자,남,55세,중상
2014020300100016,2014년 2월 3일 01시,월요일,울산광역시 중구 성남동,경상사고,0,0,4,0,차대차 - 측면직각충돌,안전운전불이행,건조,맑음,교차로 - 교차로안,승용,남,30세,상해없음,승용,남,45세,경상
2014020300100029,2014년 2월 3일 03시,월요일,울산광역시 북구 진장동,중상사고,0,4,0,0,차량단독 - 공작물충돌,과속,건조,맑음,단일로 - 기타,승용,여,25세,중상,,,,
2014020300100049,2014년 2월 3일 06시,월요일,울산광역시 동구 방어동,중상사고,0,1,0,0,차대사람 - 횡단중,신호위반,건조,맑음,단일로 - 횡단보도상,승합,남,66세,상해없음,보행자,여,65세,중상
2014020300100146,2014년 2월 3일 11시,월요일,울산광역시 북구 효문동,경상사고,0,0,3,0,차대차 - 측면직각충돌,안전운전불이행,건조,맑음,교차로 - 교차로안,승용,남,27세,상해없음,승용,남,37세,경상
2014020300100147,2014년 2월 3일 11시,월요일,울산광역시 남구 신정동,중상사고,0,1,0,0,차대사람 - 기타,안전운전불이행,건조,맑음,기타 - 기타,승용,여,54세,상해없음,보행자,남,33세,중상
2014020300100180,2014년 2월 3일 12시,월요일,울산광역시 중구 약사동,경상사고,0,0,1,0,차대사람 - 기타,안전운전불이행,건조,맑음,단일로 - 기타,승용,여,29세,상해없음,보행자,남,51세,경상
2014020300100224,2014년 2월 3일 14시,월요일,울산광역시 중구 반구동,중상사고,0,1,0,0,차대차 - 기타,신호위반,건조,맑음,단일로 - 횡단보도상,승용,남,22세,상해없음,자전거,여,63세,중상
2014020300100282,2014년 2월 3일 16시,월요일,울산광역시 울주군 언양읍,경상사고,0,0,1,0,차대차 - 추돌 - 주정차중,안전운전불이행,건조,맑음,단일로 - 기타,승용,여,43세,상해없음,승합,남,31세,상해없음
2014020300100374,2014년 2월 3일 19시,월요일,울산광역시 중구 장현동,경상사고,0,0,3,0,차대차 - 추돌 - 주정차중,안전거리미확보,건조,맑음,교차로 - 교차로부근,승용,여,50세,상해없음,승용,남,38세,경상
2014020300100375,2014년 2월 3일 19시,월요일,울산광역시 동구 일산동,경상사고,0,0,1,0,차대사람 - 보도통행중,보행자보호의무위반,건조,맑음,단일로 - 기타,이륜,남,19세,상해없음,보행자,남,51세,경상
2014020300100405,2014년 2월 3일 20시,월요일,울산광역시 동구 동부동,경상사고,0,0,1,0,차대차 - 측면직각충돌,중앙선침범,건조,맑음,단일로 - 기타,이륜,남,44세,상해없음,이륜,남,25세,경상
2014020400100041,2014년 2월 4일 03시,화요일,울산광역시 울주군 청량면,부상신고사고,0,0,0,1,차량단독 - 공작물충돌,안전운전불이행,건조,맑음,단일로 - 기타,승용,남,22세,부상신고,,,,
2014020400100135,2014년 2월 4일 09시,화요일,울산광역시 남구 달동,경상사고,0,0,1,1,차대차 - 측면직각충돌,신호위반,건조,맑음,교차로 - 교차로안,승용,여,61세,부상신고,승용,여,41세,경상
2014020400100136,2014년 2월 4일 09시,화요일,울산광역시 남구 무거동,경상사고,0,0,2,0,차대차 - 측면직각충돌,신호위반,건조,맑음,교차로 - 교차로안,승용,남,59세,상해없음,화물,남,43세,경상
2014020400100137,2014년 2월 4일 09시,화요일,울산광역시 남구 신정동,중상사고,0,1,0,0,차대사람 - 횡단중,안전운전불이행,건조,맑음,단일로 - 기타,승용,여,60세,상해없음,보행자,여,51세,중상
2014020400100162,2014년 2월 4일 10시,화요일,울산광역시 남구 달동,경상사고,0,0,1,0,차대차 - 측면직각충돌,신호위반,건조,맑음,교차로 - 교차로부근,자전거,남,77세,경상,승용,남,58세,상해없음
2014020400100220,2014년 2월 4일 13시,화요일,울산광역시 남구 옥동,부상신고사고,0,0,0,1,차대사람 - 기타,기타,건조,맑음,교차로 - 교차로부근,승용,남,48세,상해없음,보행자,남,64세,부상신고
2014020400100408,2014년 2월 4일 20시,화요일,울산광역시 중구 복산동,경상사고,0,0,1,0,차량단독 - 공작물충돌,안전운전불이행,건조,맑음,교차로 - 교차로안,승용,여,57세,경상,,,,