사고번호,사고일시,요일,시군구,사고내용,사망자수,중상자수,경상자수,부상신고자수,사고유형,법규위반,노면상태,기상상태,도로형태,가해운전자 차종,가해운전자 성별,가해운전자 연령,가해운전자 상해정도,피해운전자 차종,피해운전자 성별,피해운전자 연령,피해운전자 상해정도
2014020400100409,2014년 2월 4일 20시,화요일,울산광역시 남구 부곡동,경상사고,0,0,1,0,차대차 - 기타,안전운전불이행,건조,맑음,교차로 - 교차로부근,승용,남,45세,상해없음,승용,남,35세,경상
2014020400100455,2014년 2월 4일 22시,화요일,울산광역시 중구 유곡동,중상사고,0,2,0,0,차대사람 - 횡단중,안전운전불이행,건조,맑음,교차로 - 교차로안,승용,남,44세,상해없음,보행자,남,44세,중상
2014020400100468,2014년 2월 4일 23시,화요일,울산광역시 남구 신정동,경상사고,0,0,2,0,차대차 - 기타,안전거리미확보,건조,맑음,교차로 - 교차로부근,승용,남,63세,상해없음,승용,여,42세,경상
2014020500100096,2014년 2월 5일 08시,수요일,울산광역시 중구 우정동,경상사고,0,0,1,0,차대차 - 기타,안전운전불이행,건조,맑음,교차로 - 교차로부근,승용,남,57세,상해없음,승용,여,32세,경상
2014020500100097,2014년 2월 5일 08시,수요일,울산광역시 남구 달동,경상사고,0,0,2,0,차대차 - 기타,안전운전불이행,건조,맑음,단일로 - 기타,승용,남,27세,상해없음,승용,남,52세,기타불명
2014020500100150,2014년 2월 5일 12시,수요일,울산광역시 남구 삼산동,경상사고,0,0,1,0,차대차 - 기타,안전운전불이행,건조,맑음,단일로 - 기타,이륜,남,23세,상해없음,승용,여,39세,경상
2014020500100178,2014년 2월 5일 13시,수요일,울산광역시 울주군 서생면,경상사고,0,0,1,0,차량단독 - 전도전복,안전운전불이행,건조,맑음,단일로 - 기타,특수,남,49세,경상,,,,
2014020500100253,2014년 2월 5일 16시,수요일,울산광역시 울주군 온산읍,중상사고,0,1,0,1,차량단독 - 공작물충돌,안전운전불이행,건조,맑음,교차로 - 교차로부근,이륜,남,16세,부상신고,,,,
2014020500100273,2014년 2월 5일 17시,수요일,울산광역시 남구 달동,경상사고,0,0,2,0,차대차 - 측면직각충돌,안전거리미확보,건조,맑음,단일로 - 기타,승용,남,34세,상해없음,승용,여,23세,경상
2014020500100373,2014년 2월 5일 21시,수요일,울산광역시 남구 신정동,경상사고,0,0,1,0,차대차 - 추돌 - 주정차중,안전운전불이행,건조,맑음,단일로 - 기타,화물,남,58세,상해없음,승용,남,48세,경상
2014020500100374,2014년 2월 5일 21시,수요일,울산광역시 동구 화정동,중상사고,0,1,2,0,차대차 - 측면직각충돌,중앙선침범,건조,맑음,단일로 - 기타,승용,남,70세,상해없음,이륜,남,16세,중상
2014020500100399,2014년 2월 5일 22시,수요일,울산광역시 남구 삼산동,경상사고,0,0,2,0,차대차 - 측면직각충돌,교차로운행방법위반,건조,맑음,교차로 - 교차로안,승용,여,38세,상해없음,승용,남,62세,경상
2014020600100015,2014년 2월 6일 00시,목요일,울산광역시 울주군 온산읍,경상사고,0,0,1,0,차대차 - 추돌 - 주정차중,안전거리미확보,건조,맑음,교차로 - 교차로부근,승용,남,52세,상해없음,승용,남,46세,경상
2014020600100025,2014년 2월 6일 01시,목요일,울산광역시 남구 삼산동,중상사고,0,1,1,0,차대차 - 측면직각충돌,안전운전불이행,건조,맑음,교차로 - 교차로안,승용,남,55세,상해없음,승용,남,51세,중상
2014020600100032,2014년 2월 6일 02시,목요일,울산광역시 북구 호계동,중상사고,0,1,1,1,차대차 - 추돌 - 주정차중,안전운전불이행,건조,맑음,단일로 - 기타,승용,남,28세,부상신고,승용,남,47세,경상
2014020600100075,2014년 2월 6일 06시,목요일,울산광역시 남구 매암동,중상사고,0,2,0,0,차대차 - 추돌 - 진행중,신호위반,건조,맑음,교차로 - 교차로안,승용,여,54세,상해없음,승용,남,56세,중상
2014020600100165,2014년 2월 6일 10시,목요일,울산광역시 중구 남외동,경상사고,0,0,1,0,차대차 - 기타,안전운전불이행,건조,맑음,교차로 - 교차로안,승용,여,63세,상해없음,이륜,남,63세,경상
2014020600100227,2014년 2월 6일 13시,목요일,울산광역시 남구 야음동,경상사고,0,0,1,0,차대차 - 기타,안전거리미확보,건조,맑음,단일로 - 기타,화물,남,40세,상해없음,승용,남,67세,경상
2014020600100349,2014년 2월 6일 18시,목요일,울산광역시 남구 신정동,경상사고,0,0,2,0,차대차 - 기타,안전운전불이행,기타,기타,단일로 - 기타,승용,남,54세,상해없음,승용,남,62세,경상
2014020600100350,2014년 2월 6일 18시,목요일,울산광역시 동구 일산동,중상사고,0,1,0,0,차대차 - 측면직각충돌,안전운전불이행,건조,맑음,교차로 - 교차로부근,승용,남,57세,상해없음,이륜,남,29세,중상
2014020600100378,2014년 2월 6일 19시,목요일,울산광역시 북구 화봉동,경상사고,0,0,1,0,차대차 - 기타,신호위반,건조,흐림,단일로 - 기타,승용,남,51세,상해없음,화물,남,41세,상해없음
2014020600100393,2014년 2월 6일 20시,목요일,울산광역시 북구 양정동,중상사고,0,1,0,0,차대차 - 측면직각충돌,안전거리미확보,건조,맑음,교차로 - 교차로부근,승용,남,69세,상해없음,이륜,남,48세,중상
2014020600100417,2014년 2월 6일 21시,목요일,울산광역시 남구 신정동,경상사고,0,0,1,0,차대사람 - 보도통행중,안전운전불이행,습기,흐림,단일로 - 기타,승용,남,36세,상해없음,보행자,여,23세,경상
2014020600100438,2014년 2월 6일 22시,목요일,울산광역시 북구 진장동,경상사고,0,0,1,0,차대차 - 기타,교차로운행방법위반,건조,맑음,교차로 - 교차로안,승용,남,36세,상해없음,승용,남,52세,경상
2014020700100031,2014년 2월 7일 01시,금요일,울산광역시 남구 야음동,중상사고,0,1,0,1,차대차 - 측면직각충돌,신호위반,건조,맑음,교차로 - 교차로안,승용,여,29세,상해없음,승용,남,29세,중상
2014020700100044,2014년 2월 7일 04시,금요일,울산광역시 남구 달동,경상사고,0,0,1,0,차대사람 - 기타,안전운전불이행,건조,맑음,교차로 - 교차로안,승용,남,65세,상해없음,보행자,남,75세,경상
2014020700100051,2014년 2월 7일 05시,금요일,울산광역시 북구 상안동,경상사고,0,0,1,0,차대차 - 측면직각충돌,신호위반,건조,맑음,교차로 - 교차로안,승용,남,30세,상해없음,승용,남,65세,경상
2014020700100064,2014년 2월 7일 06시,금요일,울산광역시 중구 복산동,중상사고,0,1,0,0,차대차 - 기타,안전거리미확보,건조,맑음,단일로 - 기타,승용,남,54세,상해없음,원동기,남,57세,중상
2014020700100087,2014년 2월 7일 07시,금요일,울산광역시 남구 무거동,중상사고,0,1,1,0,차대차 - 기타,안전거리미확보,건조,맑음,단일로 - 기타,승용,남,57세,상해없음,승용,남,32세,중상
2014020700100146,2014년 2월 7일 10시,금요일,울산광역시 남구 신정동,경상사고,0,0,1,0,차대차 - 추돌 - 주정차중,안전운전불이행,습기,흐림,단일로 - 기타,승용,남,23세,상해없음,승용,여,45세,경상
2014020700100170,2014년 2월 7일 11시,금요일,울산광역시 중구 다운동,중상사고,0,1,0,0,차대차 - 기타,안전운전불이행,습기,비,단일로 - 기타,화물,남,46세,상해없음,승용,남,53세,중상
2014020700100242,2014년 2월 7일 14시,금요일,울산광역시 남구 여천동,경상사고,0,0,2,0,차대차 - 측면직각충돌,신호위반,습기,비,교차로 - 교차로안,승용,남,52세,상해없음,승용,남,35세,경상
2014020700100273,2014년 2월 7일 15시,금요일,울산광역시 중구 유곡동,경상사고,0,0,1,0,차대사람 - 기타,안전운전불이행,습기,비,단일로 - 기타,승용,남,63세,상해없음,보행자,여,41세,경상
2014020700100274,2014년 2월 7일 15시,금요일,울산광역시 울주군 삼남면,중상사고,0,1,0,0,차대사람 - 횡단중,보행자보호의무위반,습기,비,교차로 - 교차로안,승용,남,69세,상해없음,보행자,남,78세,중상
2014020700100286,2014년 2월 7일 16시,금요일,울산광역시 울주군 온산읍,경상사고,0,0,1,0,차대차 - 기타,안전운전불이행,습기,비,교차로 - 교차로안,승용,남,38세,상해없음,이륜,여,46세,경상
2014020700100400,2014년 2월 7일 19시,금요일,울산광역시 중구 복산동,중상사고,0,1,0,0,차대사람 - 횡단중,신호위반,습기,비,교차로 - 교차로안,이륜,남,23세,상해없음,보행자,여,57세,중상
2014020700100432,2014년 2월 7일 20시,금요일,울산광역시 남구 상개동,중상사고,0,1,0,0,차대사람 - 횡단중,안전운전불이행,습기,비,단일로 - 기타,승용,남,47세,상해없음,보행자,남,42세,중상
2014020700100433,2014년 2월 7일 20시,금요일,울산광역시 남구 신정동,경상사고,0,0,2,0,차대차 - 측면직각충돌,교차로운행방법위반,습기,비,교차로 - 교차로안,승용,여,47세,경상,승용,남,51세,경상
2014020700100468,2014년 2월 7일 21시,금요일,울산광역시 남구 신정동,중상사고,0,1,0,0,차대사람 - 기타,안전운전불이행,습기,비,교차로 - 교차로부근,승용,여,29세,상해없음,보행자,남,17세,중상
2014020700100469,2014년 2월 7일 21시,금요일,울산광역시 울주군 온산읍,경상사고,0,0,1,0,차대차 - 추돌 - 진행중,중앙선침범,습기,비,단일로 - 기타,승용,남,56세,상해없음,승용,남,29세,경상
2014020700100506,2014년 2월 7일 22시,금요일,울산광역시 중구 복산동,중상사고,0,1,0,0,차대사람 - 횡단중,보행자보호의무위반,습기,비,단일로 - 횡단보도상,승용,여,46세,상해없음,보행자,남,61세,중상
2014020700100507,2014년 2월 7일 22시,금요일,울산광역시 남구 달동,중상사고,0,1,0,0,차대사람 - 기타,신호위반,습기,비,교차로 - 교차로안,승용,남,29세,상해없음,보행자,남,22세,중상
2014020700100536,2014년 2월 7일 23시,금요일,울산광역시 중구 태화동,경상사고,0,0,1,0,차대사람 - 기타,안전운전불이행,습기,비,교차로 - 교차로안,승용,여,34세,상해없음,보행자,남,40세,경상
2014020700100537,2014년 2월 7일 23시,금요일,울산광역시 북구 매곡동,중상사고,0,1,0,0,차대차 - 정면충돌,안전운전불이행,습기,비,단일로 - 기타,승용,남,50세,상해없음,승용,여,50세,중상
2014020700100538,2014년 2월 7일 23시,금요일,울산광역시 남구 달동,경상사고,0,0,1,0,차대차 - 추돌 - 주정차중,안전운전불이행,습기,비,교차로 - 교차로부근,승용,남,40세,상해없음,승용,남,21세,경상
2014020800100101,2014년 2월 8일 05시,토요일,울산광역시 중구 유곡동,중상사고,0,1,0,0,차대사람 - 횡단중,보행자보호의무위반,습기,비,단일로 - 기타,승용,남,29세,상해없음,보행자,남,56세,중상
2014020800100127,2014년 2월 8일 07시,토요일,울산광역시 북구 화봉동,경상사고,0,0,1,0,차대사람 - 횡단중,안전운전불이행,습기,비,단일로 - 기타,승용,여,38세,상해없음,보행자,여,43세,경상
2014020800100145,2014년 2월 8일 08시,토요일,울산광역시 남구 신정동,중상사고,0,5,2,0,차대차 - 기타,중앙선침범,건조,맑음,단일로 - 기타,승용,남,41세,상해없음,승용,남,45세,중상
2014020800100161,2014년 2월 8일 09시,토요일,울산광역시 울주군 온양읍,경상사고,0,0,1,0,차대차 - 기타,안전운전불이행,건조,맑음,단일로 - 기타,승용,여,25세,상해없음,승용,남,24세,경상
2014020800100184,2014년 2월 8일 10시,토요일,울산광역시 울주군 두서면,부상신고사고,0,0,0,1,차량단독 - 공작물충돌,안전운전불이행,결빙,눈,단일로 - 기타,승용,남,63세,부상신고,,,,
2014020800100309,2014년 2월 8일 15시,토요일,울산광역시 남구 삼산동,중상사고,0,1,0,0,차대차 - 기타,안전운전불이행,건조,맑음,단일로 - 기타,이륜,남,48세,상해없음,자전거,남,9세,중상
2014020800100337,2014년 2월 8일 16시,토요일,울산광역시 북구 명촌동,경상사고,0,0,1,0,차량단독 - 전도전복,안전운전불이행,건조,맑음,단일로 - 기타,자전거,남,38세,경상,,,,
2014020800100363,2014년 2월 8일 17시,토요일,울산광역시 북구 천곡동,경상사고,0,0,1,0,차대차 - 측면직각충돌,신호위반,건조,맑음,교차로 - 교차로안,승용,남,35세,상해없음,승용,여,45세,경상
2014020800100442,2014년 2월 8일 19시,토요일,울산광역시 중구 남외동,경상사고,0,0,2,0,차대차 - 추돌 - 주정차중,안전운전불이행,건조,흐림,단일로 - 기타,승용,남,51세,상해없음,승용,남,63세,경상
2014020800100443,2014년 2월 8일 19시,토요일,울산광역시 남구 무거동,경상사고,0,0,2,0,차대차 - 정면충돌,중앙선침범,건조,맑음,단일로 - 기타,승용,여,33세,상해없음,승용,여,47세,경상
2014020800100444,2014년 2월 8일 19시,토요일,울산광역시 남구 신정동,경상사고,0,0,1,0,차대사람 - 횡단중,보행자보호의무위반,건조,맑음,단일로 - 기타,승용,남,45세,상해없음,보행자,여,61세,경상
2014020800100477,2014년 2월 8일 20시,토요일,울산광역시 북구 효문동,경상사고,0,0,3,0,차대차 - 추돌 - 주정차중,기타,건조,맑음,단일로 - 기타,화물,남,54세,상해없음,승용,남,38세,경상
2014020800100478,2014년 2월 8일 20시,토요일,울산광역시 남구 신정동,경상사고,0,0,1,0,차대사람 - 횡단중,안전운전불이행,건조,맑음,교차로 - 교차로부근,승용,여,51세,상해없음,보행자,남,63세,경상
2014020800100479,2014년 2월 8일 20시,토요일,울산광역시 울주군 온양읍,부상신고사고,0,0,0,1,차대차 - 기타,안전운전불이행,건조,흐림,단일로 - 기타,승용,남,23세,부상신고,화물,남,56세,기타불명
2014020800100567,2014년 2월 8일 23시,토요일,울산광역시 울주군 범서읍,중상사고,0,1,0,0,차대차 - 기타,안전운전불이행,건조,맑음,단일로 - 기타,승용,남,51세,상해없음,승용,남,33세,중상
2014020900100041,2014년 2월 9일 01시,일요일,울산광역시 남구 무거동,경상사고,0,0,1,0,차대사람 - 기타,안전운전불이행,건조,맑음,단일로 - 기타,승용,남,21세,상해없음,보행자,남,32세,경상
2014020900100143,2014년 2월 9일 11시,일요일,울산광역시 중구 복산동,중상사고,0,2,0,0,차대차 - 측면직각충돌,직진우회전진행방해,건조,맑음,교차로 - 교차로안,승용,남,33세,상해없음,이륜,남,45세,중상
2014020900100159,2014년 2월 9일 12시,일요일,울산광역시 동구 방어동,경상사고,0,0,2,0,차대차 - 측면직각충돌,직진우회전진행방해,건조,맑음,교차로 - 교차로안,이륜,남,22세,상해없음,승용,남,53세,경상
2014020900100225,2014년 2월 9일 15시,일요일,울산광역시 남구 삼산동,중상사고,0,1,0,0,차대차 - 기타,안전운전불이행,습기,비,교차로 - 교차로부근,자전거,남,75세,중상,자전거,남,58세,상해없음
2014020900100343,2014년 2월 9일 20시,일요일,울산광역시 남구 신정동,중상사고,0,1,0,0,차대사람 - 횡단중,보행자보호의무위반,습기,비,단일로 - 횡단보도상,승용,남,51세,상해없음,보행자,여,56세,중상
2014020900100344,2014년 2월 9일 20시,일요일,울산광역시 남구 선암동,중상사고,0,1,1,0,차대사람 - 기타,안전운전불이행,습기,비,교차로 - 교차로부근,승용,여,39세,상해없음,보행자,여,33세,중상
2014020900100392,2014년 2월 9일 22시,일요일,울산광역시 남구 선암동,경상사고,0,0,1,0,차대차 - 기타,교차로운행방법위반,습기,눈,교차로 - 교차로안,승용,남,54세,상해없음,이륜,남,16세,경상
2014020900100393,2014년 2월 9일 22시,일요일,울산광역시 북구 산하동,경상사고,0,0,2,0,차대사람 - 기타,안전운전불이행,습기,눈,단일로 - 기타,승용,남,46세,상해없음,보행자,남,18세,경상
2014020900100409,2014년 2월 9일 23시,일요일,울산광역시 남구 무거동,경상사고,0,0,2,0,차대차 - 추돌 - 주정차중,안전운전불이행,습기,비,교차로 - 교차로안,승용,남,40세,상해없음,승용,남,52세,경상
2014021000100006,2014년 2월 10일 00시,월요일,울산광역시 북구 중산동,경상사고,0,0,1,0,차량단독 - 공작물충돌,안전운전불이행,적설,눈,단일로 - 기타,승용,남,21세,경상,,,,
2014021000100007,2014년 2월 10일 00시,월요일,울산광역시 남구 선암동,중상사고,0,1,2,0,차대차 - 추돌 - 주정차중,안전거리미확보,적설,눈,교차로 - 교차로부근,승용,남,23세,상해없음,승용,남,41세,중상
2014021000100020,2014년 2월 10일 01시,월요일,울산광역시 남구 신정동,중상사고,0,3,0,0,차대차 - 기타,신호위반,적설,맑음,교차로 - 교차로안,승용,남,31세,상해없음,승용,여,24세,중상
2014021000100102,2014년 2월 10일 07시,월요일,울산광역시 울주군 언양읍,경상사고,0,0,4,0,차대차 - 추돌 - 진행중,안전거리미확보,결빙,눈,단일로 - 기타,승용,남,27세,경상,승용,남,54세,경상
2014021000100234,2014년 2월 10일 11시,월요일,울산광역시 울주군 온산읍,중상사고,0,2,0,0,차대차 - 정면충돌,중앙선침범,결빙,눈,단일로 - 기타,특수,남,49세,중상,승용,남,27세,중상
2014021000100255,2014년 2월 10일 12시,월요일,울산광역시 남구 두왕동,중상사고,0,1,0,0,차대차 - 기타,안전운전불이행,결빙,눈,교차로 - 교차로부근,화물,남,52세,상해없음,승용,남,56세,중상
2014021000100284,2014년 2월 10일 13시,월요일,울산광역시 북구 효문동,경상사고,0,0,1,0,차대차 - 기타,안전운전불이행,적설,눈,단일로 - 기타,기타불명,기타불명,기타불명,기타불명,승합,남,49세,경상
2014021000100313,2014년 2월 10일 14시,월요일,울산광역시 북구 호계동,경상사고,0,0,2,0,차대차 - 기타,안전운전불이행,결빙,눈,교차로 - 교차로부근,화물,여,61세,상해없음,승용,남,36세,경상
2014021000100402,2014년 2월 10일 17시,월요일,울산광역시 남구 달동,경상사고,0,0,1,0,차대차 - 정면충돌,안전운전불이행,결빙,눈,단일로 - 기타,승용,여,52세,상해없음,승용,남,27세,경상
2014021000100511,2014년 2월 10일 20시,월요일,울산광역시 울주군 웅촌면,중상사고,0,2,2,0,차대차 - 추돌 - 주정차중,안전거리미확보,습기,눈,교차로 - 교차로부근,승용,남,31세,상해없음,승용,남,34세,중상
2014021000100567,2014년 2월 10일 22시,월요일,울산광역시 울주군 삼남면,경상사고,0,0,1,0,차대차 - 기타,안전운전불이행,결빙,눈,단일로 - 교량,승용,남,35세,상해없음,승합,남,51세,상해없음
2014021100100448,2014년 2월 11일 20시,화요일,울산광역시 북구 진장동,경상사고,0,0,1,0,차대사람 - 차도통행중,안전운전불이행,적설,흐림,단일로 - 기타,화물,남,32세,상해없음,보행자,남,30세,경상
2014021100100475,2014년 2월 11일 21시,화요일,울산광역시 남구 무거동,중상사고,0,1,0,0,차대차 - 측면직각충돌,신호위반,습기,흐림,단일로 - 횡단보도상,승용,남,34세,상해없음,이륜,남,41세,중상
2014021100100529,2014년 2월 11일 23시,화요일,울산광역시 남구 삼산동,경상사고,0,0,2,0,차대차 - 기타,안전운전불이행,습기,눈,단일로 - 기타,승용,남,30세,상해없음,승용,남,55세,상해없음
2014021100100530,2014년 2월 11일 23시,화요일,울산광역시 남구 무거동,경상사고,0,0,1,0,차대차 - 추돌 - 주정차중,안전운전불이행,습기,눈,단일로 - 기타,승용,남,46세,상해없음,승용,남,32세,경상
2014021200100031,2014년 2월 12일 01시,수요일,울산광역시 남구 신정동,중상사고,0,1,0,0,차대사람 - 기타,안전운전불이행,습기,비,단일로 - 기타,승용,남,54세,상해없음,보행자,남,53세,중상
2014021200100135,2014년 2월 12일 08시,수요일,울산광역시 울주군 범서읍,경상사고,0,0,1,0,차대사람 - 기타,교차로운행방법위반,습기,비,교차로 - 교차로부근,승용,여,34세,상해없음,보행자,남,8세,경상
2014021200100154,2014년 2월 12일 09시,수요일,울산광역시 중구 학성동,경상사고,0,0,1,0,차대차 - 측면직각충돌,직진우회전진행방해,건조,맑음,교차로 - 교차로안,승용,남,68세,상해없음,승용,여,39세,경상
2014021200100457,2014년 2월 12일 19시,수요일,울산광역시 남구 야음동,중상사고,0,1,0,0,차대사람 - 기타,안전운전불이행,건조,맑음,단일로 - 기타,승합,남,55세,상해없음,보행자,여,61세,중상
2014021200100542,2014년 2월 12일 22시,수요일,울산광역시 북구 명촌동,경상사고,0,0,1,0,차대차 - 측면직각충돌,안전운전불이행,결빙,눈,단일로 - 기타,자전거,남,44세,경상,승용,남,27세,상해없음
2014021200100543,2014년 2월 12일 22시,수요일,울산광역시 동구 전하동,경상사고,0,0,2,0,차대차 - 정면충돌,안전운전불이행,습기,눈,교차로 - 교차로안,승용,남,60세,상해없음,이륜,남,24세,경상
2014021300100105,2014년 2월 13일 07시,목요일,울산광역시 남구 달동,중상사고,0,1,0,0,차대사람 - 기타,안전운전불이행,습기,흐림,교차로 - 교차로부근,승용,여,29세,상해없음,보행자,남,53세,중상
2014021300100144,2014년 2월 13일 08시,목요일,울산광역시 남구 무거동,경상사고,0,0,1,0,차대차 - 측면직각충돌,중앙선침범,습기,비,단일로 - 기타,승용,남,62세,상해없음,승용,남,41세,경상
2014021300100254,2014년 2월 13일 13시,목요일,울산광역시 남구 여천동,경상사고,0,0,1,0,차대차 - 측면직각충돌,교차로운행방법위반,습기,비,교차로 - 교차로안,승용,여,54세,상해없음,승용,여,23세,경상
2014021300100338,2014년 2월 13일 16시,목요일,울산광역시 동구 일산동,중상사고,0,1,0,0,차량단독 - 기타,안전운전불이행,건조,맑음,단일로 - 기타,승합,남,48세,상해없음,,,,
2014021300100468,2014년 2월 13일 20시,목요일,울산광역시 남구 신정동,중상사고,0,1,0,0,차량단독 - 기타,안전운전불이행,건조,맑음,단일로 - 기타,승합,남,51세,상해없음,,,,
2014021300100501,2014년 2월 13일 21시,목요일,울산광역시 남구 신정동,부상신고사고,0,0,0,2,차대차 - 추돌 - 주정차중,안전운전불이행,건조,흐림,교차로 - 교차로부근,승용,남,52세,상해없음,승용,여,41세,부상신고
2014021400100135,2014년 2월 14일 08시,금요일,울산광역시 동구 전하동,중상사고,0,1,0,0,차대사람 - 횡단중,안전운전불이행,습기,흐림,단일로 - 기타,승용,남,51세,상해없음,보행자,여,52세,중상
2014021400100201,2014년 2월 14일 11시,금요일,울산광역시 중구 학성동,경상사고,0,0,1,0,차대차 - 정면충돌,중앙선침범,건조,흐림,단일로 - 기타,자전거,남,56세,경상,승용,남,35세,상해없음
2014021400100202,2014년 2월 14일 11시,금요일,울산광역시 남구 무거동,경상사고,0,0,3,0,차대차 - 측면직각충돌,차로위반,건조,맑음,단일로 - 기타,화물,남,25세,상해없음,승용,여,35세,경상
2014021400100221,2014년 2월 14일 12시,금요일,울산광역시 북구 양정동,중상사고,0,1,1,0,차대차 - 추돌 - 주정차중,안전운전불이행,습기,흐림,단일로 - 기타,승용,남,34세,상해없음,승용,남,43세,중상
2014021400100255,2014년 2월 14일 13시,금요일,울산광역시 동구 전하동,경상사고,0,0,1,0,차대사람 - 보도통행중,신호위반,건조,흐림,교차로 - 교차로부근,승용,여,62세,상해없음,보행자,여,24세,경상
2014021400100280,2014년 2월 14일 14시,금요일,울산광역시 북구 효문동,경상사고,0,0,1,0,차대차 - 추돌 - 진행중,안전운전불이행,건조,맑음,단일로 - 기타,승용,남,29세,상해없음,승합,남,39세,경상
2014021400100302,2014년 2월 14일 15시,금요일,울산광역시 중구 태화동,경상사고,0,0,1,0,차대사람 - 기타,안전운전불이행,건조,맑음,단일로 - 기타,승용,남,39세,상해없음,보행자,여,9세,경상
2014021400100401,2014년 2월 14일 18시,금요일,울산광역시 울주군 삼남면,경상사고,0,0,1,0,차대차 - 기타,안전운전불이행,건조,맑음,단일로 - 기타,승용,남,57세,상해없음,승용,남,59세,경상
2014021400100454,2014년 2월 14일 19시,금요일,울산광역시 동구 일산동,경상사고,0,0,1,0,차대사람 - 기타,안전운전불이행,건조,맑음,단일로 - 기타,승용,남,33세,상해없음,보행자,여,56세,경상
2014021400100455,2014년 2월 14일 19시,금요일,울산광역시 동구 일산동,경상사고,0,0,1,0,차대사람 - 기타,중앙선침범,건조,맑음,단일로 - 기타,승용,남,45세,상해없음,보행자,여,51세,경상
2014021400100545,2014년 2월 14일 22시,금요일,울산광역시 중구 태화동,경상사고,0,0,1,0,차대차 - 기타,안전운전불이행,습기,눈,단일로 - 기타,승용,여,46세,상해없음,승용,남,33세,경상
2014021400100587,2014년 2월 14일 23시,금요일,울산광역시 중구 성남동,경상사고,0,0,2,0,차대차 - 추돌 - 주정차중,안전운전불이행,건조,흐림,교차로 - 교차로부근,승용,남,38세,상해없음,승용,남,20세,경상
2014021500100066,2014년 2월 15일 02시,토요일,울산광역시 중구 반구동,경상사고,0,0,8,0,차대차 - 기타,교차로운행방법위반,건조,맑음,교차로 - 교차로안,승용,남,32세,상해없음,승합,여,53세,경상
2014021500100067,2014년 2월 15일 02시,토요일,울산광역시 울주군 온산읍,경상사고,0,0,1,0,차대사람 - 기타,안전운전불이행,습기,흐림,단일로 - 기타,승용,남,27세,기타불명,보행자,남,45세,경상
2014021500100083,2014년 2월 15일 03시,토요일,울산광역시 중구 교동,부상신고사고,0,0,0,1,차량단독 - 공작물충돌,안전운전불이행,건조,맑음,교차로 - 교차로안,이륜,남,33세,부상신고,,,,
2014021500100111,2014년 2월 15일 05시,토요일,울산광역시 중구 반구동,경상사고,0,0,1,0,차대사람 - 기타,안전운전불이행,습기,눈,단일로 - 기타,기타불명,기타불명,기타불명,기타불명,보행자,남,37세,경상
2014021500100112,2014년 2월 15일 05시,토요일,울산광역시 남구 삼산동,경상사고,0,0,2,0,차대차 - 기타,안전운전불이행,건조,맑음,교차로 - 교차로부근,승용,남,24세,상해없음,승용,남,47세,경상
2014021500100129,2014년 2월 15일 06시,토요일,울산광역시 북구 호계동,경상사고,0,0,1,0,차대차 - 정면충돌,중앙선침범,건조,맑음,단일로 - 기타,승용,남,23세,상해없음,승용,남,37세,경상
2014021500100148,2014년 2월 15일 07시,토요일,울산광역시 울주군 온산읍,중상사고,0,1,0,0,차대차 - 추돌 - 진행중,안전거리미확보,건조,맑음,단일로 - 기타,승용,남,28세,상해없음,승용,남,44세,중상
2014021500100199,2014년 2월 15일 09시,토요일,울산광역시 남구 여천동,중상사고,0,1,0,0,차대차 - 정면충돌,중앙선침범,건조,맑음,단일로 - 기타,승용,남,38세,중상,건설기계,남,45세,상해없음
2014021500100200,2014년 2월 15일 09시,토요일,울산광역시 울주군 온산읍,중상사고,0,1,0,0,차대차 - 측면직각충돌,교차로운행방법위반,건조,맑음,교차로 - 교차로안,승용,남,37세,상해없음,승용,남,54세,중상
2014021500100328,2014년 2월 15일 14시,토요일,울산광역시 북구 천곡동,부상신고사고,0,0,0,1,차대차 - 기타,안전운전불이행,건조,맑음,단일로 - 기타,이륜,남,24세,부상신고,승용,여,50세,상해없음
2014021500100352,2014년 2월 15일 15시,토요일,울산광역시 남구 삼산동,경상사고,0,0,1,0,차대차 - 측면직각충돌,교차로운행방법위반,건조,맑음,교차로 - 교차로안,승용,남,25세,상해없음,이륜,남,29세,경상
2014021500100353,2014년 2월 15일 15시,토요일,울산광역시 북구 염포동,경상사고,0,0,1,0,차대차 - 추돌 - 주정차중,안전거리미확보,건조,맑음,단일로 - 기타,화물,남,22세,상해없음,화물,남,29세,경상
2014021500100458,2014년 2월 15일 18시,토요일,울산광역시 남구 무거동,경상사고,0,0,2,0,차대사람 - 횡단중,신호위반,건조,맑음,교차로 - 교차로부근,이륜,남,33세,경상,보행자,여,49세,경상
2014021500100493,2014년 2월 15일 19시,토요일,울산광역시 북구 상안동,경상사고,0,0,1,0,차대차 - 측면직각충돌,안전거리미확보,건조,맑음,단일로 - 기타,화물,남,53세,상해없음,승용,남,34세,경상
2014021500100494,2014년 2월 15일 19시,토요일,울산광역시 중구 복산동,중상사고,0,1,1,0,차대차 - 측면직각충돌,안전운전불이행,건조,맑음,단일로 - 기타,승용,남,60세,상해없음,이륜,남,64세,경상
2014021500100495,2014년 2월 15일 19시,토요일,울산광역시 북구 상안동,경상사고,0,0,2,0,차대차 - 추돌 - 주정차중,안전거리미확보,건조,맑음,단일로 - 기타,승용,남,40세,상해없음,승용,남,55세,상해없음
2014021500100527,2014년 2월 15일 20시,토요일,울산광역시 중구 성안동,경상사고,0,0,2,0,차대차 - 추돌 - 주정차중,안전운전불이행,건조,맑음,교차로 - 교차로부근,승용,남,53세,기타불명,승용,남,49세,경상