사고번호,사고일시,요일,시군구,사고내용,사망자수,중상자수,경상자수,부상신고자수,사고유형,법규위반,노면상태,기상상태,도로형태,가해운전자 차종,가해운전자 성별,가해운전자 연령,가해운전자 상해정도,피해운전자 차종,피해운전자 성별,피해운전자 연령,피해운전자 상해정도
2014021500100528,2014년 2월 15일 20시,토요일,울산광역시 남구 달동,경상사고,0,0,1,0,차대사람 - 기타,안전운전불이행,건조,맑음,단일로 - 기타,승용,남,51세,상해없음,보행자,여,45세,경상
2014021500100583,2014년 2월 15일 22시,토요일,울산광역시 북구 연암동,중상사고,0,1,0,0,차대차 - 측면직각충돌,신호위반,건조,맑음,교차로 - 교차로안,화물,남,50세,상해없음,승용,남,45세,중상
2014021600100047,2014년 2월 16일 01시,일요일,울산광역시 북구 화봉동,중상사고,0,1,0,0,차대차 - 기타,안전운전불이행,결빙,맑음,교차로 - 교차로안,기타불명,기타불명,기타불명,기타불명,이륜,남,46세,중상
2014021600100124,2014년 2월 16일 06시,일요일,울산광역시 북구 화봉동,중상사고,0,1,0,0,차대차 - 추돌 - 진행중,안전거리미확보,결빙,맑음,단일로 - 기타,승용,남,53세,상해없음,이륜,남,59세,중상
2014021600100133,2014년 2월 16일 07시,일요일,울산광역시 중구 다운동,중상사고,0,1,1,1,차대차 - 정면충돌,중앙선침범,건조,맑음,단일로 - 기타,승용,남,22세,부상신고,승용,남,48세,중상
2014021600100134,2014년 2월 16일 07시,일요일,울산광역시 울주군 청량면,중상사고,0,1,0,0,차대차 - 측면직각충돌,중앙선침범,건조,맑음,단일로 - 기타,승용,여,42세,상해없음,승용,남,52세,중상
2014021600100175,2014년 2월 16일 10시,일요일,울산광역시 중구 교동,중상사고,0,1,0,0,차대차 - 추돌 - 진행중,안전거리미확보,건조,맑음,단일로 - 기타,이륜,남,66세,중상,기타불명,기타불명,기타불명,기타불명
2014021600100197,2014년 2월 16일 11시,일요일,울산광역시 중구 성남동,중상사고,0,2,5,0,차대차 - 추돌 - 진행중,안전운전불이행,건조,맑음,단일로 - 기타,승용,남,49세,상해없음,승용,남,33세,중상
2014021600100198,2014년 2월 16일 11시,일요일,울산광역시 울주군 상북면,중상사고,0,2,1,0,차대차 - 추돌 - 진행중,중앙선침범,건조,맑음,단일로 - 기타,승용,남,33세,상해없음,승용,남,51세,중상
2014021600100199,2014년 2월 16일 11시,일요일,울산광역시 울주군 상북면,중상사고,0,1,3,1,차대차 - 기타,중앙선침범,습기,맑음,단일로 - 기타,승용,남,25세,기타불명,승용,남,50세,경상
2014021600100240,2014년 2월 16일 13시,일요일,울산광역시 중구 성남동,경상사고,0,0,1,0,차대사람 - 기타,안전운전불이행,건조,맑음,단일로 - 기타,자전거,남,33세,상해없음,보행자,남,75세,경상
2014021600100289,2014년 2월 16일 16시,일요일,울산광역시 동구 방어동,중상사고,0,1,0,0,차대사람 - 횡단중,신호위반,건조,맑음,단일로 - 기타,이륜,남,24세,상해없음,보행자,여,50세,중상
2014021600100290,2014년 2월 16일 16시,일요일,울산광역시 울주군 언양읍,중상사고,0,1,1,0,차대차 - 추돌 - 진행중,교차로운행방법위반,건조,맑음,교차로 - 교차로안,승용,남,45세,상해없음,승용,남,58세,경상
2014021600100291,2014년 2월 16일 16시,일요일,울산광역시 울주군 서생면,경상사고,0,0,2,0,차대차 - 추돌 - 진행중,중앙선침범,건조,맑음,단일로 - 기타,승용,남,48세,경상,승용,남,61세,경상
2014021600100316,2014년 2월 16일 17시,일요일,울산광역시 울주군 온산읍,중상사고,0,1,0,0,차대차 - 측면직각충돌,기타,건조,맑음,교차로 - 교차로안,원동기,남,36세,중상,승용,남,36세,상해없음
2014021600100430,2014년 2월 16일 21시,일요일,울산광역시 북구 가대동,중상사고,0,1,0,0,차량단독 - 공작물충돌,안전운전불이행,건조,맑음,단일로 - 기타,화물,남,46세,중상,,,,
2014021700100010,2014년 2월 17일 00시,월요일,울산광역시 남구 삼산동,경상사고,0,0,1,0,차대차 - 기타,안전운전불이행,건조,맑음,교차로 - 교차로안,승용,남,46세,경상,화물,기타불명,기타불명,기타불명
2014021700100024,2014년 2월 17일 03시,월요일,울산광역시 남구 신정동,중상사고,0,1,0,0,차대사람 - 횡단중,안전운전불이행,건조,맑음,교차로 - 교차로부근,승용,남,56세,상해없음,보행자,남,46세,중상
2014021700100070,2014년 2월 17일 07시,월요일,울산광역시 북구 양정동,중상사고,0,1,0,0,차대차 - 측면직각충돌,안전운전불이행,건조,맑음,단일로 - 기타,이륜,남,27세,중상,승용,남,28세,상해없음
2014021700100071,2014년 2월 17일 07시,월요일,울산광역시 북구 양정동,중상사고,0,1,0,0,차대차 - 측면직각충돌,안전운전불이행,건조,흐림,단일로 - 기타,승용,남,18세,상해없음,이륜,남,39세,중상
2014021700100145,2014년 2월 17일 10시,월요일,울산광역시 북구 화봉동,중상사고,0,1,0,0,차대차 - 측면직각충돌,불법유턴,건조,맑음,교차로 - 교차로안,이륜,남,73세,중상,승용,남,54세,상해없음
2014021700100189,2014년 2월 17일 12시,월요일,울산광역시 중구 유곡동,경상사고,0,0,1,0,차대차 - 측면직각충돌,안전운전불이행,건조,맑음,단일로 - 기타,승용,여,68세,상해없음,승용,여,47세,경상
2014021700100214,2014년 2월 17일 13시,월요일,울산광역시 동구 전하동,중상사고,0,1,2,0,차대차 - 측면직각충돌,신호위반,건조,맑음,교차로 - 교차로안,승용,여,51세,상해없음,승용,여,49세,중상
2014021700100215,2014년 2월 17일 13시,월요일,울산광역시 동구 전하동,경상사고,0,0,1,0,차대사람 - 횡단중,보행자보호의무위반,건조,맑음,단일로 - 횡단보도상,승용,여,44세,상해없음,보행자,남,8세,경상
2014021700100236,2014년 2월 17일 14시,월요일,울산광역시 남구 무거동,경상사고,0,0,1,0,차대차 - 기타,안전운전불이행,건조,흐림,단일로 - 횡단보도부근,승용,남,48세,상해없음,승용,여,52세,경상
2014021700100263,2014년 2월 17일 15시,월요일,울산광역시 남구 무거동,경상사고,0,0,2,0,차대차 - 측면직각충돌,안전운전불이행,건조,맑음,교차로 - 교차로안,건설기계,남,51세,상해없음,승용,남,55세,경상
2014021700100321,2014년 2월 17일 17시,월요일,울산광역시 동구 방어동,경상사고,0,0,1,0,차대차 - 정면충돌,중앙선침범,습기,비,단일로 - 기타,승합,여,57세,상해없음,이륜,남,53세,경상
2014021700100400,2014년 2월 17일 19시,월요일,울산광역시 중구 복산동,중상사고,0,1,0,0,차대차 - 측면직각충돌,교차로운행방법위반,습기,비,교차로 - 교차로안,승용,여,45세,상해없음,이륜,남,46세,중상
2014021700100401,2014년 2월 17일 19시,월요일,울산광역시 남구 삼산동,경상사고,0,0,1,0,차대사람 - 횡단중,보행자보호의무위반,습기,비,교차로 - 교차로부근,승용,여,35세,상해없음,보행자,남,37세,경상
2014021700100443,2014년 2월 17일 20시,월요일,울산광역시 중구 남외동,경상사고,0,0,1,0,차대차 - 추돌 - 주정차중,안전운전불이행,습기,비,교차로 - 교차로부근,승용,여,48세,상해없음,승용,여,56세,경상
2014021700100497,2014년 2월 17일 22시,월요일,울산광역시 울주군 온산읍,중상사고,0,1,0,0,차대차 - 정면충돌,안전운전불이행,습기,비,교차로 - 교차로안,승용,여,33세,상해없음,원동기,남,16세,중상
2014021700100519,2014년 2월 17일 23시,월요일,울산광역시 남구 신정동,중상사고,0,2,1,0,차대차 - 추돌 - 진행중,안전운전불이행,습기,비,단일로 - 기타,승용,남,53세,상해없음,승용,남,65세,중상
2014021800100057,2014년 2월 18일 05시,화요일,울산광역시 남구 야음동,중상사고,0,1,0,0,차대사람 - 횡단중,보행자보호의무위반,습기,비,교차로 - 교차로부근,이륜,남,34세,상해없음,보행자,여,63세,중상
2014021800100071,2014년 2월 18일 06시,화요일,울산광역시 동구 방어동,사망사고,1,0,0,0,차대사람 - 횡단중,신호위반,습기,비,교차로 - 교차로부근,승용,남,63세,상해없음,보행자,여,59세,사망
2014021800100085,2014년 2월 18일 08시,화요일,울산광역시 울주군 범서읍,사망사고,1,0,0,0,차대차 - 추돌 - 주정차중,안전운전불이행,습기,비,단일로 - 기타,화물,남,49세,사망,화물,남,53세,상해없음
2014021800100102,2014년 2월 18일 08시,화요일,울산광역시 북구 양정동,중상사고,0,3,1,0,차대차 - 측면직각충돌,중앙선침범,습기,맑음,단일로 - 기타,화물,남,52세,상해없음,승용,남,41세,경상
2014021800100148,2014년 2월 18일 10시,화요일,울산광역시 남구 삼산동,중상사고,0,1,0,0,차대사람 - 횡단중,신호위반,습기,비,교차로 - 교차로안,화물,남,63세,상해없음,보행자,남,78세,중상
2014021800100278,2014년 2월 18일 16시,화요일,울산광역시 중구 우정동,경상사고,0,0,2,0,차대차 - 추돌 - 주정차중,안전운전불이행,건조,맑음,단일로 - 기타,화물,남,51세,상해없음,승용,남,35세,경상
2014021800100399,2014년 2월 18일 20시,화요일,울산광역시 남구 신정동,중상사고,0,1,0,0,차량단독 - 기타,안전운전불이행,건조,맑음,단일로 - 기타,승합,남,55세,상해없음,,,,
2014021800100400,2014년 2월 18일 20시,화요일,울산광역시 남구 삼산동,경상사고,0,0,1,0,차대사람 - 기타,교차로운행방법위반,건조,맑음,교차로 - 교차로안,승용,남,59세,상해없음,보행자,남,19세,경상
2014021800100427,2014년 2월 18일 21시,화요일,울산광역시 남구 삼산동,경상사고,0,0,1,0,차대사람 - 횡단중,보행자보호의무위반,건조,맑음,교차로 - 교차로안,승용,남,57세,상해없음,보행자,여,21세,경상
2014021800100448,2014년 2월 18일 22시,화요일,울산광역시 남구 달동,경상사고,0,0,1,0,차대차 - 기타,안전운전불이행,건조,흐림,단일로 - 기타,승용,여,64세,상해없음,승합,남,59세,상해없음
2014021800100472,2014년 2월 18일 23시,화요일,울산광역시 남구 삼산동,중상사고,0,1,0,0,차대차 - 추돌 - 주정차중,안전운전불이행,건조,맑음,교차로 - 교차로부근,승용,여,42세,상해없음,승용,남,38세,중상
2014021900100055,2014년 2월 19일 05시,수요일,울산광역시 북구 명촌동,중상사고,0,1,0,0,차대차 - 측면직각충돌,신호위반,건조,맑음,단일로 - 횡단보도상,기타불명,기타불명,기타불명,기타불명,자전거,남,57세,중상
2014021900100071,2014년 2월 19일 06시,수요일,울산광역시 중구 학산동,중상사고,0,1,0,0,차대사람 - 횡단중,안전운전불이행,건조,맑음,단일로 - 기타,승합,남,66세,상해없음,보행자,남,80세,중상
2014021900100072,2014년 2월 19일 06시,수요일,울산광역시 남구 무거동,중상사고,0,1,0,0,차대사람 - 기타,신호위반,건조,맑음,교차로 - 교차로부근,승용,남,52세,상해없음,보행자,여,78세,중상
2014021900100091,2014년 2월 19일 07시,수요일,울산광역시 동구 서부동,경상사고,0,0,1,0,차대차 - 기타,기타,건조,맑음,교차로 - 교차로안,승용,남,64세,상해없음,이륜,남,30세,경상
2014021900100224,2014년 2월 19일 13시,수요일,울산광역시 중구 북정동,경상사고,0,0,1,0,차대차 - 기타,직진우회전진행방해,건조,맑음,교차로 - 교차로안,승용,남,62세,상해없음,화물,남,66세,경상
2014021900100319,2014년 2월 19일 17시,수요일,울산광역시 중구 반구동,중상사고,0,1,0,0,차대차 - 정면충돌,직진우회전진행방해,습기,흐림,교차로 - 교차로안,승용,남,44세,상해없음,이륜,남,27세,중상
2014021900100405,2014년 2월 19일 19시,수요일,울산광역시 중구 성남동,경상사고,0,0,1,1,차대사람 - 기타,안전운전불이행,건조,맑음,단일로 - 기타,승용,여,58세,상해없음,보행자,여,19세,경상
2014021900100423,2014년 2월 19일 20시,수요일,울산광역시 남구 고사동,사망사고,1,0,0,0,차량단독 - 기타,안전운전불이행,습기,맑음,교차로 - 교차로안,승용,남,31세,사망,,,,
2014021900100456,2014년 2월 19일 21시,수요일,울산광역시 남구 삼산동,경상사고,0,0,1,0,차대차 - 기타,안전운전불이행,건조,맑음,교차로 - 교차로부근,승용,남,28세,상해없음,이륜,남,25세,경상
2014021900100457,2014년 2월 19일 21시,수요일,울산광역시 동구 화정동,중상사고,0,1,0,0,차대차 - 측면직각충돌,불법유턴,건조,흐림,단일로 - 기타,승용,남,28세,상해없음,이륜,남,36세,중상
2014021900100482,2014년 2월 19일 22시,수요일,울산광역시 북구 연암동,중상사고,0,1,0,0,차대사람 - 횡단중,신호위반,습기,맑음,교차로 - 교차로부근,승용,여,57세,상해없음,보행자,남,56세,중상
2014021900100483,2014년 2월 19일 22시,수요일,울산광역시 남구 야음동,경상사고,0,0,1,0,차대차 - 측면직각충돌,교차로운행방법위반,건조,맑음,교차로 - 교차로안,승용,여,45세,상해없음,승합,남,47세,경상
2014022000100021,2014년 2월 20일 00시,목요일,울산광역시 남구 삼산동,경상사고,0,0,1,0,차대차 - 기타,안전거리미확보,건조,맑음,단일로 - 기타,승용,남,27세,상해없음,승용,남,60세,경상
2014022000100022,2014년 2월 20일 00시,목요일,울산광역시 울주군 온양읍,경상사고,0,0,1,0,차대차 - 기타,중앙선침범,건조,맑음,교차로 - 교차로안,화물,남,33세,상해없음,화물,남,63세,경상
2014022000100088,2014년 2월 20일 06시,목요일,울산광역시 중구 태화동,경상사고,0,0,1,0,차대차 - 기타,안전운전불이행,건조,맑음,단일로 - 기타,승용,남,46세,상해없음,승용,남,74세,경상
2014022000100119,2014년 2월 20일 07시,목요일,울산광역시 북구 신현동,경상사고,0,0,1,0,차대차 - 정면충돌,중앙선침범,기타,맑음,기타 - 기타,승용,남,46세,상해없음,이륜,남,33세,경상
2014022000100258,2014년 2월 20일 13시,목요일,울산광역시 중구 태화동,중상사고,0,1,0,0,차대차 - 기타,직진우회전진행방해,건조,맑음,교차로 - 교차로부근,화물,남,71세,상해없음,승합,남,49세,상해없음
2014022000100340,2014년 2월 20일 16시,목요일,울산광역시 북구 양정동,경상사고,0,0,1,0,차대차 - 기타,교차로운행방법위반,건조,맑음,교차로 - 교차로안,승용,남,53세,상해없음,이륜,남,25세,경상
2014022000100423,2014년 2월 20일 19시,목요일,울산광역시 남구 야음동,중상사고,0,1,1,0,차대차 - 추돌 - 주정차중,안전운전불이행,건조,맑음,교차로 - 교차로부근,승용,남,47세,상해없음,승용,남,62세,경상
2014022000100444,2014년 2월 20일 20시,목요일,울산광역시 남구 신정동,경상사고,0,0,1,0,차대사람 - 길가장자리구역통행중,안전운전불이행,건조,맑음,단일로 - 기타,승용,남,51세,상해없음,보행자,여,73세,경상
2014022000100474,2014년 2월 20일 21시,목요일,울산광역시 남구 삼산동,경상사고,0,0,1,0,차대차 - 추돌 - 주정차중,안전거리미확보,건조,맑음,교차로 - 교차로부근,승용,남,31세,상해없음,승용,남,51세,경상
2014022100100037,2014년 2월 21일 03시,금요일,울산광역시 북구 중산동,경상사고,0,0,1,0,차대차 - 추돌 - 주정차중,안전운전불이행,건조,맑음,단일로 - 기타,승용,남,20세,상해없음,승용,여,60세,경상
2014022100100043,2014년 2월 21일 04시,금요일,울산광역시 중구 학성동,경상사고,0,0,1,0,차대차 - 추돌 - 진행중,안전운전불이행,건조,맑음,단일로 - 기타,승용,남,45세,상해없음,자전거,남,35세,경상
2014022100100044,2014년 2월 21일 04시,금요일,울산광역시 남구 삼산동,부상신고사고,0,0,0,1,차대사람 - 기타,안전운전불이행,건조,맑음,단일로 - 기타,승용,기타불명,기타불명,기타불명,보행자,남,42세,부상신고
2014022100100133,2014년 2월 21일 09시,금요일,울산광역시 중구 태화동,부상신고사고,0,0,0,1,차대차 - 추돌 - 주정차중,안전운전불이행,건조,맑음,교차로 - 교차로안,승합,남,42세,상해없음,승용,여,22세,부상신고
2014022100100159,2014년 2월 21일 10시,금요일,울산광역시 남구 옥동,부상신고사고,0,0,0,1,차대사람 - 보도통행중,안전운전불이행,건조,맑음,단일로 - 기타,승용,기타불명,기타불명,기타불명,보행자,여,7세,부상신고
2014022100100250,2014년 2월 21일 14시,금요일,울산광역시 동구 일산동,경상사고,0,0,1,0,차대사람 - 기타,안전운전불이행,건조,맑음,교차로 - 교차로안,승용,남,63세,상해없음,보행자,여,69세,경상
2014022100100281,2014년 2월 21일 15시,금요일,울산광역시 울주군 온양읍,경상사고,0,0,1,0,차대차 - 측면직각충돌,교차로운행방법위반,건조,맑음,교차로 - 교차로안,승용,남,40세,상해없음,이륜,남,56세,경상
2014022100100312,2014년 2월 21일 16시,금요일,울산광역시 북구 무룡동,중상사고,0,1,0,0,차대사람 - 기타,기타,건조,맑음,단일로 - 기타,승합,남,45세,상해없음,보행자,여,81세,중상
2014022100100381,2014년 2월 21일 18시,금요일,울산광역시 중구 북정동,중상사고,0,1,3,0,차대차 - 추돌 - 주정차중,안전운전불이행,건조,맑음,단일로 - 기타,승용,여,38세,상해없음,승용,남,51세,경상
2014022100100382,2014년 2월 21일 18시,금요일,울산광역시 남구 신정동,중상사고,0,1,0,0,차대차 - 측면직각충돌,안전운전불이행,건조,맑음,단일로 - 기타,승용,여,25세,상해없음,자전거,여,46세,중상
2014022100100421,2014년 2월 21일 19시,금요일,울산광역시 남구 삼산동,경상사고,0,0,7,0,차대차 - 추돌 - 주정차중,안전거리미확보,건조,맑음,단일로 - 기타,승합,남,53세,상해없음,승합,남,44세,경상
2014022100100422,2014년 2월 21일 19시,금요일,울산광역시 울주군 두서면,부상신고사고,0,0,0,1,차량단독 - 공작물충돌,안전운전불이행,건조,맑음,교차로 - 교차로부근,승용,남,57세,부상신고,,,,
2014022100100483,2014년 2월 21일 21시,금요일,울산광역시 동구 방어동,중상사고,0,1,0,0,차대사람 - 기타,보행자보호의무위반,건조,맑음,교차로 - 교차로부근,승용,여,47세,상해없음,보행자,남,31세,중상
2014022100100512,2014년 2월 21일 22시,금요일,울산광역시 남구 달동,경상사고,0,0,2,0,차대차 - 측면직각충돌,안전운전불이행,습기,맑음,교차로 - 교차로안,승용,남,46세,상해없음,승용,남,27세,경상
2014022100100541,2014년 2월 21일 23시,금요일,울산광역시 중구 반구동,중상사고,0,2,0,0,차대차 - 기타,안전운전불이행,건조,맑음,교차로 - 교차로안,승용,남,30세,상해없음,승용,남,43세,중상
2014022200100115,2014년 2월 22일 06시,토요일,울산광역시 남구 신정동,중상사고,0,1,1,0,차대차 - 측면직각충돌,안전운전불이행,건조,맑음,교차로 - 교차로안,승용,여,57세,상해없음,화물,남,44세,경상
2014022200100137,2014년 2월 22일 07시,토요일,울산광역시 남구 신정동,경상사고,0,0,1,0,차대차 - 기타,안전운전불이행,건조,맑음,교차로 - 교차로안,승용,남,53세,상해없음,승용,남,30세,경상
2014022200100138,2014년 2월 22일 07시,토요일,울산광역시 동구 일산동,중상사고,0,1,0,0,차대차 - 측면직각충돌,안전운전불이행,건조,맑음,교차로 - 교차로안,승용,남,58세,상해없음,이륜,남,32세,중상
2014022200100152,2014년 2월 22일 08시,토요일,울산광역시 북구 신천동,중상사고,0,1,0,0,차대차 - 측면직각충돌,안전운전불이행,건조,맑음,단일로 - 기타,승용,남,48세,상해없음,승용,남,46세,중상
2014022200100188,2014년 2월 22일 10시,토요일,울산광역시 남구 달동,경상사고,0,0,1,0,차대차 - 측면직각충돌,안전운전불이행,건조,맑음,교차로 - 교차로안,승용,남,62세,상해없음,승용,여,56세,상해없음
2014022200100208,2014년 2월 22일 11시,토요일,울산광역시 남구 달동,경상사고,0,0,2,0,차대차 - 추돌 - 진행중,안전거리미확보,건조,맑음,교차로 - 교차로부근,승용,남,51세,상해없음,승용,남,56세,경상
2014022200100288,2014년 2월 22일 14시,토요일,울산광역시 북구 효문동,중상사고,0,1,0,0,차대차 - 추돌 - 주정차중,안전운전불이행,건조,맑음,교차로 - 교차로부근,화물,남,52세,상해없음,화물,남,53세,중상
2014022200100289,2014년 2월 22일 14시,토요일,울산광역시 북구 진장동,부상신고사고,0,0,0,1,차대차 - 측면직각충돌,안전거리미확보,건조,맑음,단일로 - 기타,이륜,남,56세,부상신고,승용,남,22세,상해없음
2014022200100290,2014년 2월 22일 14시,토요일,울산광역시 남구 신정동,경상사고,0,0,1,0,차대차 - 기타,교차로운행방법위반,건조,맑음,교차로 - 교차로안,이륜,남,22세,경상,이륜,남,36세,상해없음
2014022200100313,2014년 2월 22일 15시,토요일,울산광역시 남구 삼산동,중상사고,0,1,0,0,차대차 - 기타,안전운전불이행,건조,맑음,단일로 - 기타,승용,남,35세,상해없음,자전거,남,23세,중상
2014022200100335,2014년 2월 22일 16시,토요일,울산광역시 울주군 삼남면,중상사고,0,2,0,0,차대차 - 추돌 - 진행중,안전운전불이행,건조,맑음,단일로 - 기타,승용,남,57세,상해없음,승용,여,53세,중상
2014022200100358,2014년 2월 22일 17시,토요일,울산광역시 울주군 범서읍,경상사고,0,0,1,0,차대차 - 추돌 - 진행중,안전운전불이행,건조,맑음,단일로 - 기타,승용,여,55세,상해없음,승용,여,46세,경상
2014022200100424,2014년 2월 22일 19시,토요일,울산광역시 울주군 삼남면,경상사고,0,0,1,0,차대차 - 추돌 - 진행중,기타,건조,맑음,단일로 - 기타,화물,남,39세,상해없음,승용,남,37세,경상
2014022200100485,2014년 2월 22일 21시,토요일,울산광역시 동구 일산동,경상사고,0,0,2,0,차대차 - 측면직각충돌,안전거리미확보,습기,비,단일로 - 기타,승용,남,21세,상해없음,승용,남,59세,경상
2014022300100034,2014년 2월 23일 01시,일요일,울산광역시 중구 복산동,경상사고,0,0,1,0,차대사람 - 길가장자리구역통행중,안전운전불이행,건조,맑음,단일로 - 기타,승용,남,29세,상해없음,보행자,남,23세,경상
2014022300100035,2014년 2월 23일 01시,일요일,울산광역시 중구 복산동,경상사고,0,0,1,0,차대차 - 추돌 - 주정차중,안전운전불이행,건조,맑음,단일로 - 기타,화물,여,45세,상해없음,승용,남,58세,경상
2014022300100036,2014년 2월 23일 01시,일요일,울산광역시 동구 동부동,경상사고,0,0,1,0,차대차 - 측면직각충돌,안전운전불이행,건조,맑음,기타 - 기타,승용,남,25세,상해없음,승용,기타불명,기타불명,기타불명
2014022300100098,2014년 2월 23일 06시,일요일,울산광역시 남구 무거동,경상사고,0,0,1,0,차대차 - 측면직각충돌,신호위반,건조,맑음,교차로 - 교차로안,승용,남,30세,상해없음,승합,여,49세,경상
2014022300100105,2014년 2월 23일 07시,일요일,울산광역시 남구 삼산동,경상사고,0,0,1,0,차대차 - 추돌 - 주정차중,안전운전불이행,건조,맑음,교차로 - 교차로부근,승용,기타불명,기타불명,기타불명,승용,여,51세,경상
2014022300100157,2014년 2월 23일 11시,일요일,울산광역시 동구 전하동,중상사고,0,1,0,0,차대차 - 측면직각충돌,신호위반,건조,맑음,교차로 - 교차로안,이륜,남,27세,상해없음,승용,남,37세,상해없음
2014022300100359,2014년 2월 23일 21시,일요일,울산광역시 북구 중산동,경상사고,0,0,3,0,차대차 - 기타,안전운전불이행,건조,맑음,단일로 - 기타,승용,남,25세,상해없음,승용,여,45세,경상
2014022300100360,2014년 2월 23일 21시,일요일,울산광역시 남구 달동,경상사고,0,0,2,0,차대차 - 기타,안전운전불이행,건조,맑음,교차로 - 교차로부근,승용,남,63세,상해없음,승용,남,62세,경상
2014022300100404,2014년 2월 23일 23시,일요일,울산광역시 남구 선암동,경상사고,0,0,2,0,차대차 - 기타,안전운전불이행,건조,맑음,단일로 - 기타,승용,남,54세,상해없음,승합,남,51세,경상
2014022400100022,2014년 2월 24일 01시,월요일,울산광역시 남구 삼산동,경상사고,0,0,1,0,차대차 - 기타,교차로운행방법위반,건조,맑음,교차로 - 교차로안,승용,남,44세,상해없음,승용,남,46세,경상
2014022400100071,2014년 2월 24일 06시,월요일,울산광역시 남구 무거동,사망사고,1,0,0,0,차대사람 - 차도통행중,안전운전불이행,건조,맑음,단일로 - 기타,승용,여,45세,상해없음,보행자,여,55세,사망
2014022400100092,2014년 2월 24일 07시,월요일,울산광역시 남구 여천동,경상사고,0,0,1,0,차대차 - 추돌 - 주정차중,안전운전불이행,건조,맑음,교차로 - 교차로부근,승합,남,52세,상해없음,승용,남,51세,경상
2014022400100221,2014년 2월 24일 12시,월요일,울산광역시 북구 염포동,중상사고,0,2,0,0,차대차 - 기타,안전거리미확보,건조,맑음,단일로 - 기타,승용,남,62세,상해없음,승용,남,53세,중상
2014022400100268,2014년 2월 24일 14시,월요일,울산광역시 남구 달동,중상사고,0,1,0,0,차대차 - 측면직각충돌,안전운전불이행,건조,맑음,단일로 - 기타,이륜,남,74세,중상,승합,남,45세,상해없음
2014022400100472,2014년 2월 24일 21시,월요일,울산광역시 북구 양정동,경상사고,0,0,2,0,차대차 - 기타,신호위반,건조,맑음,교차로 - 교차로부근,승용,남,35세,상해없음,승용,남,53세,경상
2014022400100473,2014년 2월 24일 21시,월요일,울산광역시 동구 화정동,중상사고,0,1,0,0,차대차 - 측면직각충돌,직진우회전진행방해,건조,맑음,교차로 - 교차로안,승용,여,36세,상해없음,이륜,남,32세,중상
2014022500100251,2014년 2월 25일 14시,화요일,울산광역시 울주군 웅촌면,중상사고,0,3,0,0,차대차 - 기타,안전운전불이행,건조,맑음,단일로 - 기타,승용,남,49세,상해없음,승용,여,58세,중상
2014022500100405,2014년 2월 25일 20시,화요일,울산광역시 중구 우정동,중상사고,0,3,0,1,차대차 - 측면직각충돌,안전운전불이행,건조,맑음,단일로 - 기타,승용,여,26세,부상신고,승용,남,47세,중상
2014022600100067,2014년 2월 26일 04시,수요일,울산광역시 중구 반구동,중상사고,0,2,0,0,차대차 - 측면직각충돌,직진우회전진행방해,건조,맑음,교차로 - 교차로안,승용,여,67세,중상,화물,여,53세,중상
2014022600100076,2014년 2월 26일 05시,수요일,울산광역시 남구 신정동,부상신고사고,0,0,0,1,차대사람 - 길가장자리구역통행중,안전운전불이행,건조,흐림,단일로 - 기타,승용,기타불명,기타불명,기타불명,보행자,남,19세,부상신고
2014022600100181,2014년 2월 26일 10시,수요일,울산광역시 동구 동부동,경상사고,0,0,1,0,차대차 - 기타,안전운전불이행,건조,맑음,단일로 - 기타,승용,기타불명,기타불명,기타불명,자전거,남,8세,경상
2014022600100211,2014년 2월 26일 11시,수요일,울산광역시 울주군 온산읍,경상사고,0,0,1,0,차대차 - 측면직각충돌,교차로운행방법위반,건조,맑음,교차로 - 교차로부근,승용,남,44세,상해없음,승용,남,34세,경상
2014022600100291,2014년 2월 26일 14시,수요일,울산광역시 중구 우정동,중상사고,0,1,0,0,차대차 - 측면직각충돌,교차로운행방법위반,습기,비,교차로 - 교차로안,승용,남,28세,상해없음,이륜,남,46세,중상
2014022600100341,2014년 2월 26일 16시,수요일,울산광역시 중구 반구동,경상사고,0,0,1,0,차대차 - 기타,기타,습기,비,단일로 - 기타,승용,남,59세,상해없음,이륜,남,37세,경상
2014022600100367,2014년 2월 26일 17시,수요일,울산광역시 남구 장생포동,중상사고,0,1,0,0,차대차 - 기타,신호위반,기타,비,교차로 - 교차로안,화물,남,56세,상해없음,화물,남,59세,중상
2014022600100368,2014년 2월 26일 17시,수요일,울산광역시 울주군 언양읍,경상사고,0,0,1,0,차대차 - 측면직각충돌,교차로운행방법위반,습기,비,교차로 - 교차로안,화물,남,57세,상해없음,승용,남,57세,상해없음
2014022600100369,2014년 2월 26일 17시,수요일,울산광역시 울주군 범서읍,경상사고,0,0,1,0,차대차 - 추돌 - 진행중,안전거리미확보,습기,비,단일로 - 기타,승용,남,57세,상해없음,승용,남,60세,경상
2014022600100413,2014년 2월 26일 18시,수요일,울산광역시 남구 야음동,경상사고,0,0,1,0,차대차 - 기타,기타,습기,비,단일로 - 기타,승용,남,42세,상해없음,원동기,남,58세,경상
2014022600100414,2014년 2월 26일 18시,수요일,울산광역시 남구 삼산동,경상사고,0,0,1,0,차대사람 - 횡단중,보행자보호의무위반,습기,비,단일로 - 횡단보도상,승용,남,50세,상해없음,보행자,남,51세,경상
2014022600100415,2014년 2월 26일 18시,수요일,울산광역시 울주군 온산읍,경상사고,0,0,1,0,차대차 - 추돌 - 진행중,안전운전불이행,건조,맑음,단일로 - 기타,승용,남,49세,상해없음,승용,남,26세,경상