사고번호,사고일시,요일,시군구,사고내용,사망자수,중상자수,경상자수,부상신고자수,사고유형,법규위반,노면상태,기상상태,도로형태,가해운전자 차종,가해운전자 성별,가해운전자 연령,가해운전자 상해정도,피해운전자 차종,피해운전자 성별,피해운전자 연령,피해운전자 상해정도
2014022600100455,2014년 2월 26일 19시,수요일,울산광역시 북구 효문동,경상사고,0,0,2,0,차대차 - 측면직각충돌,신호위반,습기,비,교차로 - 교차로안,화물,남,37세,상해없음,승용,남,48세,경상
2014022600100487,2014년 2월 26일 20시,수요일,울산광역시 중구 성남동,경상사고,0,0,2,0,차대차 - 정면충돌,신호위반,습기,비,미분류 - 미분류,승용,여,34세,상해없음,승용,남,48세,경상
2014022600100525,2014년 2월 26일 21시,수요일,울산광역시 남구 신정동,경상사고,0,0,4,0,차대차 - 추돌 - 진행중,안전거리미확보,습기,비,단일로 - 기타,승용,남,59세,상해없음,승용,여,36세,경상
2014022600100560,2014년 2월 26일 22시,수요일,울산광역시 북구 호계동,경상사고,0,0,3,0,차대차 - 측면직각충돌,신호위반,습기,비,교차로 - 교차로안,화물,남,49세,경상,승합,남,55세,경상
2014022600100583,2014년 2월 26일 23시,수요일,울산광역시 남구 옥동,중상사고,0,2,0,0,차대차 - 추돌 - 주정차중,안전운전불이행,습기,비,교차로 - 교차로부근,승용,남,54세,상해없음,승용,남,33세,중상
2014022600100584,2014년 2월 26일 23시,수요일,울산광역시 남구 달동,경상사고,0,0,2,0,차대차 - 추돌 - 주정차중,안전운전불이행,습기,비,교차로 - 교차로부근,승용,남,31세,상해없음,특수,남,32세,경상
2014022600100585,2014년 2월 26일 23시,수요일,울산광역시 남구 야음동,경상사고,0,0,2,0,차대사람 - 횡단중,안전운전불이행,습기,비,단일로 - 기타,승용,남,38세,상해없음,보행자,남,16세,경상
2014022700100024,2014년 2월 27일 00시,목요일,울산광역시 남구 신정동,중상사고,0,1,10,0,차대차 - 측면직각충돌,안전운전불이행,습기,비,단일로 - 기타,승용,남,60세,상해없음,승합,여,48세,경상
2014022700100025,2014년 2월 27일 00시,목요일,울산광역시 동구 서부동,경상사고,0,0,1,0,차대차 - 측면직각충돌,안전거리미확보,습기,비,단일로 - 기타,승용,남,50세,상해없음,승용,남,59세,상해없음
2014022700100045,2014년 2월 27일 01시,목요일,울산광역시 중구 서동,부상신고사고,0,0,0,1,차대차 - 추돌 - 주정차중,안전거리미확보,습기,비,교차로 - 교차로부근,승용,남,41세,기타불명,승용,여,54세,부상신고
2014022700100059,2014년 2월 27일 02시,목요일,울산광역시 남구 신정동,경상사고,0,0,1,0,차대차 - 기타,안전운전불이행,습기,비,교차로 - 교차로안,승용,여,53세,상해없음,승용,남,42세,경상
2014022700100065,2014년 2월 27일 03시,목요일,울산광역시 울주군 온산읍,경상사고,0,0,2,1,차대차 - 측면직각충돌,안전운전불이행,습기,비,교차로 - 교차로부근,승용,남,36세,상해없음,승용,남,39세,부상신고
2014022700100069,2014년 2월 27일 04시,목요일,울산광역시 중구 다운동,경상사고,0,0,3,1,차대차 - 추돌 - 주정차중,안전운전불이행,건조,흐림,단일로 - 기타,승용,여,29세,부상신고,승용,여,40세,경상
2014022700100082,2014년 2월 27일 05시,목요일,울산광역시 동구 동부동,중상사고,0,1,0,0,차대차 - 추돌 - 진행중,안전운전불이행,건조,맑음,단일로 - 기타,승용,남,25세,상해없음,자전거,남,54세,중상
2014022700100145,2014년 2월 27일 08시,목요일,울산광역시 중구 북정동,중상사고,0,1,0,0,차대사람 - 기타,안전운전불이행,건조,맑음,단일로 - 기타,승용,여,37세,상해없음,보행자,여,72세,중상
2014022700100170,2014년 2월 27일 09시,목요일,울산광역시 남구 삼산동,경상사고,0,0,1,0,차대차 - 기타,안전운전불이행,건조,맑음,교차로 - 교차로부근,원동기,남,61세,경상,승용,남,54세,상해없음
2014022700100254,2014년 2월 27일 13시,목요일,울산광역시 남구 여천동,경상사고,0,0,1,1,차대차 - 추돌 - 주정차중,안전운전불이행,건조,맑음,단일로 - 기타,승용,남,61세,상해없음,화물,남,19세,부상신고
2014022700100397,2014년 2월 27일 18시,목요일,울산광역시 울주군 온양읍,경상사고,0,0,1,0,차대차 - 측면직각충돌,교차로운행방법위반,건조,맑음,교차로 - 교차로안,승용,여,53세,상해없음,원동기,남,17세,경상
2014022700100435,2014년 2월 27일 19시,목요일,울산광역시 남구 무거동,경상사고,0,0,3,0,차대차 - 추돌 - 진행중,안전거리미확보,건조,맑음,단일로 - 기타,승용,남,49세,상해없음,승용,여,39세,경상
2014022700100530,2014년 2월 27일 22시,목요일,울산광역시 남구 무거동,중상사고,0,1,0,0,차대사람 - 보도통행중,안전운전불이행,건조,맑음,단일로 - 횡단보도부근,승용,남,39세,상해없음,보행자,남,28세,중상
2014022700100554,2014년 2월 27일 23시,목요일,울산광역시 동구 방어동,경상사고,0,0,2,0,차대차 - 기타,안전운전불이행,건조,맑음,단일로 - 기타,승용,기타불명,기타불명,기타불명,승용,남,51세,경상
2014022800100016,2014년 2월 28일 00시,금요일,울산광역시 중구 복산동,경상사고,0,0,1,0,차대차 - 추돌 - 주정차중,안전운전불이행,건조,맑음,단일로 - 기타,승용,남,57세,상해없음,이륜,남,30세,경상
2014022800100038,2014년 2월 28일 02시,금요일,울산광역시 중구 옥교동,중상사고,0,1,0,0,차대차 - 측면직각충돌,신호위반,건조,맑음,교차로 - 교차로안,승용,남,28세,상해없음,승용,여,47세,중상
2014022800100087,2014년 2월 28일 07시,금요일,울산광역시 북구 신천동,경상사고,0,0,1,0,차대차 - 측면직각충돌,안전거리미확보,건조,맑음,단일로 - 기타,승용,남,45세,상해없음,승용,남,59세,경상
2014022800100108,2014년 2월 28일 08시,금요일,울산광역시 울주군 두동면,경상사고,0,0,1,0,차대차 - 기타,안전운전불이행,건조,맑음,단일로 - 기타,화물,남,50세,상해없음,승용,남,48세,경상
2014022800100157,2014년 2월 28일 10시,금요일,울산광역시 중구 반구동,경상사고,0,0,1,0,차대차 - 측면직각충돌,안전운전불이행,건조,맑음,단일로 - 기타,승용,남,52세,상해없음,자전거,남,58세,경상
2014022800100196,2014년 2월 28일 12시,금요일,울산광역시 남구 신정동,경상사고,0,0,1,0,차대사람 - 기타,안전운전불이행,건조,맑음,단일로 - 기타,이륜,남,52세,상해없음,보행자,여,47세,경상
2014022800100251,2014년 2월 28일 14시,금요일,울산광역시 남구 삼산동,중상사고,0,1,0,0,차대사람 - 기타,안전운전불이행,습기,흐림,기타 - 기타,승용,여,61세,상해없음,보행자,여,16세,중상
2014022800100252,2014년 2월 28일 14시,금요일,울산광역시 울주군 온산읍,경상사고,0,0,1,0,차대차 - 측면직각충돌,교차로운행방법위반,건조,맑음,교차로 - 교차로안,승용,남,42세,상해없음,승용,남,35세,경상
2014022800100291,2014년 2월 28일 15시,금요일,울산광역시 북구 염포동,중상사고,0,2,0,0,차대차 - 추돌 - 진행중,안전운전불이행,건조,맑음,단일로 - 기타,승용,여,55세,상해없음,승용,여,58세,중상
2014022800100331,2014년 2월 28일 16시,금요일,울산광역시 남구 달동,부상신고사고,0,0,0,1,차대차 - 기타,교차로운행방법위반,습기,비,교차로 - 교차로안,승용,남,65세,상해없음,자전거,여,53세,부상신고
2014022800100332,2014년 2월 28일 16시,금요일,울산광역시 울주군 청량면,경상사고,0,0,1,0,차대차 - 추돌 - 진행중,안전거리미확보,건조,맑음,교차로 - 교차로부근,승합,남,54세,상해없음,승용,여,48세,경상
2014022800100402,2014년 2월 28일 18시,금요일,울산광역시 중구 학성동,경상사고,0,0,1,0,차대차 - 측면직각충돌,직진우회전진행방해,건조,맑음,교차로 - 교차로안,승합,남,36세,상해없음,원동기,남,16세,경상
2014022800100403,2014년 2월 28일 18시,금요일,울산광역시 남구 옥동,경상사고,0,0,1,0,차대차 - 추돌 - 진행중,안전거리미확보,습기,비,교차로 - 교차로부근,화물,남,21세,상해없음,승용,남,51세,경상
2014022800100404,2014년 2월 28일 18시,금요일,울산광역시 북구 염포동,경상사고,0,0,1,0,차대차 - 추돌 - 진행중,안전운전불이행,습기,비,단일로 - 기타,승용,남,48세,상해없음,승용,남,57세,경상
2014022800100491,2014년 2월 28일 20시,금요일,울산광역시 중구 복산동,경상사고,0,0,1,0,차대사람 - 횡단중,보행자보호의무위반,습기,비,단일로 - 횡단보도상,승용,남,22세,상해없음,보행자,여,45세,경상
2014022800100492,2014년 2월 28일 20시,금요일,울산광역시 북구 매곡동,경상사고,0,0,1,0,차대차 - 기타,신호위반,습기,비,교차로 - 교차로안,이륜,남,38세,상해없음,승용,여,50세,경상
2014022800100493,2014년 2월 28일 20시,금요일,울산광역시 남구 삼산동,경상사고,0,0,1,0,차대차 - 기타,차로위반,건조,맑음,교차로 - 교차로부근,승용,남,46세,상해없음,원동기,남,16세,경상
2014022800100494,2014년 2월 28일 20시,금요일,울산광역시 울주군 언양읍,중상사고,0,1,0,0,차대사람 - 기타,신호위반,건조,맑음,단일로 - 기타,화물,남,38세,상해없음,보행자,여,66세,중상
2014022800100520,2014년 2월 28일 21시,금요일,울산광역시 남구 삼산동,경상사고,0,0,1,0,차대사람 - 차도통행중,안전운전불이행,습기,비,단일로 - 기타,승용,기타불명,기타불명,기타불명,보행자,여,19세,경상
2014022800100595,2014년 2월 28일 23시,금요일,울산광역시 북구 상안동,부상신고사고,0,0,0,1,차대차 - 기타,중앙선침범,건조,맑음,교차로 - 교차로안,승용,남,36세,상해없음,승용,여,41세,부상신고
2014030100100036,2014년 3월 1일 00시,토요일,울산광역시 남구 달동,경상사고,0,0,3,0,차대차 - 추돌 - 주정차중,안전운전불이행,건조,맑음,교차로 - 교차로부근,승용,남,28세,상해없음,승용,여,52세,경상
2014030100100117,2014년 3월 1일 04시,토요일,울산광역시 남구 무거동,경상사고,0,0,1,0,차대차 - 기타,차로위반,건조,맑음,단일로 - 기타,승용,남,23세,상해없음,승용,여,47세,경상
2014030100100150,2014년 3월 1일 06시,토요일,울산광역시 동구 방어동,경상사고,0,0,1,0,차대차 - 추돌 - 주정차중,안전운전불이행,건조,맑음,단일로 - 기타,승용,남,41세,상해없음,승합,남,53세,상해없음
2014030100100166,2014년 3월 1일 07시,토요일,울산광역시 동구 방어동,경상사고,0,0,1,0,차대차 - 측면직각충돌,직진우회전진행방해,건조,맑음,교차로 - 교차로부근,화물,남,46세,상해없음,이륜,남,31세,경상
2014030100100167,2014년 3월 1일 07시,토요일,울산광역시 동구 화정동,경상사고,0,0,1,0,차대차 - 기타,안전운전불이행,건조,맑음,단일로 - 기타,승용,여,53세,상해없음,이륜,남,43세,경상
2014030100100218,2014년 3월 1일 10시,토요일,울산광역시 중구 약사동,경상사고,0,0,1,0,차량단독 - 공작물충돌,안전운전불이행,건조,맑음,단일로 - 기타,승용,남,67세,상해없음,,,,
2014030100100237,2014년 3월 1일 11시,토요일,울산광역시 중구 태화동,중상사고,0,1,0,0,차대차 - 추돌 - 진행중,안전거리미확보,건조,흐림,단일로 - 기타,승용,남,36세,상해없음,승용,여,23세,중상
2014030100100338,2014년 3월 1일 15시,토요일,울산광역시 울주군 온산읍,경상사고,0,0,1,0,차대차 - 측면직각충돌,중앙선침범,습기,비,단일로 - 기타,화물,남,42세,기타불명,승용,남,45세,경상
2014030100100363,2014년 3월 1일 16시,토요일,울산광역시 북구 염포동,중상사고,0,1,0,0,차대차 - 기타,안전운전불이행,습기,비,단일로 - 기타,이륜,남,42세,중상,승용,남,42세,상해없음
2014030100100464,2014년 3월 1일 19시,토요일,울산광역시 남구 무거동,경상사고,0,0,1,0,차대사람 - 횡단중,보행자보호의무위반,습기,비,단일로 - 횡단보도상,승용,남,25세,상해없음,보행자,여,44세,경상
2014030100100465,2014년 3월 1일 19시,토요일,울산광역시 울주군 언양읍,경상사고,0,0,1,0,차대사람 - 횡단중,보행자보호의무위반,습기,비,단일로 - 횡단보도상,화물,남,56세,상해없음,보행자,남,15세,경상
2014030100100526,2014년 3월 1일 21시,토요일,울산광역시 울주군 삼남면,경상사고,0,0,1,0,차대차 - 기타,안전운전불이행,습기,비,단일로 - 교량,승용,남,35세,상해없음,승용,남,51세,경상
2014030100100556,2014년 3월 1일 22시,토요일,울산광역시 남구 여천동,중상사고,0,1,0,0,차대차 - 측면직각충돌,신호위반,습기,비,교차로 - 교차로안,승용,남,76세,상해없음,승용,남,37세,중상
2014030100100557,2014년 3월 1일 22시,토요일,울산광역시 남구 두왕동,중상사고,0,1,0,0,차대차 - 기타,안전운전불이행,습기,비,단일로 - 기타,승용,남,46세,상해없음,승용,남,46세,중상
2014030100100558,2014년 3월 1일 22시,토요일,울산광역시 동구 동부동,경상사고,0,0,1,0,차대차 - 추돌 - 주정차중,안전운전불이행,건조,맑음,단일로 - 기타,승용,남,24세,상해없음,승합,남,52세,경상
2014030200100024,2014년 3월 2일 00시,일요일,울산광역시 남구 신정동,사망사고,1,0,0,0,차대사람 - 횡단중,안전운전불이행,습기,비,단일로 - 횡단보도부근,승용,남,26세,상해없음,보행자,남,53세,사망
2014030200100064,2014년 3월 2일 02시,일요일,울산광역시 남구 삼산동,중상사고,0,1,0,0,차대차 - 기타,안전거리미확보,건조,맑음,교차로 - 교차로부근,승용,여,33세,상해없음,승용,남,56세,중상
2014030200100087,2014년 3월 2일 04시,일요일,울산광역시 북구 진장동,중상사고,0,2,0,0,차대차 - 추돌 - 주정차중,안전운전불이행,건조,흐림,교차로 - 교차로부근,승용,남,31세,상해없음,승용,남,29세,중상
2014030200100094,2014년 3월 2일 05시,일요일,울산광역시 울주군 온산읍,중상사고,0,1,0,0,차대사람 - 횡단중,안전운전불이행,건조,맑음,교차로 - 교차로안,승합,남,57세,상해없음,보행자,여,52세,중상
2014030200100154,2014년 3월 2일 10시,일요일,울산광역시 울주군 언양읍,경상사고,0,0,1,0,차대사람 - 차도통행중,안전운전불이행,건조,맑음,단일로 - 기타,승용,여,44세,상해없음,보행자,여,76세,경상
2014030200100242,2014년 3월 2일 14시,일요일,울산광역시 중구 반구동,사망사고,1,0,2,0,차대사람 - 차도통행중,과속,건조,맑음,단일로 - 기타,승용,남,65세,상해없음,보행자,여,18세,사망
2014030200100314,2014년 3월 2일 17시,일요일,울산광역시 중구 남외동,경상사고,0,0,4,0,차대차 - 추돌 - 진행중,기타,건조,맑음,기타 - 기타,승용,남,22세,경상,승용,남,37세,경상
2014030200100356,2014년 3월 2일 18시,일요일,울산광역시 울주군 서생면,경상사고,0,0,1,0,차대차 - 기타,중앙선침범,건조,맑음,단일로 - 기타,이륜,남,33세,경상,승용,남,36세,상해없음
2014030200100408,2014년 3월 2일 20시,일요일,울산광역시 남구 달동,중상사고,0,1,4,0,차대차 - 추돌 - 주정차중,안전운전불이행,건조,맑음,교차로 - 교차로부근,승용,남,32세,상해없음,승용,여,53세,경상
2014030200100447,2014년 3월 2일 22시,일요일,울산광역시 남구 삼산동,중상사고,0,4,1,0,차대차 - 추돌 - 주정차중,안전거리미확보,건조,맑음,교차로 - 교차로부근,승용,남,47세,상해없음,승용,남,52세,중상
2014030200100459,2014년 3월 2일 23시,일요일,울산광역시 남구 무거동,경상사고,0,0,1,0,차대차 - 추돌 - 주정차중,안전운전불이행,건조,맑음,교차로 - 교차로부근,화물,남,48세,상해없음,승용,여,26세,경상
2014030300100009,2014년 3월 3일 00시,월요일,울산광역시 북구 진장동,경상사고,0,0,2,0,차대차 - 추돌 - 주정차중,안전운전불이행,건조,맑음,단일로 - 기타,승용,여,43세,상해없음,승용,여,47세,경상
2014030300100014,2014년 3월 3일 01시,월요일,울산광역시 남구 달동,중상사고,0,2,0,0,차대차 - 측면직각충돌,신호위반,건조,흐림,교차로 - 교차로안,승용,남,22세,상해없음,승용,남,56세,중상
2014030300100015,2014년 3월 3일 01시,월요일,울산광역시 북구 염포동,경상사고,0,0,2,0,차대차 - 기타,안전운전불이행,건조,맑음,단일로 - 기타,승용,남,29세,상해없음,승용,여,28세,상해없음
2014030300100017,2014년 3월 3일 02시,월요일,울산광역시 울주군 두동면,부상신고사고,0,0,0,2,차대차 - 기타,안전운전불이행,건조,맑음,단일로 - 기타,승용,남,27세,상해없음,승용,남,29세,상해없음
2014030300100049,2014년 3월 3일 06시,월요일,울산광역시 울주군 온산읍,경상사고,0,0,1,0,차대차 - 측면직각충돌,안전운전불이행,건조,맑음,단일로 - 기타,승용,남,66세,상해없음,승합,남,56세,경상
2014030300100130,2014년 3월 3일 08시,월요일,울산광역시 남구 신정동,경상사고,0,0,1,0,차대사람 - 횡단중,안전운전불이행,건조,맑음,단일로 - 기타,승용,남,35세,상해없음,보행자,여,62세,경상
2014030300100243,2014년 3월 3일 12시,월요일,울산광역시 북구 상안동,경상사고,0,0,1,0,차대차 - 측면직각충돌,안전운전불이행,건조,맑음,단일로 - 기타,승용,남,46세,상해없음,승용,남,36세,경상
2014030300100244,2014년 3월 3일 12시,월요일,울산광역시 남구 무거동,중상사고,0,1,0,0,차대차 - 기타,안전운전불이행,건조,맑음,단일로 - 기타,승용,남,32세,상해없음,원동기,남,36세,중상
2014030300100281,2014년 3월 3일 13시,월요일,울산광역시 동구 서부동,중상사고,0,1,1,0,차대차 - 측면직각충돌,안전운전불이행,건조,맑음,교차로 - 교차로안,승용,남,31세,상해없음,승용,여,57세,중상
2014030300100393,2014년 3월 3일 16시,월요일,울산광역시 남구 신정동,경상사고,0,0,1,0,차대사람 - 횡단중,안전운전불이행,건조,맑음,단일로 - 기타,승용,남,26세,상해없음,보행자,남,75세,경상
2014030300100455,2014년 3월 3일 18시,월요일,울산광역시 중구 태화동,경상사고,0,0,1,0,차대사람 - 기타,안전운전불이행,건조,맑음,교차로 - 교차로안,승용,여,53세,상해없음,보행자,여,38세,경상
2014030300100488,2014년 3월 3일 19시,월요일,울산광역시 북구 신천동,경상사고,0,0,1,1,차대차 - 측면직각충돌,신호위반,건조,맑음,교차로 - 교차로부근,이륜,남,22세,부상신고,승용,남,33세,경상
2014030300100527,2014년 3월 3일 20시,월요일,울산광역시 울주군 온양읍,중상사고,0,1,0,0,차대차 - 기타,중앙선침범,건조,맑음,단일로 - 기타,화물,남,48세,상해없음,화물,남,31세,중상
2014030300100585,2014년 3월 3일 22시,월요일,울산광역시 남구 무거동,중상사고,0,1,0,0,차대사람 - 기타,안전운전불이행,건조,맑음,단일로 - 기타,승용,남,26세,상해없음,보행자,남,24세,중상
2014030400100047,2014년 3월 4일 05시,화요일,울산광역시 북구 효문동,경상사고,0,0,1,1,차대차 - 기타,신호위반,건조,맑음,교차로 - 교차로안,승용,여,58세,부상신고,승용,남,61세,경상
2014030400100168,2014년 3월 4일 11시,화요일,울산광역시 울주군 온산읍,부상신고사고,0,0,0,1,차대차 - 기타,안전운전불이행,건조,맑음,기타 - 기타,특수,남,45세,상해없음,건설기계,남,57세,부상신고
2014030400100240,2014년 3월 4일 14시,화요일,울산광역시 남구 무거동,중상사고,0,1,0,0,차대차 - 측면직각충돌,안전운전불이행,건조,맑음,교차로 - 교차로부근,이륜,남,21세,중상,승용,남,42세,상해없음
2014030400100241,2014년 3월 4일 14시,화요일,울산광역시 북구 무룡동,경상사고,0,0,1,0,차대차 - 추돌 - 진행중,안전거리미확보,건조,맑음,단일로 - 기타,승용,남,44세,상해없음,승용,남,49세,경상
2014030400100293,2014년 3월 4일 16시,화요일,울산광역시 남구 신정동,중상사고,0,1,0,0,차대차 - 추돌 - 주정차중,안전운전불이행,건조,맑음,단일로 - 기타,승용,기타불명,기타불명,기타불명,화물,남,44세,중상
2014030400100294,2014년 3월 4일 16시,화요일,울산광역시 남구 무거동,경상사고,0,0,1,0,차대사람 - 기타,안전운전불이행,건조,맑음,교차로 - 교차로안,화물,남,51세,상해없음,보행자,여,65세,경상
2014030400100354,2014년 3월 4일 18시,화요일,울산광역시 울주군 언양읍,중상사고,0,1,0,0,차대차 - 측면직각충돌,교차로운행방법위반,건조,맑음,교차로 - 교차로안,승용,남,54세,상해없음,자전거,남,75세,중상
2014030400100504,2014년 3월 4일 23시,화요일,울산광역시 남구 신정동,중상사고,0,1,1,0,차대사람 - 기타,안전운전불이행,습기,비,교차로 - 교차로안,승용,여,55세,상해없음,보행자,남,46세,경상
2014030400100505,2014년 3월 4일 23시,화요일,울산광역시 울주군 청량면,부상신고사고,0,0,0,1,차량단독 - 공작물충돌,안전운전불이행,건조,맑음,단일로 - 기타,승용,남,26세,부상신고,,,,
2014030500100105,2014년 3월 5일 07시,수요일,울산광역시 남구 여천동,중상사고,0,1,0,0,차대차 - 추돌 - 진행중,기타,건조,맑음,교차로 - 교차로부근,승용,남,52세,중상,화물,남,46세,상해없음
2014030500100137,2014년 3월 5일 08시,수요일,울산광역시 울주군 온양읍,중상사고,0,1,0,0,차대사람 - 횡단중,안전운전불이행,건조,맑음,단일로 - 기타,승용,여,32세,상해없음,보행자,여,48세,중상
2014030500100301,2014년 3월 5일 14시,수요일,울산광역시 중구 반구동,중상사고,0,1,0,0,차대차 - 기타,안전운전불이행,건조,맑음,단일로 - 기타,화물,남,60세,상해없음,이륜,남,59세,중상
2014030500100490,2014년 3월 5일 19시,수요일,울산광역시 북구 매곡동,중상사고,0,1,0,0,차대차 - 기타,신호위반,건조,맑음,교차로 - 교차로안,승용,여,48세,상해없음,승용,남,27세,중상
2014030500100491,2014년 3월 5일 19시,수요일,울산광역시 남구 신정동,중상사고,0,1,0,0,차대차 - 측면직각충돌,신호위반,건조,맑음,교차로 - 교차로안,승용,여,45세,상해없음,승용,여,29세,중상
2014030500100579,2014년 3월 5일 22시,수요일,울산광역시 북구 호계동,중상사고,0,1,0,0,차대사람 - 기타,안전운전불이행,건조,맑음,단일로 - 기타,승용,남,39세,상해없음,보행자,남,15세,중상
2014030500100602,2014년 3월 5일 23시,수요일,울산광역시 동구 방어동,중상사고,0,1,0,0,차대차 - 추돌 - 진행중,안전운전불이행,건조,맑음,교차로 - 교차로안,승용,남,43세,상해없음,승용,남,61세,중상
2014030500100603,2014년 3월 5일 23시,수요일,울산광역시 울주군 온산읍,경상사고,0,0,1,0,차대사람 - 기타,안전운전불이행,건조,맑음,단일로 - 기타,승합,여,46세,상해없음,보행자,남,31세,경상
2014030500100604,2014년 3월 5일 23시,수요일,울산광역시 울주군 삼남면,부상신고사고,0,0,0,1,차대차 - 기타,중앙선침범,건조,맑음,단일로 - 기타,기타불명,기타불명,기타불명,기타불명,화물,남,51세,상해없음
2014030600100020,2014년 3월 6일 00시,목요일,울산광역시 남구 달동,중상사고,0,1,0,0,차대차 - 추돌 - 주정차중,안전운전불이행,건조,맑음,교차로 - 교차로부근,승용,남,35세,상해없음,승용,남,31세,중상
2014030600100034,2014년 3월 6일 01시,목요일,울산광역시 남구 무거동,중상사고,0,1,0,0,차대사람 - 기타,기타,건조,맑음,단일로 - 기타,승용,남,57세,상해없음,보행자,여,26세,중상
2014030600100074,2014년 3월 6일 06시,목요일,울산광역시 동구 방어동,경상사고,0,0,1,0,차대차 - 측면직각충돌,안전운전불이행,건조,맑음,단일로 - 기타,이륜,남,73세,상해없음,자전거,남,35세,경상
2014030600100075,2014년 3월 6일 06시,목요일,울산광역시 울주군 서생면,중상사고,0,2,2,1,차대차 - 정면충돌,중앙선침범,건조,맑음,단일로 - 기타,승용,남,26세,부상신고,승용,남,43세,경상
2014030600100142,2014년 3월 6일 08시,목요일,울산광역시 남구 무거동,중상사고,0,1,1,0,차대차 - 추돌 - 진행중,안전거리미확보,건조,맑음,단일로 - 교량,승용,여,39세,상해없음,승용,여,55세,중상
2014030600100187,2014년 3월 6일 10시,목요일,울산광역시 울주군 온산읍,중상사고,0,2,2,0,차대차 - 기타,신호위반,건조,맑음,교차로 - 교차로안,화물,남,56세,상해없음,건설기계,남,43세,중상
2014030600100473,2014년 3월 6일 21시,목요일,울산광역시 남구 야음동,경상사고,0,0,2,0,차대차 - 측면직각충돌,신호위반,건조,맑음,교차로 - 교차로부근,승용,여,58세,상해없음,승용,여,24세,경상
2014030600100502,2014년 3월 6일 22시,목요일,울산광역시 중구 태화동,경상사고,0,0,1,0,차대차 - 측면직각충돌,안전거리미확보,건조,맑음,단일로 - 기타,승용,여,50세,상해없음,승용,여,26세,경상
2014030700100012,2014년 3월 7일 00시,금요일,울산광역시 동구 방어동,경상사고,0,0,1,0,차대차 - 기타,안전운전불이행,건조,맑음,기타 - 기타,승용,남,30세,상해없음,승용,남,37세,경상
2014030700100098,2014년 3월 7일 07시,금요일,울산광역시 남구 야음동,경상사고,0,0,3,0,차대차 - 추돌 - 주정차중,안전운전불이행,건조,맑음,교차로 - 교차로부근,승용,남,31세,상해없음,승용,남,32세,경상
2014030700100099,2014년 3월 7일 07시,금요일,울산광역시 남구 신정동,중상사고,0,1,0,0,차대사람 - 기타,보행자보호의무위반,건조,맑음,단일로 - 기타,승용,여,43세,상해없음,보행자,남,12세,중상
2014030700100100,2014년 3월 7일 07시,금요일,울산광역시 동구 방어동,경상사고,0,0,1,0,차대차 - 측면직각충돌,안전거리미확보,건조,맑음,교차로 - 교차로안,승용,남,19세,상해없음,이륜,남,28세,경상
2014030700100165,2014년 3월 7일 09시,금요일,울산광역시 북구 효문동,경상사고,0,0,1,0,차대차 - 측면직각충돌,안전운전불이행,건조,맑음,단일로 - 기타,특수,남,51세,상해없음,화물,남,65세,경상
2014030700100284,2014년 3월 7일 14시,금요일,울산광역시 울주군 언양읍,중상사고,0,1,1,0,차대차 - 측면직각충돌,신호위반,건조,맑음,교차로 - 교차로안,승용,남,64세,중상,화물,남,34세,경상
2014030700100290,2014년 3월 7일 15시,금요일,울산광역시 울주군 언양읍,중상사고,0,1,2,2,차대차 - 추돌 - 진행중,안전운전불이행,건조,맑음,단일로 - 기타,승합,남,51세,상해없음,승용,남,31세,중상
2014030700100305,2014년 3월 7일 15시,금요일,울산광역시 북구 진장동,경상사고,0,0,2,0,차대차 - 추돌 - 진행중,신호위반,건조,맑음,교차로 - 교차로안,승용,여,49세,상해없음,승용,남,55세,경상
2014030700100337,2014년 3월 7일 16시,금요일,울산광역시 남구 신정동,중상사고,0,1,0,0,차대사람 - 기타,안전운전불이행,건조,맑음,교차로 - 교차로부근,승합,남,59세,상해없음,보행자,남,61세,중상
2014030700100366,2014년 3월 7일 17시,금요일,울산광역시 남구 달동,중상사고,0,2,0,0,차대차 - 기타,안전거리미확보,건조,맑음,단일로 - 기타,승용,남,56세,상해없음,승용,남,38세,중상
2014030700100400,2014년 3월 7일 18시,금요일,울산광역시 동구 전하동,경상사고,0,0,1,0,차대차 - 정면충돌,안전운전불이행,건조,맑음,교차로 - 교차로안,승용,여,33세,상해없음,이륜,남,49세,경상
2014030700100442,2014년 3월 7일 19시,금요일,울산광역시 북구 명촌동,중상사고,0,1,0,0,차대차 - 측면직각충돌,안전거리미확보,건조,맑음,단일로 - 기타,승용,남,36세,상해없음,이륜,남,16세,중상
2014030700100443,2014년 3월 7일 19시,금요일,울산광역시 울주군 언양읍,경상사고,0,0,2,0,차대차 - 추돌 - 주정차중,안전거리미확보,건조,맑음,교차로 - 교차로부근,화물,남,47세,상해없음,승용,남,48세,경상
2014030700100501,2014년 3월 7일 21시,금요일,울산광역시 중구 성남동,경상사고,0,0,1,0,차대차 - 기타,안전거리미확보,건조,맑음,단일로 - 기타,기타불명,기타불명,기타불명,기타불명,승용,남,18세,경상
2014030700100502,2014년 3월 7일 21시,금요일,울산광역시 동구 방어동,경상사고,0,0,1,0,차대차 - 기타,안전운전불이행,건조,맑음,교차로 - 교차로안,승용,남,53세,상해없음,이륜,남,26세,경상
2014030700100543,2014년 3월 7일 22시,금요일,울산광역시 남구 달동,경상사고,0,0,1,0,차대차 - 측면직각충돌,신호위반,건조,맑음,교차로 - 교차로안,승용,남,40세,상해없음,이륜,남,29세,경상