사고번호,사고일시,요일,시군구,사고내용,사망자수,중상자수,경상자수,부상신고자수,사고유형,법규위반,노면상태,기상상태,도로형태,가해운전자 차종,가해운전자 성별,가해운전자 연령,가해운전자 상해정도,피해운전자 차종,피해운전자 성별,피해운전자 연령,피해운전자 상해정도
2014031600100507,2014년 3월 16일 22시,일요일,울산광역시 남구 달동,중상사고,0,1,0,0,차대차 - 측면직각충돌,교차로운행방법위반,건조,맑음,교차로 - 교차로안,승용,여,45세,상해없음,원동기,남,20세,중상
2014031700100064,2014년 3월 17일 06시,월요일,울산광역시 남구 신정동,중상사고,0,1,0,0,차대사람 - 횡단중,안전운전불이행,건조,맑음,단일로 - 기타,승용,기타불명,기타불명,기타불명,보행자,여,75세,중상
2014031700100172,2014년 3월 17일 09시,월요일,울산광역시 중구 동동,경상사고,0,0,1,0,차대사람 - 기타,안전운전불이행,건조,맑음,교차로 - 교차로안,승용,남,18세,상해없음,보행자,여,74세,경상
2014031700100310,2014년 3월 17일 14시,월요일,울산광역시 북구 화봉동,경상사고,0,0,1,0,차대차 - 기타,기타,건조,맑음,단일로 - 기타,특수,남,44세,상해없음,화물,남,46세,경상
2014031700100334,2014년 3월 17일 15시,월요일,울산광역시 남구 신정동,경상사고,0,0,1,0,차대차 - 측면직각충돌,교차로운행방법위반,건조,맑음,교차로 - 교차로안,승합,남,41세,상해없음,승용,여,46세,경상
2014031700100335,2014년 3월 17일 15시,월요일,울산광역시 동구 서부동,중상사고,0,1,0,0,차대사람 - 기타,안전운전불이행,건조,맑음,단일로 - 기타,화물,남,48세,상해없음,보행자,남,4세,중상
2014031700100521,2014년 3월 17일 20시,월요일,울산광역시 남구 야음동,중상사고,0,1,0,0,차대사람 - 기타,안전운전불이행,건조,맑음,단일로 - 기타,화물,남,59세,상해없음,보행자,남,41세,중상
2014031700100522,2014년 3월 17일 20시,월요일,울산광역시 남구 선암동,경상사고,0,0,1,0,차대사람 - 기타,안전운전불이행,건조,맑음,교차로 - 교차로부근,승합,남,30세,상해없음,보행자,남,22세,경상
2014031700100595,2014년 3월 17일 22시,월요일,울산광역시 남구 달동,중상사고,0,1,0,0,차대사람 - 횡단중,안전운전불이행,건조,맑음,단일로 - 기타,승용,남,32세,상해없음,보행자,남,44세,중상
2014031700100623,2014년 3월 17일 23시,월요일,울산광역시 울주군 청량면,중상사고,0,1,0,0,차대차 - 정면충돌,중앙선침범,습기,비,단일로 - 기타,승용,여,32세,기타불명,승용,여,43세,중상
2014031800100026,2014년 3월 18일 00시,화요일,울산광역시 남구 달동,부상신고사고,0,0,0,1,차대사람 - 기타,안전운전불이행,습기,비,교차로 - 교차로부근,승용,남,25세,상해없음,보행자,남,27세,부상신고
2014031800100055,2014년 3월 18일 03시,화요일,울산광역시 울주군 삼남면,중상사고,0,1,0,0,차량단독 - 공작물충돌,안전운전불이행,습기,비,단일로 - 기타,승용,남,30세,중상,,,,
2014031800100152,2014년 3월 18일 08시,화요일,울산광역시 남구 삼산동,경상사고,0,0,1,0,차대차 - 측면직각충돌,신호위반,건조,맑음,교차로 - 교차로안,승용,남,32세,상해없음,화물,남,61세,경상
2014031800100200,2014년 3월 18일 10시,화요일,울산광역시 북구 명촌동,중상사고,0,1,2,0,차대차 - 측면직각충돌,교차로운행방법위반,건조,맑음,교차로 - 교차로안,승용,여,37세,경상,화물,남,43세,중상
2014031800100221,2014년 3월 18일 11시,화요일,울산광역시 중구 남외동,경상사고,0,0,1,0,차대차 - 정면충돌,교차로운행방법위반,건조,맑음,교차로 - 교차로안,이륜,남,21세,경상,화물,남,52세,상해없음
2014031800100420,2014년 3월 18일 17시,화요일,울산광역시 남구 신정동,경상사고,0,0,1,0,차대사람 - 횡단중,안전운전불이행,건조,맑음,단일로 - 횡단보도부근,기타불명,기타불명,기타불명,기타불명,보행자,남,8세,경상
2014031800100460,2014년 3월 18일 18시,화요일,울산광역시 울주군 언양읍,경상사고,0,0,1,0,차대사람 - 기타,안전운전불이행,건조,맑음,단일로 - 기타,승용,여,57세,상해없음,보행자,여,42세,경상
2014031800100501,2014년 3월 18일 19시,화요일,울산광역시 중구 다운동,중상사고,0,1,3,0,차대차 - 추돌 - 주정차중,안전운전불이행,건조,맑음,단일로 - 기타,승용,남,61세,중상,승용,여,55세,경상
2014031800100530,2014년 3월 18일 20시,화요일,울산광역시 남구 무거동,경상사고,0,0,2,0,차대차 - 측면직각충돌,교차로운행방법위반,건조,맑음,교차로 - 교차로안,승용,남,57세,상해없음,승용,여,53세,경상
2014031800100561,2014년 3월 18일 21시,화요일,울산광역시 중구 교동,경상사고,0,0,1,0,차대사람 - 기타,안전운전불이행,건조,흐림,단일로 - 기타,승용,남,52세,상해없음,보행자,남,36세,경상
2014031900100018,2014년 3월 19일 00시,수요일,울산광역시 남구 여천동,중상사고,0,1,1,0,차대차 - 추돌 - 주정차중,안전운전불이행,건조,맑음,단일로 - 기타,승용,남,29세,상해없음,건설기계,남,55세,경상
2014031900100061,2014년 3월 19일 05시,수요일,울산광역시 북구 호계동,사망사고,1,0,0,0,차대사람 - 기타,신호위반,건조,맑음,교차로 - 교차로부근,화물,남,61세,상해없음,보행자,남,85세,사망
2014031900100069,2014년 3월 19일 06시,수요일,울산광역시 북구 진장동,중상사고,0,1,1,0,차대차 - 측면직각충돌,안전운전불이행,건조,맑음,단일로 - 기타,이륜,남,47세,중상,이륜,남,43세,경상
2014031900100129,2014년 3월 19일 08시,수요일,울산광역시 울주군 삼남면,경상사고,0,0,1,0,차대차 - 측면직각충돌,신호위반,건조,맑음,교차로 - 교차로안,승용,여,47세,상해없음,승용,여,46세,경상
2014031900100252,2014년 3월 19일 13시,수요일,울산광역시 남구 삼산동,경상사고,0,0,1,0,차대차 - 추돌 - 진행중,안전거리미확보,건조,맑음,교차로 - 교차로부근,승용,남,47세,상해없음,승용,남,45세,경상
2014031900100285,2014년 3월 19일 14시,수요일,울산광역시 북구 효문동,중상사고,0,1,0,0,차대차 - 기타,중앙선침범,건조,맑음,단일로 - 기타,건설기계,남,54세,상해없음,승용,남,29세,중상
2014031900100286,2014년 3월 19일 14시,수요일,울산광역시 남구 야음동,경상사고,0,0,1,0,차대차 - 추돌 - 진행중,안전거리미확보,건조,맑음,교차로 - 교차로부근,승용,남,61세,상해없음,특수,남,27세,경상
2014031900100347,2014년 3월 19일 16시,수요일,울산광역시 북구 화봉동,경상사고,0,0,3,0,차대차 - 측면직각충돌,불법유턴,건조,맑음,교차로 - 교차로부근,승용,여,46세,기타불명,승합,남,41세,경상
2014031900100493,2014년 3월 19일 20시,수요일,울산광역시 북구 명촌동,경상사고,0,0,1,0,차대차 - 측면직각충돌,안전운전불이행,건조,맑음,단일로 - 기타,화물,남,38세,상해없음,승용,남,51세,경상
2014031900100494,2014년 3월 19일 20시,수요일,울산광역시 남구 삼산동,부상신고사고,0,0,0,1,차대사람 - 기타,보행자보호의무위반,건조,맑음,단일로 - 횡단보도상,승용,기타불명,기타불명,기타불명,보행자,남,18세,부상신고
2014031900100547,2014년 3월 19일 22시,수요일,울산광역시 남구 삼산동,중상사고,0,1,0,0,차대차 - 기타,교차로운행방법위반,기타,기타,교차로 - 교차로안,승용,남,20세,상해없음,이륜,남,31세,중상
2014031900100577,2014년 3월 19일 23시,수요일,울산광역시 남구 달동,경상사고,0,0,2,0,차대차 - 추돌 - 주정차중,안전운전불이행,건조,맑음,단일로 - 기타,승용,남,50세,상해없음,승용,남,50세,경상
2014032000100048,2014년 3월 20일 02시,목요일,울산광역시 울주군 언양읍,중상사고,0,2,0,0,차대차 - 추돌 - 진행중,안전운전불이행,건조,맑음,단일로 - 기타,승용,남,48세,중상,화물,남,50세,상해없음
2014032000100057,2014년 3월 20일 03시,목요일,울산광역시 남구 무거동,중상사고,0,1,0,0,차대사람 - 기타,안전운전불이행,기타,기타,단일로 - 기타,승용,남,34세,상해없음,보행자,남,48세,중상
2014032000100077,2014년 3월 20일 06시,목요일,울산광역시 북구 진장동,중상사고,0,1,0,0,차량단독 - 공작물충돌,안전운전불이행,습기,비,교차로 - 교차로부근,승용,여,32세,중상,,,,
2014032000100093,2014년 3월 20일 07시,목요일,울산광역시 남구 삼산동,중상사고,0,1,0,0,차대차 - 기타,신호위반,습기,비,교차로 - 교차로안,승용,남,53세,상해없음,승용,여,26세,중상
2014032000100122,2014년 3월 20일 08시,목요일,울산광역시 남구 삼산동,경상사고,0,0,1,0,차대차 - 측면직각충돌,신호위반,건조,맑음,교차로 - 교차로부근,승용,남,52세,상해없음,승용,남,26세,경상
2014032000100123,2014년 3월 20일 08시,목요일,울산광역시 동구 동부동,경상사고,0,0,1,0,차대사람 - 횡단중,보행자보호의무위반,건조,맑음,교차로 - 교차로안,승합,여,48세,상해없음,보행자,여,55세,경상
2014032000100248,2014년 3월 20일 13시,목요일,울산광역시 남구 삼산동,경상사고,0,0,1,0,차대차 - 기타,교차로운행방법위반,건조,맑음,교차로 - 교차로안,승용,여,28세,경상,승합,남,61세,상해없음
2014032000100249,2014년 3월 20일 13시,목요일,울산광역시 남구 옥동,중상사고,0,1,1,0,차대차 - 추돌 - 진행중,안전거리미확보,건조,맑음,교차로 - 교차로안,건설기계,남,56세,상해없음,승용,남,70세,경상
2014032000100415,2014년 3월 20일 18시,목요일,울산광역시 남구 야음동,중상사고,0,1,0,0,차대사람 - 횡단중,안전운전불이행,습기,비,단일로 - 기타,승용,남,37세,상해없음,보행자,남,61세,중상
2014032000100517,2014년 3월 20일 20시,목요일,울산광역시 남구 신정동,중상사고,0,1,3,0,차대차 - 추돌 - 진행중,안전거리미확보,습기,비,교차로 - 교차로부근,승용,남,47세,상해없음,승용,남,38세,경상
2014032000100553,2014년 3월 20일 21시,목요일,울산광역시 남구 달동,경상사고,0,0,2,0,차대사람 - 차도통행중,안전운전불이행,건조,흐림,교차로 - 교차로부근,승용,여,49세,상해없음,보행자,남,34세,경상
2014032000100599,2014년 3월 20일 22시,목요일,울산광역시 중구 약사동,중상사고,0,5,4,0,차대차 - 측면직각충돌,신호위반,습기,맑음,교차로 - 교차로안,승용,남,44세,기타불명,승용,남,52세,중상
2014032100100020,2014년 3월 21일 00시,금요일,울산광역시 울주군 온양읍,중상사고,0,1,1,0,차대차 - 기타,중앙선침범,건조,맑음,단일로 - 기타,승용,남,45세,상해없음,승용,남,43세,중상
2014032100100030,2014년 3월 21일 01시,금요일,울산광역시 남구 삼산동,중상사고,0,1,2,0,차대차 - 측면직각충돌,중앙선침범,건조,맑음,교차로 - 교차로부근,승용,남,53세,상해없음,승용,남,41세,중상
2014032100100046,2014년 3월 21일 03시,금요일,울산광역시 중구 반구동,중상사고,0,1,0,0,차량단독 - 공작물충돌,안전운전불이행,건조,맑음,단일로 - 기타,승용,남,42세,중상,,,,
2014032100100115,2014년 3월 21일 07시,금요일,울산광역시 남구 신정동,경상사고,0,0,1,0,차대사람 - 기타,안전운전불이행,건조,맑음,단일로 - 기타,승용,여,32세,기타불명,보행자,여,12세,경상
2014032100100116,2014년 3월 21일 07시,금요일,울산광역시 남구 삼산동,경상사고,0,0,1,0,차대차 - 기타,교차로운행방법위반,건조,맑음,교차로 - 교차로안,건설기계,남,64세,상해없음,승용,여,48세,경상
2014032100100131,2014년 3월 21일 08시,금요일,울산광역시 울주군 삼남면,경상사고,0,0,2,0,차대차 - 기타,안전운전불이행,건조,맑음,단일로 - 기타,승용,여,47세,상해없음,승용,남,45세,경상
2014032100100164,2014년 3월 21일 08시,금요일,울산광역시 중구 복산동,중상사고,0,1,0,0,차대사람 - 횡단중,보행자보호의무위반,건조,맑음,교차로 - 교차로안,승용,남,37세,상해없음,보행자,남,13세,중상
2014032100100165,2014년 3월 21일 08시,금요일,울산광역시 남구 여천동,경상사고,0,0,1,0,차대차 - 추돌 - 진행중,안전운전불이행,건조,맑음,교차로 - 교차로안,화물,남,44세,상해없음,승용,여,25세,경상
2014032100100197,2014년 3월 21일 09시,금요일,울산광역시 동구 화정동,중상사고,0,1,0,0,차대차 - 기타,직진우회전진행방해,건조,맑음,교차로 - 교차로안,이륜,남,65세,상해없음,이륜,남,66세,중상
2014032100100244,2014년 3월 21일 11시,금요일,울산광역시 동구 화정동,경상사고,0,0,1,0,차대사람 - 기타,안전운전불이행,건조,맑음,기타 - 기타,승용,남,22세,상해없음,보행자,여,72세,경상
2014032100100345,2014년 3월 21일 14시,금요일,울산광역시 남구 옥동,경상사고,0,0,1,0,차대차 - 측면직각충돌,안전운전불이행,건조,맑음,기타 - 기타,승용,남,52세,상해없음,승용,남,24세,경상
2014032100100375,2014년 3월 21일 15시,금요일,울산광역시 동구 방어동,경상사고,0,0,1,0,차대차 - 측면직각충돌,안전운전불이행,건조,맑음,기타 - 기타,승용,남,49세,상해없음,승용,남,46세,상해없음
2014032100100487,2014년 3월 21일 18시,금요일,울산광역시 남구 야음동,중상사고,0,1,0,0,차대차 - 측면직각충돌,중앙선침범,건조,맑음,교차로 - 교차로부근,승용,여,43세,상해없음,이륜,남,22세,중상
2014032100100488,2014년 3월 21일 18시,금요일,울산광역시 동구 일산동,경상사고,0,0,1,0,차대사람 - 기타,보행자보호의무위반,건조,맑음,단일로 - 기타,승용,여,26세,기타불명,보행자,남,6세,경상
2014032100100652,2014년 3월 21일 23시,금요일,울산광역시 울주군 언양읍,중상사고,0,2,0,0,차대차 - 추돌 - 진행중,안전운전불이행,건조,맑음,단일로 - 기타,승용,남,54세,상해없음,승용,여,44세,중상
2014032100100679,2014년 3월 21일 23시,금요일,울산광역시 북구 중산동,경상사고,0,0,1,0,차대차 - 측면직각충돌,신호위반,건조,맑음,교차로 - 교차로부근,승용,남,29세,상해없음,승용,남,51세,경상
2014032100100680,2014년 3월 21일 23시,금요일,울산광역시 북구 화봉동,중상사고,0,1,1,0,차량단독 - 공작물충돌,안전운전불이행,건조,맑음,미분류 - 미분류,승용,남,37세,중상,,,,
2014032100100681,2014년 3월 21일 23시,금요일,울산광역시 울주군 온산읍,경상사고,0,0,1,0,차대차 - 측면직각충돌,신호위반,건조,맑음,교차로 - 교차로안,승용,남,52세,상해없음,화물,남,42세,경상
2014032200100075,2014년 3월 22일 03시,토요일,울산광역시 남구 삼산동,경상사고,0,0,1,0,차대사람 - 차도통행중,안전운전불이행,건조,맑음,단일로 - 기타,승용,남,34세,상해없음,보행자,여,18세,경상
2014032200100093,2014년 3월 22일 04시,토요일,울산광역시 남구 삼산동,사망사고,1,0,0,0,차대사람 - 기타,안전운전불이행,건조,맑음,교차로 - 교차로안,승용,남,45세,상해없음,보행자,남,42세,사망
2014032200100094,2014년 3월 22일 04시,토요일,울산광역시 남구 무거동,중상사고,0,2,0,0,차대차 - 기타,중앙선침범,건조,맑음,단일로 - 기타,승용,남,28세,상해없음,승용,남,58세,중상
2014032200100107,2014년 3월 22일 05시,토요일,울산광역시 남구 두왕동,경상사고,0,0,1,0,차대차 - 추돌 - 진행중,안전운전불이행,건조,맑음,교차로 - 교차로부근,승용,남,56세,상해없음,승합,남,25세,경상
2014032200100149,2014년 3월 22일 07시,토요일,울산광역시 남구 장생포동,중상사고,0,1,0,0,차대차 - 정면충돌,중앙선침범,건조,맑음,단일로 - 기타,승용,남,58세,상해없음,승용,남,49세,중상
2014032200100150,2014년 3월 22일 07시,토요일,울산광역시 남구 달동,경상사고,0,0,1,0,차대차 - 기타,안전운전불이행,건조,맑음,교차로 - 교차로안,자전거,남,71세,경상,승용,남,42세,상해없음
2014032200100207,2014년 3월 22일 09시,토요일,울산광역시 동구 일산동,사망사고,1,0,0,0,차대차 - 추돌 - 진행중,안전거리미확보,건조,맑음,단일로 - 기타,이륜,남,56세,사망,승합,남,46세,상해없음
2014032200100254,2014년 3월 22일 11시,토요일,울산광역시 남구 황성동,중상사고,0,2,1,0,차대차 - 측면직각충돌,교차로운행방법위반,건조,맑음,교차로 - 교차로안,화물,남,46세,중상,화물,남,53세,경상
2014032200100343,2014년 3월 22일 14시,토요일,울산광역시 북구 연암동,경상사고,0,0,1,0,차대차 - 추돌 - 주정차중,안전운전불이행,건조,맑음,교차로 - 교차로부근,승용,남,51세,상해없음,화물,남,34세,경상
2014032200100383,2014년 3월 22일 15시,토요일,울산광역시 북구 염포동,경상사고,0,0,1,0,차대차 - 추돌 - 진행중,안전운전불이행,건조,맑음,단일로 - 기타,승용,남,73세,상해없음,화물,남,63세,경상
2014032200100453,2014년 3월 22일 17시,토요일,울산광역시 울주군 범서읍,경상사고,0,0,1,0,차대차 - 추돌 - 진행중,안전운전불이행,건조,맑음,단일로 - 교량,승용,남,61세,기타불명,승용,여,30세,경상
2014032200100481,2014년 3월 22일 18시,토요일,울산광역시 북구 신천동,경상사고,0,0,1,1,차대차 - 측면직각충돌,신호위반,건조,맑음,교차로 - 교차로안,이륜,남,16세,부상신고,승용,여,45세,경상
2014032200100523,2014년 3월 22일 19시,토요일,울산광역시 울주군 두서면,중상사고,0,1,0,0,차대사람 - 횡단중,신호위반,건조,맑음,교차로 - 교차로안,승용,남,50세,상해없음,보행자,남,15세,중상
2014032200100645,2014년 3월 22일 23시,토요일,울산광역시 남구 야음동,경상사고,0,0,1,0,차대차 - 측면직각충돌,교차로운행방법위반,건조,맑음,교차로 - 교차로안,승용,남,55세,상해없음,이륜,남,21세,경상
2014032300100031,2014년 3월 23일 00시,일요일,울산광역시 울주군 범서읍,중상사고,0,1,1,0,차대차 - 기타,교차로운행방법위반,건조,맑음,교차로 - 교차로안,승용,남,48세,상해없음,승용,남,28세,경상
2014032300100132,2014년 3월 23일 07시,일요일,울산광역시 남구 달동,경상사고,0,0,1,0,차대차 - 추돌 - 주정차중,안전운전불이행,건조,맑음,단일로 - 기타,승용,남,23세,상해없음,승용,남,27세,경상
2014032300100169,2014년 3월 23일 09시,일요일,울산광역시 중구 남외동,경상사고,0,0,1,0,차대차 - 측면직각충돌,신호위반,건조,맑음,교차로 - 교차로안,승용,여,53세,상해없음,이륜,남,18세,경상
2014032300100213,2014년 3월 23일 11시,일요일,울산광역시 남구 상개동,경상사고,0,0,1,0,차대차 - 기타,안전운전불이행,기타,기타,단일로 - 기타,승용,남,49세,상해없음,승용,남,30세,상해없음
2014032300100214,2014년 3월 23일 11시,일요일,울산광역시 울주군 상북면,중상사고,0,1,3,1,차대차 - 추돌 - 진행중,안전운전불이행,건조,맑음,단일로 - 기타,승용,남,60세,상해없음,승용,남,36세,경상
2014032300100261,2014년 3월 23일 13시,일요일,울산광역시 남구 무거동,경상사고,0,0,1,0,차대차 - 기타,안전운전불이행,건조,맑음,단일로 - 횡단보도부근,승용,남,75세,상해없음,자전거,남,68세,경상
2014032300100289,2014년 3월 23일 14시,일요일,울산광역시 중구 교동,중상사고,0,2,0,0,차대차 - 측면직각충돌,교차로운행방법위반,건조,맑음,교차로 - 교차로안,승합,남,57세,상해없음,승용,남,30세,중상
2014032300100290,2014년 3월 23일 14시,일요일,울산광역시 중구 복산동,경상사고,0,0,1,0,차대차 - 측면직각충돌,안전운전불이행,건조,맑음,단일로 - 기타,승용,남,45세,상해없음,승용,여,34세,경상
2014032300100413,2014년 3월 23일 18시,일요일,울산광역시 북구 연암동,경상사고,0,0,1,0,차대차 - 측면직각충돌,교차로운행방법위반,건조,맑음,교차로 - 교차로안,승용,남,23세,상해없음,이륜,남,16세,경상
2014032300100414,2014년 3월 23일 18시,일요일,울산광역시 울주군 언양읍,중상사고,0,1,0,0,차대사람 - 기타,안전운전불이행,건조,맑음,단일로 - 기타,승합,남,59세,상해없음,보행자,남,7세,중상
2014032300100505,2014년 3월 23일 21시,일요일,울산광역시 남구 삼산동,경상사고,0,0,2,0,차대차 - 추돌 - 주정차중,안전운전불이행,건조,맑음,단일로 - 기타,승용,여,36세,상해없음,승용,여,24세,경상
2014032300100528,2014년 3월 23일 22시,일요일,울산광역시 중구 복산동,경상사고,0,0,2,0,차대차 - 기타,안전운전불이행,건조,맑음,단일로 - 기타,화물,남,44세,상해없음,승용,여,26세,경상
2014032300100529,2014년 3월 23일 22시,일요일,울산광역시 중구 태화동,경상사고,0,0,1,0,차대차 - 측면직각충돌,안전운전불이행,건조,맑음,단일로 - 기타,승용,남,26세,상해없음,승용,남,46세,경상
2014032300100543,2014년 3월 23일 23시,일요일,울산광역시 동구 화정동,경상사고,0,0,1,0,차대사람 - 기타,안전운전불이행,건조,맑음,단일로 - 기타,승용,남,58세,상해없음,보행자,남,2세,경상
2014032400100107,2014년 3월 24일 07시,월요일,울산광역시 동구 일산동,중상사고,0,1,0,0,차대차 - 측면직각충돌,신호위반,건조,맑음,교차로 - 교차로안,승용,남,65세,상해없음,이륜,남,31세,중상
2014032400100386,2014년 3월 24일 16시,월요일,울산광역시 남구 무거동,부상신고사고,0,0,0,1,차대사람 - 기타,안전운전불이행,건조,맑음,단일로 - 기타,화물,남,50세,상해없음,보행자,남,55세,부상신고
2014032400100573,2014년 3월 24일 22시,월요일,울산광역시 남구 달동,경상사고,0,0,1,0,차대차 - 측면직각충돌,신호위반,건조,맑음,교차로 - 교차로안,승용,남,63세,상해없음,승용,남,64세,경상
2014032500100080,2014년 3월 25일 06시,화요일,울산광역시 남구 야음동,경상사고,0,0,1,0,차대차 - 측면직각충돌,안전운전불이행,건조,맑음,단일로 - 기타,승용,여,54세,상해없음,승용,남,59세,경상
2014032500100223,2014년 3월 25일 12시,화요일,울산광역시 남구 삼산동,경상사고,0,0,2,0,차대차 - 측면직각충돌,교차로운행방법위반,건조,맑음,교차로 - 교차로안,승용,여,31세,경상,승용,남,59세,경상
2014032500100250,2014년 3월 25일 13시,화요일,울산광역시 울주군 언양읍,경상사고,0,0,1,0,차대차 - 기타,신호위반,건조,맑음,교차로 - 교차로안,승용,남,78세,상해없음,승용,남,45세,경상
2014032500100277,2014년 3월 25일 14시,화요일,울산광역시 울주군 청량면,경상사고,0,0,1,1,차대차 - 기타,기타,건조,맑음,단일로 - 기타,특수,남,50세,상해없음,승용,남,38세,부상신고
2014032500100366,2014년 3월 25일 17시,화요일,울산광역시 남구 용연동,중상사고,0,2,0,0,차대차 - 기타,교차로운행방법위반,건조,맑음,교차로 - 교차로안,승용,여,50세,상해없음,승용,남,48세,중상
2014032500100367,2014년 3월 25일 17시,화요일,울산광역시 동구 방어동,중상사고,0,2,0,0,차대사람 - 횡단중,보행자보호의무위반,습기,비,교차로 - 교차로부근,승용,여,43세,상해없음,보행자,여,59세,중상
2014032500100408,2014년 3월 25일 18시,화요일,울산광역시 중구 복산동,중상사고,0,1,0,0,차대차 - 기타,중앙선침범,건조,맑음,단일로 - 기타,승용,남,57세,상해없음,이륜,남,16세,중상
2014032500100409,2014년 3월 25일 18시,화요일,울산광역시 울주군 삼남면,경상사고,0,0,2,0,차대차 - 기타,교차로운행방법위반,습기,비,교차로 - 교차로안,승용,남,46세,상해없음,승용,남,57세,상해없음
2014032500100410,2014년 3월 25일 18시,화요일,울산광역시 울주군 온양읍,경상사고,0,0,1,0,차대사람 - 길가장자리구역통행중,안전운전불이행,습기,비,단일로 - 기타,승용,여,32세,기타불명,보행자,여,14세,경상
2014032500100468,2014년 3월 25일 19시,화요일,울산광역시 울주군 서생면,부상신고사고,0,0,0,1,차대사람 - 기타,기타,습기,비,단일로 - 기타,기타불명,기타불명,기타불명,기타불명,보행자,여,48세,부상신고
2014032500100513,2014년 3월 25일 20시,화요일,울산광역시 중구 성남동,경상사고,0,0,1,0,차대차 - 추돌 - 진행중,안전운전불이행,습기,비,단일로 - 기타,승용,남,61세,상해없음,승용,남,53세,경상
2014032500100514,2014년 3월 25일 20시,화요일,울산광역시 남구 야음동,중상사고,0,1,0,0,차대사람 - 횡단중,신호위반,습기,비,교차로 - 교차로부근,원동기,남,54세,상해없음,보행자,남,65세,중상
2014032500100552,2014년 3월 25일 21시,화요일,울산광역시 중구 반구동,부상신고사고,0,0,0,1,차대차 - 측면직각충돌,안전운전불이행,습기,비,단일로 - 기타,승용,남,64세,상해없음,승용,남,44세,부상신고
2014032500100553,2014년 3월 25일 21시,화요일,울산광역시 남구 신정동,경상사고,0,0,1,0,차대차 - 추돌 - 주정차중,안전운전불이행,습기,비,단일로 - 기타,승용,남,54세,상해없음,승용,남,28세,경상
2014032500100605,2014년 3월 25일 22시,화요일,울산광역시 북구 천곡동,경상사고,0,0,1,0,차대사람 - 기타,안전운전불이행,습기,비,교차로 - 교차로부근,승합,여,58세,상해없음,보행자,여,16세,경상
2014032500100606,2014년 3월 25일 22시,화요일,울산광역시 울주군 온양읍,경상사고,0,0,1,1,차대차 - 기타,중앙선침범,습기,비,단일로 - 기타,승용,여,50세,상해없음,승합,남,50세,경상
2014032500100635,2014년 3월 25일 23시,화요일,울산광역시 남구 삼산동,경상사고,0,0,1,0,차대차 - 정면충돌,신호위반,습기,비,단일로 - 기타,승용,남,25세,상해없음,승용,남,38세,상해없음
2014032600100033,2014년 3월 26일 00시,수요일,울산광역시 중구 반구동,경상사고,0,0,2,0,차대차 - 추돌 - 주정차중,안전운전불이행,건조,맑음,단일로 - 기타,승용,남,44세,상해없음,승용,남,23세,경상
2014032600100034,2014년 3월 26일 00시,수요일,울산광역시 남구 삼산동,중상사고,0,2,0,0,차대사람 - 횡단중,안전운전불이행,습기,비,교차로 - 교차로부근,승용,남,53세,상해없음,보행자,남,32세,중상
2014032600100035,2014년 3월 26일 00시,수요일,울산광역시 남구 삼산동,경상사고,0,0,1,0,차대사람 - 횡단중,안전운전불이행,습기,비,단일로 - 기타,승용,남,26세,상해없음,보행자,여,22세,경상
2014032600100068,2014년 3월 26일 02시,수요일,울산광역시 남구 삼산동,중상사고,0,1,1,0,차대차 - 정면충돌,중앙선침범,습기,비,교차로 - 교차로부근,승용,남,29세,상해없음,승용,남,50세,중상
2014032600100080,2014년 3월 26일 03시,수요일,울산광역시 남구 신정동,중상사고,0,2,0,0,차대사람 - 횡단중,안전운전불이행,습기,비,교차로 - 교차로부근,승용,남,48세,상해없음,보행자,남,20세,중상
2014032600100081,2014년 3월 26일 03시,수요일,울산광역시 동구 서부동,경상사고,0,0,3,0,차대차 - 추돌 - 진행중,안전운전불이행,습기,흐림,교차로 - 교차로부근,승용,남,28세,상해없음,승용,남,28세,경상
2014032600100404,2014년 3월 26일 16시,수요일,울산광역시 남구 달동,중상사고,0,1,0,0,차량단독 - 전도전복,안전운전불이행,습기,비,단일로 - 기타,이륜,남,40세,중상,,,,
2014032600100405,2014년 3월 26일 16시,수요일,울산광역시 남구 달동,경상사고,0,0,2,0,차대차 - 추돌 - 주정차중,안전운전불이행,건조,맑음,단일로 - 기타,승용,남,58세,상해없음,승용,남,40세,경상
2014032600100406,2014년 3월 26일 16시,수요일,울산광역시 울주군 삼남면,중상사고,0,1,0,0,차대사람 - 기타,안전운전불이행,건조,맑음,단일로 - 기타,승용,여,39세,상해없음,보행자,여,4세,중상
2014032600100446,2014년 3월 26일 17시,수요일,울산광역시 북구 명촌동,경상사고,0,0,1,0,차대차 - 기타,안전운전불이행,습기,비,단일로 - 기타,승용,남,53세,상해없음,승용,남,27세,경상
2014032600100536,2014년 3월 26일 19시,수요일,울산광역시 남구 야음동,경상사고,0,0,1,0,차대차 - 측면직각충돌,안전운전불이행,습기,흐림,단일로 - 기타,승용,남,34세,상해없음,원동기,남,39세,경상
2014032600100640,2014년 3월 26일 22시,수요일,울산광역시 남구 달동,경상사고,0,0,1,0,차대사람 - 횡단중,안전운전불이행,습기,흐림,교차로 - 교차로부근,승용,남,46세,상해없음,보행자,남,49세,경상
2014032600100669,2014년 3월 26일 23시,수요일,울산광역시 동구 화정동,경상사고,0,0,1,0,차대차 - 추돌 - 주정차중,안전운전불이행,건조,맑음,단일로 - 기타,화물,남,38세,상해없음,승합,남,46세,경상