사고번호,사고일시,요일,시군구,사고내용,사망자수,중상자수,경상자수,부상신고자수,사고유형,법규위반,노면상태,기상상태,도로형태,가해운전자 차종,가해운전자 성별,가해운전자 연령,가해운전자 상해정도,피해운전자 차종,피해운전자 성별,피해운전자 연령,피해운전자 상해정도
2014032700100019,2014년 3월 27일 00시,목요일,울산광역시 울주군 범서읍,중상사고,0,1,0,0,차대차 - 추돌 - 주정차중,안전운전불이행,건조,맑음,단일로 - 기타,승용,남,25세,상해없음,승용,남,41세,중상
2014032700100047,2014년 3월 27일 02시,목요일,울산광역시 중구 복산동,중상사고,0,1,1,0,차대차 - 측면직각충돌,교차로운행방법위반,건조,맑음,교차로 - 교차로안,승용,여,36세,상해없음,승용,남,42세,중상
2014032700100081,2014년 3월 27일 06시,목요일,울산광역시 북구 진장동,중상사고,0,1,0,0,차대차 - 측면직각충돌,신호위반,건조,맑음,교차로 - 교차로안,승용,남,42세,상해없음,이륜,남,41세,중상
2014032700100082,2014년 3월 27일 06시,목요일,울산광역시 울주군 온산읍,경상사고,0,0,2,0,차대차 - 추돌 - 진행중,안전거리미확보,건조,맑음,단일로 - 기타,승용,남,30세,상해없음,승용,여,56세,경상
2014032700100211,2014년 3월 27일 10시,목요일,울산광역시 중구 남외동,경상사고,0,0,1,1,차대차 - 측면직각충돌,신호위반,건조,맑음,교차로 - 교차로안,승용,여,49세,부상신고,승용,남,29세,경상
2014032700100247,2014년 3월 27일 12시,목요일,울산광역시 중구 우정동,경상사고,0,0,1,0,차대차 - 측면직각충돌,안전운전불이행,건조,맑음,교차로 - 교차로부근,특수,남,62세,상해없음,승합,남,64세,상해없음
2014032700100270,2014년 3월 27일 13시,목요일,울산광역시 남구 무거동,중상사고,0,2,1,0,차대차 - 추돌 - 주정차중,안전거리미확보,건조,맑음,교차로 - 교차로안,이륜,남,28세,경상,승용,여,30세,중상
2014032700100301,2014년 3월 27일 14시,목요일,울산광역시 남구 옥동,경상사고,0,0,2,0,차대차 - 기타,중앙선침범,건조,맑음,단일로 - 기타,승용,남,52세,경상,승용,남,34세,경상
2014032700100411,2014년 3월 27일 17시,목요일,울산광역시 북구 중산동,경상사고,0,0,1,0,차량단독 - 공작물충돌,안전운전불이행,건조,맑음,단일로 - 기타,승용,남,51세,경상,,,,
2014032700100445,2014년 3월 27일 18시,목요일,울산광역시 남구 달동,경상사고,0,0,1,0,차대차 - 측면직각충돌,신호위반,건조,맑음,교차로 - 교차로부근,승용,남,67세,상해없음,승합,남,40세,경상
2014032700100491,2014년 3월 27일 19시,목요일,울산광역시 북구 연암동,경상사고,0,0,1,0,차대차 - 측면직각충돌,직진우회전진행방해,건조,맑음,교차로 - 교차로안,승용,남,54세,상해없음,승용,남,64세,상해없음
2014032700100513,2014년 3월 27일 20시,목요일,울산광역시 남구 야음동,경상사고,0,0,1,0,차대차 - 측면직각충돌,안전거리미확보,건조,맑음,단일로 - 기타,이륜,남,15세,경상,승용,남,58세,상해없음
2014032800100053,2014년 3월 28일 03시,금요일,울산광역시 울주군 청량면,경상사고,0,0,1,0,차량단독 - 공작물충돌,안전운전불이행,습기,안개,교차로 - 교차로부근,승용,남,58세,상해없음,,,,
2014032800100063,2014년 3월 28일 04시,금요일,울산광역시 남구 선암동,경상사고,0,0,1,0,차량단독 - 도로외이탈 - 기타,안전운전불이행,습기,안개,교차로 - 교차로부근,승합,남,34세,경상,,,,
2014032800100139,2014년 3월 28일 08시,금요일,울산광역시 중구 반구동,경상사고,0,0,1,0,차대차 - 추돌 - 주정차중,안전운전불이행,건조,맑음,단일로 - 기타,승용,남,66세,상해없음,승용,여,39세,경상
2014032800100173,2014년 3월 28일 09시,금요일,울산광역시 남구 무거동,중상사고,0,1,2,0,차대차 - 측면직각충돌,신호위반,건조,맑음,교차로 - 교차로안,승용,남,30세,경상,승용,여,56세,중상
2014032800100246,2014년 3월 28일 12시,금요일,울산광역시 남구 야음동,경상사고,0,0,1,0,차대사람 - 기타,안전운전불이행,기타,기타,단일로 - 기타,화물,남,26세,상해없음,보행자,여,75세,경상
2014032800100279,2014년 3월 28일 13시,금요일,울산광역시 남구 황성동,사망사고,1,0,0,0,차대차 - 기타,신호위반,건조,맑음,교차로 - 교차로안,화물,남,64세,상해없음,화물,남,58세,사망
2014032800100421,2014년 3월 28일 17시,금요일,울산광역시 중구 남외동,경상사고,0,0,1,0,차대사람 - 횡단중,보행자보호의무위반,건조,흐림,단일로 - 기타,승용,여,42세,상해없음,보행자,남,7세,경상
2014032800100450,2014년 3월 28일 18시,금요일,울산광역시 남구 삼산동,중상사고,0,1,0,0,차대차 - 측면직각충돌,안전운전불이행,건조,맑음,단일로 - 횡단보도상,승합,남,27세,상해없음,자전거,남,49세,중상
2014032800100498,2014년 3월 28일 19시,금요일,울산광역시 남구 무거동,중상사고,0,1,0,0,차대차 - 추돌 - 주정차중,안전거리미확보,건조,맑음,교차로 - 교차로안,승용,남,22세,상해없음,이륜,남,18세,중상
2014032800100544,2014년 3월 28일 20시,금요일,울산광역시 북구 중산동,경상사고,0,0,1,0,차대사람 - 기타,안전운전불이행,건조,맑음,단일로 - 기타,기타불명,기타불명,기타불명,기타불명,보행자,남,14세,경상
2014032800100619,2014년 3월 28일 22시,금요일,울산광역시 북구 명촌동,경상사고,0,0,1,0,차대차 - 측면직각충돌,안전거리미확보,건조,맑음,단일로 - 기타,승용,남,68세,상해없음,승용,남,28세,경상
2014032900100080,2014년 3월 29일 02시,토요일,울산광역시 남구 삼산동,경상사고,0,0,1,0,차대차 - 추돌 - 주정차중,안전운전불이행,건조,맑음,단일로 - 기타,승용,남,31세,상해없음,승용,남,37세,경상
2014032900100148,2014년 3월 29일 06시,토요일,울산광역시 남구 옥동,경상사고,0,0,1,0,차대차 - 정면충돌,중앙선침범,건조,맑음,교차로 - 교차로부근,승용,남,25세,상해없음,화물,남,42세,경상
2014032900100223,2014년 3월 29일 10시,토요일,울산광역시 울주군 범서읍,경상사고,0,0,1,1,차대차 - 정면충돌,중앙선침범,습기,비,단일로 - 기타,승용,남,39세,경상,화물,남,54세,부상신고
2014032900100309,2014년 3월 29일 13시,토요일,울산광역시 북구 효문동,경상사고,0,0,1,0,차대차 - 기타,안전거리미확보,건조,맑음,단일로 - 기타,특수,남,54세,상해없음,원동기,남,29세,경상
2014032900100310,2014년 3월 29일 13시,토요일,울산광역시 울주군 청량면,부상신고사고,0,0,0,1,차대차 - 기타,교차로운행방법위반,습기,비,교차로 - 교차로안,화물,남,46세,상해없음,자전거,남,11세,부상신고
2014032900100491,2014년 3월 29일 18시,토요일,울산광역시 중구 다운동,경상사고,0,0,1,0,차대사람 - 횡단중,보행자보호의무위반,습기,비,단일로 - 횡단보도상,승용,여,43세,상해없음,보행자,남,79세,경상
2014032900100537,2014년 3월 29일 19시,토요일,울산광역시 울주군 온산읍,중상사고,0,1,0,0,차대사람 - 횡단중,안전운전불이행,습기,비,단일로 - 기타,원동기,남,16세,상해없음,보행자,여,65세,중상
2014032900100573,2014년 3월 29일 20시,토요일,울산광역시 동구 방어동,중상사고,0,1,0,0,차대사람 - 기타,안전운전불이행,건조,맑음,단일로 - 기타,이륜,남,18세,상해없음,보행자,남,55세,중상
2014032900100654,2014년 3월 29일 22시,토요일,울산광역시 남구 삼산동,중상사고,0,3,2,0,차대차 - 기타,중앙선침범,습기,비,교차로 - 교차로안,승용,남,48세,상해없음,승용,남,24세,중상
2014032900100655,2014년 3월 29일 22시,토요일,울산광역시 남구 무거동,사망사고,2,1,0,0,차량단독 - 기타,안전운전불이행,습기,비,단일로 - 기타,승용,남,27세,사망,,,,
2014032900100709,2014년 3월 29일 23시,토요일,울산광역시 남구 달동,경상사고,0,0,1,0,차대차 - 기타,중앙선침범,습기,비,단일로 - 기타,승용,남,40세,상해없음,원동기,남,16세,경상
2014033000100030,2014년 3월 30일 00시,일요일,울산광역시 중구 태화동,경상사고,0,0,3,0,차대차 - 측면직각충돌,안전운전불이행,습기,비,단일로 - 기타,승용,남,39세,상해없음,승용,여,48세,경상
2014033000100031,2014년 3월 30일 00시,일요일,울산광역시 울주군 범서읍,중상사고,0,2,1,0,차대차 - 정면충돌,중앙선침범,습기,비,단일로 - 기타,승용,여,31세,중상,승합,남,49세,경상
2014033000100117,2014년 3월 30일 05시,일요일,울산광역시 남구 신정동,중상사고,0,1,0,0,차대사람 - 차도통행중,안전운전불이행,습기,비,단일로 - 기타,승용,남,56세,상해없음,보행자,남,38세,중상
2014033000100135,2014년 3월 30일 07시,일요일,울산광역시 울주군 서생면,중상사고,0,1,0,0,차량단독 - 공작물충돌,안전운전불이행,습기,비,단일로 - 기타,승용,남,32세,중상,,,,
2014033000100206,2014년 3월 30일 10시,일요일,울산광역시 남구 신정동,부상신고사고,0,0,0,1,차대차 - 추돌 - 진행중,안전거리미확보,습기,비,단일로 - 기타,승용,기타불명,기타불명,기타불명,원동기,남,41세,부상신고
2014033000100230,2014년 3월 30일 11시,일요일,울산광역시 울주군 범서읍,중상사고,0,2,1,0,차대차 - 기타,교차로운행방법위반,건조,맑음,교차로 - 교차로안,승용,여,58세,경상,승용,여,42세,중상
2014033000100316,2014년 3월 30일 14시,일요일,울산광역시 동구 서부동,경상사고,0,0,1,0,차대차 - 기타,안전운전불이행,건조,맑음,단일로 - 기타,이륜,남,36세,경상,승합,남,30세,상해없음
2014033000100343,2014년 3월 30일 15시,일요일,울산광역시 북구 명촌동,경상사고,0,0,1,0,차대차 - 기타,안전거리미확보,건조,맑음,단일로 - 교량,화물,남,59세,상해없음,승용,여,53세,경상
2014033000100404,2014년 3월 30일 17시,일요일,울산광역시 중구 다운동,중상사고,0,1,0,1,차대차 - 기타,중앙선침범,건조,맑음,교차로 - 교차로부근,승합,여,57세,부상신고,화물,남,68세,중상
2014033000100434,2014년 3월 30일 18시,일요일,울산광역시 남구 야음동,경상사고,0,0,2,0,차대차 - 기타,안전운전불이행,건조,맑음,교차로 - 교차로안,승용,남,51세,상해없음,승용,여,27세,경상
2014033000100491,2014년 3월 30일 20시,일요일,울산광역시 북구 호계동,부상신고사고,0,0,0,1,차대차 - 기타,안전운전불이행,건조,기타,단일로 - 기타,이륜,남,48세,부상신고,승용,남,29세,기타불명
2014033000100535,2014년 3월 30일 22시,일요일,울산광역시 동구 화정동,경상사고,0,0,1,0,차대차 - 측면직각충돌,중앙선침범,건조,맑음,단일로 - 기타,이륜,남,40세,상해없음,이륜,남,18세,경상
2014033000100552,2014년 3월 30일 23시,일요일,울산광역시 동구 일산동,경상사고,0,0,1,0,차대차 - 기타,신호위반,건조,맑음,교차로 - 교차로안,승용,남,26세,상해없음,승용,남,59세,상해없음
2014033100100015,2014년 3월 31일 00시,월요일,울산광역시 중구 성남동,경상사고,0,0,1,0,차대사람 - 기타,안전운전불이행,건조,맑음,교차로 - 교차로부근,승용,남,31세,상해없음,보행자,남,36세,경상
2014033100100016,2014년 3월 31일 00시,월요일,울산광역시 울주군 청량면,부상신고사고,0,0,0,1,차량단독 - 공작물충돌,안전운전불이행,습기,흐림,교차로 - 교차로부근,승용,남,65세,부상신고,,,,
2014033100100025,2014년 3월 31일 01시,월요일,울산광역시 울주군 청량면,부상신고사고,0,0,0,1,차대사람 - 기타,안전운전불이행,건조,맑음,교차로 - 교차로부근,승용,남,27세,상해없음,보행자,남,30세,부상신고
2014033100100050,2014년 3월 31일 05시,월요일,울산광역시 동구 화정동,경상사고,0,0,1,0,차대차 - 측면직각충돌,교차로운행방법위반,건조,맑음,교차로 - 교차로안,이륜,남,35세,경상,승합,남,56세,상해없음
2014033100100126,2014년 3월 31일 08시,월요일,울산광역시 남구 삼산동,경상사고,0,0,1,0,차대차 - 측면직각충돌,안전운전불이행,건조,맑음,교차로 - 교차로부근,화물,남,33세,상해없음,승용,여,27세,경상
2014033100100199,2014년 3월 31일 11시,월요일,울산광역시 남구 신정동,경상사고,0,0,1,0,차대차 - 측면직각충돌,안전거리미확보,건조,맑음,단일로 - 횡단보도상,자전거,남,64세,경상,화물,남,34세,상해없음
2014033100100285,2014년 3월 31일 14시,월요일,울산광역시 울주군 삼동면,사망사고,1,0,0,0,차대차 - 정면충돌,중앙선침범,건조,맑음,단일로 - 기타,건설기계,남,61세,상해없음,화물,남,70세,사망
2014033100100286,2014년 3월 31일 14시,월요일,울산광역시 울주군 언양읍,중상사고,0,1,1,0,차대차 - 측면직각충돌,교차로운행방법위반,건조,맑음,교차로 - 교차로안,승합,남,50세,상해없음,승합,여,65세,상해없음
2014033100100349,2014년 3월 31일 16시,월요일,울산광역시 남구 신정동,경상사고,0,0,1,0,차대사람 - 횡단중,안전운전불이행,건조,맑음,단일로 - 기타,승용,남,38세,상해없음,보행자,남,17세,경상
2014033100100389,2014년 3월 31일 17시,월요일,울산광역시 동구 방어동,중상사고,0,2,0,0,차대차 - 추돌 - 진행중,안전거리미확보,건조,맑음,단일로 - 기타,승용,남,43세,상해없음,이륜,남,24세,중상
2014033100100390,2014년 3월 31일 17시,월요일,울산광역시 동구 동부동,중상사고,0,1,0,0,차대차 - 측면직각충돌,직진우회전진행방해,건조,맑음,교차로 - 교차로안,승용,여,34세,상해없음,이륜,남,65세,중상
2014033100100427,2014년 3월 31일 18시,월요일,울산광역시 남구 고사동,사망사고,1,0,0,0,차대차 - 측면직각충돌,차로위반,건조,맑음,단일로 - 기타,승용,남,43세,상해없음,이륜,남,31세,사망
2014033100100476,2014년 3월 31일 20시,월요일,울산광역시 동구 일산동,경상사고,0,0,1,0,차대차 - 측면직각충돌,교차로운행방법위반,건조,맑음,교차로 - 교차로안,승용,여,50세,상해없음,이륜,남,57세,경상
2014033100100477,2014년 3월 31일 20시,월요일,울산광역시 울주군 온산읍,중상사고,0,2,0,0,차대차 - 기타,중앙선침범,건조,맑음,단일로 - 기타,승용,여,43세,상해없음,승용,남,34세,중상
2014033100100542,2014년 3월 31일 22시,월요일,울산광역시 남구 삼산동,중상사고,0,1,0,0,차대차 - 측면직각충돌,중앙선침범,건조,맑음,단일로 - 기타,승용,남,48세,상해없음,원동기,남,35세,중상
2014040100100021,2014년 4월 1일 00시,화요일,울산광역시 북구 명촌동,경상사고,0,0,1,0,차대사람 - 기타,안전운전불이행,건조,맑음,교차로 - 교차로안,승용,남,40세,상해없음,보행자,남,51세,경상
2014040100100043,2014년 4월 1일 01시,화요일,울산광역시 중구 학성동,경상사고,0,0,1,0,차대사람 - 기타,안전운전불이행,건조,맑음,단일로 - 기타,이륜,여,22세,상해없음,보행자,남,40세,경상
2014040100100072,2014년 4월 1일 05시,화요일,울산광역시 남구 상개동,경상사고,0,0,1,0,차대차 - 측면직각충돌,중앙선침범,건조,맑음,교차로 - 교차로부근,승용,남,47세,상해없음,승용,남,59세,경상
2014040100100114,2014년 4월 1일 07시,화요일,울산광역시 동구 전하동,경상사고,0,0,2,0,차대차 - 추돌 - 진행중,안전거리미확보,건조,맑음,단일로 - 기타,승용,남,29세,상해없음,승용,남,66세,경상
2014040100100179,2014년 4월 1일 09시,화요일,울산광역시 중구 반구동,경상사고,0,0,1,0,차대차 - 추돌 - 진행중,안전운전불이행,건조,맑음,단일로 - 기타,승용,남,25세,상해없음,승용,남,48세,경상
2014040100100206,2014년 4월 1일 10시,화요일,울산광역시 중구 성남동,경상사고,0,0,2,0,차대차 - 기타,기타,건조,맑음,단일로 - 기타,화물,남,20세,상해없음,승용,여,28세,경상
2014040100100234,2014년 4월 1일 11시,화요일,울산광역시 울주군 온산읍,경상사고,0,0,1,0,차대차 - 기타,교차로운행방법위반,건조,맑음,교차로 - 교차로안,화물,남,33세,기타불명,화물,남,33세,경상
2014040100100235,2014년 4월 1일 11시,화요일,울산광역시 울주군 온양읍,중상사고,0,1,0,0,차대차 - 기타,교차로운행방법위반,건조,맑음,교차로 - 교차로안,건설기계,남,52세,상해없음,승용,남,66세,중상
2014040100100326,2014년 4월 1일 14시,화요일,울산광역시 중구 우정동,경상사고,0,0,1,0,차량단독 - 기타,안전운전불이행,건조,맑음,단일로 - 기타,승합,남,38세,상해없음,,,,
2014040100100327,2014년 4월 1일 14시,화요일,울산광역시 남구 상개동,경상사고,0,0,1,0,차대사람 - 기타,신호위반,건조,맑음,교차로 - 교차로안,이륜,남,41세,상해없음,보행자,남,33세,경상
2014040100100336,2014년 4월 1일 15시,화요일,울산광역시 울주군 언양읍,사망사고,1,2,3,1,차대차 - 기타,안전운전불이행,건조,맑음,단일로 - 기타,화물,남,34세,사망,승용,남,48세,경상
2014040100100359,2014년 4월 1일 15시,화요일,울산광역시 남구 매암동,경상사고,0,0,1,0,차대사람 - 기타,안전운전불이행,건조,맑음,단일로 - 기타,승용,남,35세,상해없음,보행자,여,45세,경상
2014040100100405,2014년 4월 1일 16시,화요일,울산광역시 북구 중산동,경상사고,0,0,2,0,차대차 - 추돌 - 진행중,안전운전불이행,건조,맑음,단일로 - 기타,화물,남,50세,상해없음,승용,여,60세,경상
2014040100100452,2014년 4월 1일 17시,화요일,울산광역시 남구 달동,경상사고,0,0,2,0,차대차 - 추돌 - 주정차중,안전거리미확보,건조,맑음,단일로 - 기타,화물,남,51세,상해없음,승용,남,61세,경상
2014040100100561,2014년 4월 1일 20시,화요일,울산광역시 동구 방어동,중상사고,0,1,1,0,차대사람 - 기타,신호위반,건조,맑음,단일로 - 횡단보도상,승용,남,26세,상해없음,보행자,남,56세,경상
2014040100100630,2014년 4월 1일 23시,화요일,울산광역시 남구 삼산동,중상사고,0,1,0,0,차대차 - 측면직각충돌,교차로운행방법위반,건조,맑음,교차로 - 교차로안,승용,남,37세,상해없음,승용,남,47세,상해없음
2014040200100012,2014년 4월 2일 00시,수요일,울산광역시 동구 서부동,경상사고,0,0,2,0,차대차 - 측면직각충돌,안전거리미확보,건조,맑음,단일로 - 기타,승용,남,51세,상해없음,승용,남,54세,경상
2014040200100052,2014년 4월 2일 05시,수요일,울산광역시 중구 반구동,중상사고,0,1,0,0,차대차 - 측면직각충돌,안전거리미확보,건조,맑음,단일로 - 기타,승용,남,57세,상해없음,이륜,남,38세,중상
2014040200100099,2014년 4월 2일 07시,수요일,울산광역시 중구 태화동,부상신고사고,0,0,0,2,차대차 - 기타,안전거리미확보,건조,맑음,단일로 - 기타,승용,남,29세,상해없음,승용,남,38세,부상신고
2014040200100100,2014년 4월 2일 07시,수요일,울산광역시 남구 야음동,경상사고,0,0,2,0,차대차 - 정면충돌,안전운전불이행,건조,맑음,기타 - 기타,승용,남,70세,상해없음,자전거,남,14세,경상
2014040200100136,2014년 4월 2일 08시,수요일,울산광역시 중구 복산동,중상사고,0,1,4,0,차대차 - 추돌 - 주정차중,안전운전불이행,건조,맑음,단일로 - 기타,화물,남,30세,경상,승용,남,44세,중상
2014040200100137,2014년 4월 2일 08시,수요일,울산광역시 중구 복산동,중상사고,0,1,0,0,차대사람 - 기타,안전운전불이행,건조,맑음,단일로 - 기타,승용,여,48세,상해없음,보행자,여,14세,중상
2014040200100162,2014년 4월 2일 09시,수요일,울산광역시 남구 신정동,중상사고,0,1,0,0,차대차 - 측면직각충돌,안전운전불이행,건조,맑음,단일로 - 횡단보도상,자전거,여,56세,중상,승용,남,68세,상해없음
2014040200100195,2014년 4월 2일 10시,수요일,울산광역시 북구 신천동,경상사고,0,0,1,0,차대차 - 측면직각충돌,중앙선침범,건조,맑음,단일로 - 기타,승용,남,62세,상해없음,승용,남,46세,경상
2014040200100247,2014년 4월 2일 12시,수요일,울산광역시 동구 전하동,중상사고,0,1,0,0,차대사람 - 기타,안전운전불이행,건조,맑음,교차로 - 교차로안,건설기계,남,35세,상해없음,보행자,여,83세,중상
2014040200100309,2014년 4월 2일 14시,수요일,울산광역시 중구 반구동,경상사고,0,0,3,0,차대차 - 측면직각충돌,안전운전불이행,건조,맑음,교차로 - 교차로부근,승용,남,56세,경상,승용,남,35세,경상
2014040200100310,2014년 4월 2일 14시,수요일,울산광역시 남구 삼산동,경상사고,0,0,1,0,차대차 - 기타,안전운전불이행,기타,맑음,단일로 - 기타,승용,남,37세,상해없음,자전거,남,67세,경상
2014040200100340,2014년 4월 2일 15시,수요일,울산광역시 북구 연암동,중상사고,0,2,4,0,차대차 - 추돌 - 주정차중,안전운전불이행,건조,맑음,단일로 - 기타,화물,남,29세,경상,승용,여,27세,중상
2014040200100341,2014년 4월 2일 15시,수요일,울산광역시 동구 화정동,경상사고,0,0,1,0,차대차 - 측면직각충돌,안전운전불이행,건조,맑음,교차로 - 교차로안,승용,남,50세,상해없음,승용,남,56세,경상
2014040200100375,2014년 4월 2일 16시,수요일,울산광역시 중구 태화동,경상사고,0,0,2,0,차대차 - 추돌 - 주정차중,안전운전불이행,건조,맑음,단일로 - 기타,승합,남,38세,상해없음,승합,남,45세,경상
2014040200100449,2014년 4월 2일 18시,수요일,울산광역시 북구 화봉동,경상사고,0,0,3,0,차대차 - 기타,교차로운행방법위반,건조,맑음,교차로 - 교차로안,승용,여,42세,상해없음,화물,남,67세,경상
2014040200100450,2014년 4월 2일 18시,수요일,울산광역시 울주군 온산읍,중상사고,0,1,1,0,차대차 - 측면직각충돌,교차로운행방법위반,건조,맑음,교차로 - 교차로안,승용,남,60세,상해없음,이륜,남,13세,중상
2014040200100489,2014년 4월 2일 19시,수요일,울산광역시 중구 복산동,경상사고,0,0,4,0,차대차 - 추돌 - 진행중,안전거리미확보,건조,맑음,교차로 - 교차로부근,승용,여,54세,상해없음,승합,남,47세,경상
2014040200100490,2014년 4월 2일 19시,수요일,울산광역시 중구 반구동,경상사고,0,0,1,0,차대사람 - 기타,안전운전불이행,건조,맑음,단일로 - 기타,승용,남,25세,상해없음,보행자,남,59세,경상
2014040200100491,2014년 4월 2일 19시,수요일,울산광역시 남구 선암동,경상사고,0,0,1,0,차대사람 - 기타,안전운전불이행,건조,맑음,교차로 - 교차로부근,승용,여,42세,상해없음,보행자,여,54세,경상
2014040200100492,2014년 4월 2일 19시,수요일,울산광역시 울주군 범서읍,경상사고,0,0,1,0,차대차 - 기타,신호위반,건조,맑음,교차로 - 교차로부근,기타불명,기타불명,기타불명,기타불명,승용,여,41세,경상
2014040200100493,2014년 4월 2일 19시,수요일,울산광역시 울주군 삼남면,경상사고,0,0,3,0,차대차 - 추돌 - 진행중,안전운전불이행,건조,맑음,단일로 - 기타,승용,남,55세,상해없음,승용,남,56세,경상
2014040200100608,2014년 4월 2일 22시,수요일,울산광역시 중구 장현동,경상사고,0,0,2,0,차대차 - 추돌 - 주정차중,안전거리미확보,건조,맑음,단일로 - 기타,승용,여,27세,상해없음,승용,여,41세,경상
2014040300100036,2014년 4월 3일 01시,목요일,울산광역시 남구 달동,중상사고,0,1,0,0,차대사람 - 횡단중,안전운전불이행,건조,맑음,교차로 - 교차로부근,승용,여,58세,상해없음,보행자,남,21세,중상
2014040300100037,2014년 4월 3일 01시,목요일,울산광역시 동구 방어동,경상사고,0,0,2,0,차대차 - 기타,안전거리미확보,건조,맑음,단일로 - 기타,승용,남,63세,상해없음,승용,남,32세,상해없음
2014040300100105,2014년 4월 3일 07시,목요일,울산광역시 동구 방어동,경상사고,0,0,1,0,차대사람 - 기타,안전운전불이행,건조,맑음,교차로 - 교차로부근,승합,남,32세,상해없음,보행자,남,39세,경상
2014040300100192,2014년 4월 3일 10시,목요일,울산광역시 울주군 언양읍,경상사고,0,0,1,0,차대차 - 기타,안전거리미확보,건조,맑음,단일로 - 기타,이륜,남,21세,경상,승용,남,53세,상해없음
2014040300100224,2014년 4월 3일 11시,목요일,울산광역시 북구 상안동,중상사고,0,1,0,0,차대차 - 기타,안전거리미확보,건조,맑음,교차로 - 교차로부근,승용,남,56세,상해없음,원동기,남,37세,중상
2014040300100285,2014년 4월 3일 13시,목요일,울산광역시 울주군 삼남면,중상사고,0,1,0,0,차대차 - 정면충돌,안전운전불이행,건조,맑음,단일로 - 기타,승용,남,38세,기타불명,원동기,남,44세,중상
2014040300100362,2014년 4월 3일 16시,목요일,울산광역시 중구 복산동,경상사고,0,0,1,0,차대사람 - 기타,안전운전불이행,건조,흐림,단일로 - 기타,승합,남,60세,상해없음,보행자,남,46세,경상
2014040300100394,2014년 4월 3일 17시,목요일,울산광역시 남구 옥동,경상사고,0,0,1,0,차대사람 - 길가장자리구역통행중,안전운전불이행,건조,맑음,단일로 - 기타,승용,기타불명,기타불명,기타불명,보행자,남,6세,경상
2014040300100468,2014년 4월 3일 19시,목요일,울산광역시 북구 신천동,경상사고,0,0,1,0,차대차 - 추돌 - 주정차중,안전운전불이행,습기,비,단일로 - 기타,승용,남,56세,상해없음,승용,여,47세,경상
2014040300100469,2014년 4월 3일 19시,목요일,울산광역시 울주군 범서읍,중상사고,0,1,0,0,차대사람 - 횡단중,안전운전불이행,습기,비,교차로 - 교차로안,화물,남,65세,상해없음,보행자,남,64세,중상
2014040300100504,2014년 4월 3일 20시,목요일,울산광역시 남구 야음동,중상사고,0,1,0,0,차대사람 - 횡단중,안전운전불이행,습기,비,교차로 - 교차로안,승용,여,73세,상해없음,보행자,여,48세,중상
2014040300100543,2014년 4월 3일 21시,목요일,울산광역시 북구 호계동,중상사고,0,1,0,0,차대사람 - 횡단중,보행자보호의무위반,건조,맑음,단일로 - 횡단보도상,승용,남,59세,상해없음,보행자,남,37세,중상
2014040300100544,2014년 4월 3일 21시,목요일,울산광역시 중구 복산동,경상사고,0,0,2,0,차대차 - 기타,안전운전불이행,습기,비,단일로 - 기타,승용,남,22세,상해없음,승용,남,25세,경상
2014040300100576,2014년 4월 3일 22시,목요일,울산광역시 남구 야음동,경상사고,0,0,1,0,차대차 - 측면직각충돌,안전운전불이행,습기,비,단일로 - 기타,승용,여,63세,상해없음,승용,남,47세,경상
2014040300100577,2014년 4월 3일 22시,목요일,울산광역시 남구 신정동,경상사고,0,0,1,0,차대차 - 추돌 - 주정차중,안전운전불이행,습기,비,단일로 - 횡단보도부근,승용,남,52세,상해없음,승용,남,35세,경상
2014040300100578,2014년 4월 3일 22시,목요일,울산광역시 울주군 범서읍,중상사고,0,1,0,0,차대사람 - 길가장자리구역통행중,보행자보호의무위반,습기,비,단일로 - 기타,승용,여,37세,상해없음,보행자,남,50세,중상
2014040300100579,2014년 4월 3일 22시,목요일,울산광역시 울주군 범서읍,중상사고,0,1,0,0,차대사람 - 기타,안전운전불이행,습기,비,단일로 - 기타,승용,남,18세,상해없음,보행자,남,43세,중상
2014040300100623,2014년 4월 3일 23시,목요일,울산광역시 북구 명촌동,경상사고,0,0,1,0,차대사람 - 기타,안전운전불이행,습기,비,단일로 - 횡단보도부근,기타불명,기타불명,기타불명,기타불명,보행자,남,48세,경상
2014040300100624,2014년 4월 3일 23시,목요일,울산광역시 남구 신정동,경상사고,0,0,1,0,차대차 - 추돌 - 진행중,안전거리미확보,습기,비,교차로 - 교차로부근,화물,남,48세,상해없음,승용,남,61세,경상
2014040400100026,2014년 4월 4일 00시,금요일,울산광역시 울주군 온산읍,경상사고,0,0,1,0,차대차 - 추돌 - 진행중,교차로운행방법위반,습기,비,교차로 - 교차로안,화물,남,45세,상해없음,승용,남,21세,경상
2014040400100062,2014년 4월 4일 02시,금요일,울산광역시 중구 성안동,중상사고,0,3,1,0,차대차 - 추돌 - 진행중,중앙선침범,습기,비,교차로 - 교차로안,승용,남,43세,경상,승용,남,56세,중상
2014040400100128,2014년 4월 4일 07시,금요일,울산광역시 남구 옥동,경상사고,0,0,2,0,차대차 - 추돌 - 주정차중,안전거리미확보,건조,맑음,교차로 - 교차로부근,승용,남,33세,상해없음,승용,여,49세,경상
2014040400100164,2014년 4월 4일 08시,금요일,울산광역시 남구 용연동,중상사고,0,1,0,0,차대사람 - 길가장자리구역통행중,안전운전불이행,건조,맑음,단일로 - 기타,화물,남,52세,상해없음,보행자,남,40세,중상
2014040400100191,2014년 4월 4일 09시,금요일,울산광역시 남구 무거동,경상사고,0,0,1,0,차대차 - 측면직각충돌,신호위반,건조,맑음,교차로 - 교차로안,승용,남,55세,상해없음,승용,여,23세,경상