사고번호,사고일시,요일,시군구,사고내용,사망자수,중상자수,경상자수,부상신고자수,사고유형,법규위반,노면상태,기상상태,도로형태,가해운전자 차종,가해운전자 성별,가해운전자 연령,가해운전자 상해정도,피해운전자 차종,피해운전자 성별,피해운전자 연령,피해운전자 상해정도
2014040400100192,2014년 4월 4일 09시,금요일,울산광역시 동구 서부동,중상사고,0,1,0,0,차대사람 - 횡단중,안전운전불이행,건조,맑음,교차로 - 교차로안,특수,남,44세,상해없음,보행자,여,83세,중상
2014040400100256,2014년 4월 4일 11시,금요일,울산광역시 남구 야음동,경상사고,0,0,1,0,차대차 - 추돌 - 주정차중,안전거리미확보,건조,맑음,교차로 - 교차로부근,승용,남,47세,상해없음,승용,남,61세,경상
2014040400100284,2014년 4월 4일 12시,금요일,울산광역시 남구 신정동,중상사고,0,1,0,0,차대차 - 측면직각충돌,안전운전불이행,건조,맑음,단일로 - 기타,승용,여,46세,상해없음,원동기,남,31세,중상
2014040400100303,2014년 4월 4일 13시,금요일,울산광역시 북구 양정동,경상사고,0,0,1,0,차대차 - 추돌 - 진행중,안전운전불이행,건조,맑음,기타 - 기타,승합,남,56세,상해없음,승용,여,39세,경상
2014040400100348,2014년 4월 4일 14시,금요일,울산광역시 남구 달동,경상사고,0,0,1,0,차대차 - 추돌 - 주정차중,안전거리미확보,건조,맑음,단일로 - 횡단보도부근,승용,남,55세,상해없음,승용,남,33세,경상
2014040400100349,2014년 4월 4일 14시,금요일,울산광역시 동구 일산동,경상사고,0,0,2,0,차대차 - 추돌 - 진행중,안전운전불이행,건조,맑음,교차로 - 교차로부근,승용,여,30세,상해없음,승용,남,57세,경상
2014040400100428,2014년 4월 4일 16시,금요일,울산광역시 중구 우정동,중상사고,0,1,0,0,차대차 - 추돌 - 주정차중,안전운전불이행,건조,맑음,교차로 - 교차로부근,화물,남,56세,상해없음,승용,여,43세,중상
2014040400100550,2014년 4월 4일 19시,금요일,울산광역시 중구 태화동,부상신고사고,0,0,0,1,차대차 - 측면직각충돌,안전운전불이행,건조,맑음,단일로 - 기타,원동기,남,39세,부상신고,승용,남,49세,상해없음
2014040400100551,2014년 4월 4일 19시,금요일,울산광역시 중구 태화동,중상사고,0,1,0,0,차량단독 - 기타,안전운전불이행,건조,맑음,교차로 - 교차로안,자전거,남,68세,중상,,,,
2014040400100552,2014년 4월 4일 19시,금요일,울산광역시 동구 방어동,중상사고,0,1,1,0,차대차 - 기타,신호위반,건조,맑음,교차로 - 교차로안,이륜,남,38세,중상,승용,남,50세,상해없음
2014040400100589,2014년 4월 4일 20시,금요일,울산광역시 중구 성안동,중상사고,0,1,0,0,차대차 - 기타,안전운전불이행,건조,맑음,교차로 - 교차로안,승용,남,56세,상해없음,이륜,남,22세,중상
2014040400100622,2014년 4월 4일 21시,금요일,울산광역시 울주군 삼남면,경상사고,0,0,1,0,차대차 - 기타,안전운전불이행,건조,흐림,단일로 - 기타,승용,남,58세,상해없음,승용,여,25세,경상
2014040400100658,2014년 4월 4일 22시,금요일,울산광역시 북구 명촌동,중상사고,0,1,1,0,차대차 - 기타,중앙선침범,습기,비,단일로 - 기타,승용,남,54세,상해없음,승용,남,37세,상해없음
2014040400100688,2014년 4월 4일 23시,금요일,울산광역시 울주군 청량면,중상사고,0,1,0,1,차대차 - 추돌 - 주정차중,안전운전불이행,습기,비,교차로 - 교차로부근,승용,남,52세,중상,승합,남,56세,상해없음
2014040500100043,2014년 4월 5일 01시,토요일,울산광역시 남구 삼산동,경상사고,0,0,2,0,차대차 - 정면충돌,중앙선침범,습기,비,교차로 - 교차로안,승용,남,57세,경상,승용,남,59세,경상
2014040500100147,2014년 4월 5일 08시,토요일,울산광역시 북구 명촌동,중상사고,0,1,0,0,차대차 - 기타,안전거리미확보,건조,맑음,단일로 - 기타,화물,남,43세,상해없음,승용,남,76세,중상
2014040500100200,2014년 4월 5일 10시,토요일,울산광역시 남구 신정동,부상신고사고,0,0,0,1,차대차 - 측면직각충돌,중앙선침범,건조,맑음,교차로 - 교차로안,자전거,남,58세,부상신고,승용,여,29세,상해없음
2014040500100298,2014년 4월 5일 13시,토요일,울산광역시 중구 서동,중상사고,0,1,1,0,차대차 - 측면직각충돌,중앙선침범,건조,맑음,단일로 - 기타,승용,남,48세,상해없음,승용,남,52세,경상
2014040500100299,2014년 4월 5일 13시,토요일,울산광역시 동구 일산동,중상사고,0,1,2,0,차대차 - 기타,교차로운행방법위반,건조,맑음,교차로 - 교차로안,승용,여,35세,경상,승용,남,55세,중상
2014040500100329,2014년 4월 5일 14시,토요일,울산광역시 중구 우정동,중상사고,0,1,0,0,차대사람 - 횡단중,안전운전불이행,건조,맑음,단일로 - 횡단보도상,승용,남,43세,상해없음,보행자,남,70세,중상
2014040500100371,2014년 4월 5일 15시,토요일,울산광역시 울주군 언양읍,중상사고,0,1,0,0,차대차 - 기타,안전거리미확보,건조,맑음,단일로 - 기타,승용,여,38세,상해없음,화물,남,68세,중상
2014040500100405,2014년 4월 5일 16시,토요일,울산광역시 북구 양정동,경상사고,0,0,1,0,차량단독 - 공작물충돌,안전운전불이행,건조,맑음,교차로 - 교차로안,승용,남,27세,상해없음,,,,
2014040500100508,2014년 4월 5일 19시,토요일,울산광역시 중구 성남동,중상사고,0,1,0,0,차대차 - 기타,안전운전불이행,건조,맑음,단일로 - 기타,기타불명,기타불명,기타불명,기타불명,이륜,남,25세,중상
2014040500100612,2014년 4월 5일 22시,토요일,울산광역시 북구 화봉동,중상사고,0,1,0,0,차대사람 - 기타,안전운전불이행,건조,맑음,단일로 - 기타,승용,여,26세,상해없음,보행자,남,17세,중상
2014040600100024,2014년 4월 6일 01시,일요일,울산광역시 북구 호계동,경상사고,0,0,1,0,차대사람 - 기타,안전운전불이행,건조,맑음,단일로 - 기타,승용,남,29세,상해없음,보행자,남,36세,경상
2014040600100039,2014년 4월 6일 02시,일요일,울산광역시 북구 화봉동,경상사고,0,0,1,0,차대차 - 기타,안전운전불이행,건조,맑음,단일로 - 기타,승용,남,33세,상해없음,승용,남,40세,경상
2014040600100061,2014년 4월 6일 05시,일요일,울산광역시 남구 신정동,경상사고,0,0,2,0,차대차 - 측면직각충돌,안전운전불이행,건조,맑음,교차로 - 교차로부근,승용,남,54세,경상,승합,남,43세,경상
2014040600100170,2014년 4월 6일 11시,일요일,울산광역시 남구 삼산동,중상사고,0,1,0,0,차대사람 - 횡단중,안전운전불이행,건조,맑음,단일로 - 기타,승용,남,60세,상해없음,보행자,남,16세,중상
2014040600100171,2014년 4월 6일 11시,일요일,울산광역시 동구 화정동,경상사고,0,0,1,0,차대사람 - 기타,안전운전불이행,건조,맑음,단일로 - 기타,승합,남,59세,상해없음,보행자,남,12세,경상
2014040600100200,2014년 4월 6일 12시,일요일,울산광역시 울주군 범서읍,중상사고,0,1,0,0,차대사람 - 기타,안전운전불이행,건조,맑음,단일로 - 기타,승용,여,43세,상해없음,보행자,남,52세,중상
2014040600100201,2014년 4월 6일 12시,일요일,울산광역시 울주군 온양읍,경상사고,0,0,1,0,차대차 - 측면직각충돌,교차로운행방법위반,건조,맑음,교차로 - 교차로안,승용,남,26세,상해없음,승용,남,48세,경상
2014040600100323,2014년 4월 6일 16시,일요일,울산광역시 북구 연암동,경상사고,0,0,3,0,차대차 - 추돌 - 주정차중,안전운전불이행,건조,맑음,단일로 - 기타,승용,남,63세,상해없음,화물,남,53세,경상
2014040600100384,2014년 4월 6일 18시,일요일,울산광역시 중구 반구동,중상사고,0,1,0,0,차대차 - 추돌 - 진행중,안전운전불이행,건조,맑음,교차로 - 교차로안,이륜,남,16세,중상,승용,남,26세,상해없음
2014040600100417,2014년 4월 6일 19시,일요일,울산광역시 북구 효문동,중상사고,0,1,5,1,차대차 - 측면직각충돌,신호위반,건조,맑음,교차로 - 교차로안,화물,남,54세,부상신고,승용,여,38세,경상
2014040600100473,2014년 4월 6일 21시,일요일,울산광역시 동구 방어동,경상사고,0,0,1,0,차대차 - 기타,안전거리미확보,건조,맑음,교차로 - 교차로안,승용,남,26세,상해없음,원동기,남,22세,경상
2014040600100500,2014년 4월 6일 22시,일요일,울산광역시 중구 반구동,경상사고,0,0,2,0,차대차 - 측면직각충돌,안전거리미확보,건조,맑음,단일로 - 기타,승용,남,57세,상해없음,승용,남,55세,경상
2014040600100501,2014년 4월 6일 22시,일요일,울산광역시 울주군 삼남면,경상사고,0,0,2,0,차대차 - 추돌 - 진행중,안전거리미확보,건조,맑음,교차로 - 교차로부근,화물,여,46세,상해없음,승용,여,25세,경상
2014040700100022,2014년 4월 7일 01시,월요일,울산광역시 북구 호계동,중상사고,0,1,0,0,차량단독 - 공작물충돌,안전운전불이행,건조,맑음,단일로 - 기타,승용,남,28세,상해없음,,,,
2014040700100023,2014년 4월 7일 01시,월요일,울산광역시 중구 성안동,중상사고,0,1,0,0,차량단독 - 공작물충돌,안전운전불이행,건조,맑음,단일로 - 기타,이륜,남,25세,중상,,,,
2014040700100043,2014년 4월 7일 05시,월요일,울산광역시 남구 달동,중상사고,0,1,0,0,차대사람 - 기타,안전운전불이행,건조,맑음,단일로 - 기타,승용,남,52세,상해없음,보행자,남,18세,중상
2014040700100054,2014년 4월 7일 06시,월요일,울산광역시 남구 옥동,중상사고,0,1,1,0,차대차 - 측면직각충돌,신호위반,건조,맑음,교차로 - 교차로부근,승용,남,66세,경상,승용,남,31세,중상
2014040700100183,2014년 4월 7일 10시,월요일,울산광역시 동구 일산동,경상사고,0,0,1,0,차대사람 - 기타,기타,건조,맑음,단일로 - 기타,자전거,여,54세,상해없음,보행자,여,42세,경상
2014040700100200,2014년 4월 7일 11시,월요일,울산광역시 울주군 상북면,경상사고,0,0,1,0,차대차 - 측면직각충돌,차로위반,건조,맑음,단일로 - 터널,화물,여,53세,상해없음,승용,남,37세,상해없음
2014040700100252,2014년 4월 7일 13시,월요일,울산광역시 중구 학성동,경상사고,0,0,1,0,차대차 - 추돌 - 진행중,안전운전불이행,건조,맑음,교차로 - 교차로부근,화물,남,46세,상해없음,승용,여,30세,경상
2014040700100253,2014년 4월 7일 13시,월요일,울산광역시 울주군 두동면,경상사고,0,0,1,0,차대사람 - 기타,안전운전불이행,건조,맑음,교차로 - 교차로안,승용,남,67세,상해없음,보행자,남,75세,경상
2014040700100299,2014년 4월 7일 14시,월요일,울산광역시 동구 일산동,경상사고,0,0,1,0,차대차 - 기타,신호위반,건조,맑음,교차로 - 교차로안,이륜,남,23세,상해없음,이륜,남,19세,경상
2014040700100332,2014년 4월 7일 15시,월요일,울산광역시 울주군 언양읍,중상사고,0,1,0,0,차대사람 - 기타,안전운전불이행,건조,맑음,교차로 - 교차로안,승용,여,41세,상해없음,보행자,여,69세,중상
2014040700100512,2014년 4월 7일 20시,월요일,울산광역시 울주군 언양읍,부상신고사고,0,0,0,1,차대사람 - 기타,안전운전불이행,건조,맑음,단일로 - 기타,화물,남,49세,상해없음,보행자,남,54세,부상신고
2014040700100544,2014년 4월 7일 21시,월요일,울산광역시 남구 선암동,경상사고,0,0,1,0,차대사람 - 기타,안전운전불이행,건조,맑음,단일로 - 기타,승합,남,59세,상해없음,보행자,여,17세,경상
2014040700100581,2014년 4월 7일 22시,월요일,울산광역시 남구 선암동,경상사고,0,0,4,0,차대차 - 추돌 - 주정차중,안전운전불이행,건조,맑음,단일로 - 기타,승용,남,34세,상해없음,승용,남,28세,경상
2014040700100582,2014년 4월 7일 22시,월요일,울산광역시 동구 전하동,경상사고,0,0,1,0,차대차 - 기타,안전거리미확보,건조,맑음,단일로 - 기타,승용,남,57세,상해없음,이륜,남,30세,경상
2014040700100596,2014년 4월 7일 23시,월요일,울산광역시 울주군 온양읍,부상신고사고,0,0,0,1,차대차 - 추돌 - 주정차중,안전운전불이행,건조,맑음,교차로 - 교차로안,화물,남,59세,부상신고,승용,여,63세,기타불명
2014040800100073,2014년 4월 8일 06시,화요일,울산광역시 울주군 온산읍,중상사고,0,1,0,0,차대차 - 기타,안전거리미확보,건조,맑음,단일로 - 기타,화물,남,50세,상해없음,승용,남,40세,중상
2014040800100104,2014년 4월 8일 07시,화요일,울산광역시 울주군 언양읍,중상사고,0,1,0,0,차대차 - 기타,교차로운행방법위반,건조,맑음,교차로 - 교차로안,승용,여,27세,상해없음,자전거,남,11세,중상
2014040800100149,2014년 4월 8일 08시,화요일,울산광역시 동구 방어동,중상사고,0,1,0,0,차대차 - 측면직각충돌,안전운전불이행,건조,맑음,교차로 - 교차로부근,승용,남,44세,상해없음,자전거,남,51세,중상
2014040800100255,2014년 4월 8일 12시,화요일,울산광역시 남구 무거동,중상사고,0,1,0,0,차대차 - 측면직각충돌,교차로운행방법위반,건조,맑음,교차로 - 교차로안,승용,남,33세,상해없음,승용,남,34세,중상
2014040800100284,2014년 4월 8일 13시,화요일,울산광역시 중구 성남동,중상사고,0,1,0,0,차대사람 - 기타,안전운전불이행,건조,맑음,교차로 - 교차로부근,승용,여,30세,상해없음,보행자,여,66세,중상
2014040800100357,2014년 4월 8일 15시,화요일,울산광역시 북구 연암동,부상신고사고,0,0,0,1,차대차 - 기타,안전거리미확보,건조,맑음,교차로 - 교차로안,이륜,남,47세,부상신고,승용,남,34세,상해없음
2014040800100445,2014년 4월 8일 17시,화요일,울산광역시 동구 방어동,중상사고,0,1,0,0,차대차 - 기타,안전운전불이행,건조,맑음,교차로 - 교차로부근,이륜,남,37세,중상,승용,여,51세,상해없음
2014040800100525,2014년 4월 8일 19시,화요일,울산광역시 남구 신정동,경상사고,0,0,2,0,차대차 - 측면직각충돌,기타,건조,맑음,단일로 - 기타,승용,남,54세,상해없음,이륜,남,28세,경상
2014040800100590,2014년 4월 8일 21시,화요일,울산광역시 중구 학성동,중상사고,0,1,1,0,차대차 - 기타,신호위반,건조,맑음,교차로 - 교차로안,이륜,남,16세,경상,이륜,남,57세,중상
2014040800100621,2014년 4월 8일 22시,화요일,울산광역시 남구 신정동,중상사고,0,1,0,0,차대사람 - 횡단중,안전운전불이행,건조,맑음,단일로 - 기타,승용,남,61세,상해없음,보행자,남,50세,중상
2014040800100652,2014년 4월 8일 23시,화요일,울산광역시 북구 중산동,경상사고,0,0,1,0,차대차 - 기타,신호위반,건조,맑음,교차로 - 교차로안,승용,남,43세,상해없음,승용,남,48세,경상
2014040900100057,2014년 4월 9일 04시,수요일,울산광역시 남구 삼산동,경상사고,0,0,1,0,차대사람 - 길가장자리구역통행중,안전운전불이행,건조,맑음,단일로 - 횡단보도부근,승용,남,70세,상해없음,보행자,남,32세,경상
2014040900100105,2014년 4월 9일 07시,수요일,울산광역시 남구 달동,경상사고,0,0,1,0,차대차 - 기타,신호위반,건조,맑음,교차로 - 교차로부근,승합,남,56세,상해없음,승용,남,25세,경상
2014040900100277,2014년 4월 9일 13시,수요일,울산광역시 동구 동부동,중상사고,0,1,0,0,차대사람 - 횡단중,중앙선침범,건조,맑음,단일로 - 횡단보도상,승용,남,19세,상해없음,보행자,남,63세,중상
2014040900100299,2014년 4월 9일 14시,수요일,울산광역시 중구 학성동,경상사고,0,0,1,0,차대차 - 측면직각충돌,중앙선침범,건조,맑음,단일로 - 기타,이륜,남,27세,경상,승용,남,66세,상해없음
2014040900100300,2014년 4월 9일 14시,수요일,울산광역시 북구 명촌동,경상사고,0,0,1,0,차대차 - 측면직각충돌,안전운전불이행,건조,맑음,교차로 - 교차로안,이륜,남,36세,경상,승용,남,36세,상해없음
2014040900100301,2014년 4월 9일 14시,수요일,울산광역시 남구 삼산동,경상사고,0,0,1,0,차대차 - 측면직각충돌,안전운전불이행,건조,맑음,교차로 - 교차로부근,원동기,남,32세,상해없음,승용,여,32세,경상
2014040900100334,2014년 4월 9일 15시,수요일,울산광역시 북구 진장동,경상사고,0,0,1,0,차대차 - 측면직각충돌,신호위반,건조,맑음,단일로 - 기타,승용,여,49세,상해없음,자전거,남,30세,경상
2014040900100378,2014년 4월 9일 16시,수요일,울산광역시 북구 명촌동,경상사고,0,0,2,0,차대차 - 정면충돌,교차로운행방법위반,건조,맑음,교차로 - 교차로부근,이륜,남,37세,경상,승용,남,28세,상해없음
2014040900100456,2014년 4월 9일 18시,수요일,울산광역시 동구 방어동,경상사고,0,0,1,0,차대사람 - 기타,안전운전불이행,건조,맑음,기타 - 기타,승용,여,55세,상해없음,보행자,여,14세,경상
2014040900100609,2014년 4월 9일 22시,수요일,울산광역시 중구 태화동,중상사고,0,1,0,0,차대차 - 기타,안전운전불이행,건조,맑음,단일로 - 기타,승용,남,37세,상해없음,승용,남,76세,중상
2014040900100610,2014년 4월 9일 22시,수요일,울산광역시 북구 신천동,중상사고,0,1,0,0,차대사람 - 기타,안전운전불이행,건조,맑음,단일로 - 기타,승용,여,25세,상해없음,보행자,남,40세,중상
2014040900100611,2014년 4월 9일 22시,수요일,울산광역시 남구 삼산동,경상사고,0,0,1,0,차대사람 - 횡단중,보행자보호의무위반,건조,맑음,단일로 - 횡단보도상,승용,남,42세,상해없음,보행자,남,37세,경상
2014040900100630,2014년 4월 9일 23시,수요일,울산광역시 남구 삼산동,중상사고,0,1,4,0,차대차 - 추돌 - 주정차중,안전운전불이행,건조,맑음,교차로 - 교차로부근,승용,남,22세,상해없음,승용,여,29세,경상
2014040900100631,2014년 4월 9일 23시,수요일,울산광역시 남구 달동,경상사고,0,0,1,0,차대사람 - 차도통행중,안전운전불이행,건조,맑음,교차로 - 교차로부근,승용,여,22세,상해없음,보행자,여,46세,경상
2014040900100632,2014년 4월 9일 23시,수요일,울산광역시 북구 염포동,경상사고,0,0,4,0,차대차 - 기타,안전운전불이행,건조,맑음,교차로 - 교차로부근,승용,남,40세,상해없음,승합,남,34세,경상
2014041000100045,2014년 4월 10일 03시,목요일,울산광역시 남구 삼산동,중상사고,0,1,1,0,차대차 - 측면직각충돌,교차로운행방법위반,건조,맑음,교차로 - 교차로부근,승용,남,34세,상해없음,이륜,남,44세,중상
2014041000100098,2014년 4월 10일 07시,목요일,울산광역시 중구 반구동,중상사고,0,1,0,0,차대사람 - 횡단중,안전운전불이행,건조,맑음,단일로 - 기타,승용,남,42세,상해없음,보행자,남,16세,중상
2014041000100099,2014년 4월 10일 07시,목요일,울산광역시 동구 방어동,경상사고,0,0,1,0,차대차 - 기타,신호위반,건조,맑음,교차로 - 교차로안,승용,남,59세,상해없음,이륜,남,55세,경상
2014041000100196,2014년 4월 10일 10시,목요일,울산광역시 북구 매곡동,경상사고,0,0,1,1,차대차 - 측면직각충돌,안전운전불이행,건조,맑음,교차로 - 교차로안,승용,남,53세,부상신고,화물,남,53세,경상
2014041000100245,2014년 4월 10일 12시,목요일,울산광역시 남구 야음동,중상사고,0,1,1,0,차대차 - 기타,안전운전불이행,건조,맑음,단일로 - 기타,승용,여,49세,상해없음,승합,남,57세,경상
2014041000100246,2014년 4월 10일 12시,목요일,울산광역시 북구 무룡동,경상사고,0,0,1,0,차대차 - 추돌 - 진행중,안전운전불이행,건조,맑음,기타 - 기타,승용,남,51세,상해없음,승용,남,25세,경상
2014041000100269,2014년 4월 10일 13시,목요일,울산광역시 남구 여천동,경상사고,0,0,1,0,차대차 - 추돌 - 진행중,차로위반,건조,맑음,단일로 - 기타,승용,남,29세,상해없음,승용,남,37세,경상
2014041000100294,2014년 4월 10일 14시,목요일,울산광역시 중구 옥교동,경상사고,0,0,1,0,차대차 - 측면직각충돌,안전운전불이행,건조,맑음,단일로 - 기타,승용,남,32세,상해없음,이륜,남,27세,경상
2014041000100328,2014년 4월 10일 15시,목요일,울산광역시 남구 달동,경상사고,0,0,1,0,차대차 - 측면직각충돌,안전운전불이행,건조,맑음,단일로 - 기타,승용,여,51세,상해없음,자전거,남,22세,경상
2014041000100389,2014년 4월 10일 17시,목요일,울산광역시 남구 신정동,경상사고,0,0,1,0,차대차 - 측면직각충돌,중앙선침범,건조,맑음,단일로 - 기타,자전거,남,71세,경상,승용,남,56세,상해없음
2014041000100419,2014년 4월 10일 18시,목요일,울산광역시 남구 무거동,경상사고,0,0,1,0,차대사람 - 보도통행중,기타,건조,맑음,교차로 - 교차로부근,기타불명,기타불명,기타불명,기타불명,보행자,여,8세,경상
2014041000100454,2014년 4월 10일 19시,목요일,울산광역시 중구 북정동,경상사고,0,0,2,0,차대차 - 측면직각충돌,안전운전불이행,건조,맑음,단일로 - 기타,승용,남,59세,상해없음,화물,남,36세,경상
2014041000100455,2014년 4월 10일 19시,목요일,울산광역시 남구 옥동,경상사고,0,0,1,0,차대사람 - 횡단중,보행자보호의무위반,건조,맑음,단일로 - 횡단보도상,승용,남,47세,상해없음,보행자,여,28세,경상
2014041000100493,2014년 4월 10일 20시,목요일,울산광역시 동구 전하동,경상사고,0,0,1,0,차대차 - 추돌 - 주정차중,안전운전불이행,건조,맑음,기타 - 기타,이륜,남,15세,상해없음,승용,여,19세,상해없음
2014041100100017,2014년 4월 11일 00시,금요일,울산광역시 북구 진장동,경상사고,0,0,2,0,차대차 - 추돌 - 진행중,안전운전불이행,건조,맑음,단일로 - 기타,승용,남,45세,상해없음,승용,남,55세,경상
2014041100100025,2014년 4월 11일 01시,금요일,울산광역시 남구 달동,경상사고,0,0,4,0,차대차 - 측면직각충돌,안전운전불이행,건조,맑음,교차로 - 교차로안,승용,남,32세,상해없음,승용,남,32세,경상
2014041100100032,2014년 4월 11일 02시,금요일,울산광역시 남구 달동,중상사고,0,1,0,0,차대사람 - 횡단중,안전운전불이행,건조,맑음,교차로 - 교차로안,승용,남,43세,상해없음,보행자,여,54세,중상
2014041100100049,2014년 4월 11일 04시,금요일,울산광역시 동구 전하동,중상사고,0,1,2,0,차대차 - 측면직각충돌,안전거리미확보,건조,맑음,단일로 - 기타,승용,남,28세,상해없음,승용,여,51세,경상
2014041100100073,2014년 4월 11일 06시,금요일,울산광역시 북구 명촌동,경상사고,0,0,2,0,차대차 - 측면직각충돌,직진우회전진행방해,건조,맑음,교차로 - 교차로안,화물,남,44세,상해없음,승용,남,26세,경상
2014041100100132,2014년 4월 11일 08시,금요일,울산광역시 중구 성안동,경상사고,0,0,1,0,차대사람 - 길가장자리구역통행중,안전운전불이행,건조,맑음,교차로 - 교차로부근,승용,여,30세,상해없음,보행자,여,14세,경상
2014041100100200,2014년 4월 11일 11시,금요일,울산광역시 남구 여천동,중상사고,0,1,2,0,차대차 - 추돌 - 주정차중,안전운전불이행,건조,맑음,단일로 - 기타,화물,남,57세,상해없음,건설기계,남,42세,경상
2014041100100332,2014년 4월 11일 15시,금요일,울산광역시 북구 송정동,경상사고,0,0,3,1,차대차 - 측면직각충돌,직진우회전진행방해,건조,맑음,교차로 - 교차로안,승용,여,29세,부상신고,승용,남,41세,경상
2014041100100333,2014년 4월 11일 15시,금요일,울산광역시 북구 진장동,중상사고,0,1,0,0,차대차 - 추돌 - 진행중,안전거리미확보,건조,맑음,교차로 - 교차로부근,화물,남,52세,상해없음,승용,남,53세,중상
2014041100100373,2014년 4월 11일 16시,금요일,울산광역시 중구 약사동,경상사고,0,0,1,0,차대사람 - 횡단중,보행자보호의무위반,건조,맑음,단일로 - 기타,승용,여,51세,상해없음,보행자,남,12세,경상
2014041100100450,2014년 4월 11일 18시,금요일,울산광역시 남구 야음동,중상사고,0,1,0,0,차대차 - 측면직각충돌,교차로운행방법위반,건조,맑음,교차로 - 교차로안,승용,여,46세,상해없음,이륜,남,33세,중상
2014041100100451,2014년 4월 11일 18시,금요일,울산광역시 울주군 웅촌면,경상사고,0,0,4,0,차대차 - 추돌 - 주정차중,안전거리미확보,건조,맑음,단일로 - 기타,승용,남,28세,상해없음,승용,여,41세,경상
2014041100100501,2014년 4월 11일 19시,금요일,울산광역시 남구 삼산동,중상사고,0,1,0,0,차대차 - 기타,기타,건조,맑음,단일로 - 기타,승용,남,31세,상해없음,이륜,남,37세,중상
2014041100100502,2014년 4월 11일 19시,금요일,울산광역시 동구 전하동,사망사고,1,0,0,0,차대사람 - 보도통행중,안전운전불이행,건조,맑음,단일로 - 기타,승용,남,35세,상해없음,보행자,남,24세,사망
2014041100100618,2014년 4월 11일 22시,금요일,울산광역시 남구 달동,경상사고,0,0,1,0,차대차 - 추돌 - 주정차중,안전운전불이행,건조,맑음,단일로 - 기타,승용,여,46세,상해없음,승용,여,36세,경상
2014041100100646,2014년 4월 11일 23시,금요일,울산광역시 중구 남외동,경상사고,0,0,1,0,차대차 - 측면직각충돌,중앙선침범,건조,맑음,단일로 - 기타,승용,남,46세,상해없음,이륜,남,32세,경상
2014041200100031,2014년 4월 12일 00시,토요일,울산광역시 중구 복산동,중상사고,0,1,0,1,차대사람 - 횡단중,안전운전불이행,건조,맑음,교차로 - 교차로안,이륜,남,65세,부상신고,보행자,남,19세,중상
2014041200100032,2014년 4월 12일 00시,토요일,울산광역시 남구 삼산동,중상사고,0,1,0,0,차대사람 - 기타,안전운전불이행,건조,맑음,단일로 - 기타,승용,남,43세,상해없음,보행자,남,45세,중상
2014041200100075,2014년 4월 12일 02시,토요일,울산광역시 남구 달동,중상사고,0,1,0,0,차대사람 - 횡단중,안전운전불이행,건조,맑음,교차로 - 교차로부근,승용,여,45세,상해없음,보행자,남,49세,중상
2014041200100105,2014년 4월 12일 04시,토요일,울산광역시 북구 상안동,경상사고,0,0,3,0,차대차 - 추돌 - 주정차중,안전운전불이행,건조,맑음,교차로 - 교차로부근,승합,남,39세,경상,화물,남,48세,경상
2014041200100116,2014년 4월 12일 05시,토요일,울산광역시 동구 방어동,중상사고,0,1,1,0,차대차 - 추돌 - 진행중,안전거리미확보,건조,맑음,단일로 - 기타,승용,남,41세,상해없음,승용,남,42세,중상
2014041200100137,2014년 4월 12일 07시,토요일,울산광역시 울주군 범서읍,중상사고,0,1,1,0,차대차 - 측면직각충돌,안전운전불이행,건조,맑음,단일로 - 기타,화물,남,32세,상해없음,화물,남,51세,중상
2014041200100372,2014년 4월 12일 15시,토요일,울산광역시 북구 진장동,중상사고,0,1,2,0,차대차 - 측면직각충돌,안전운전불이행,건조,맑음,교차로 - 교차로안,승용,여,49세,경상,화물,남,37세,중상
2014041200100471,2014년 4월 12일 18시,토요일,울산광역시 중구 성안동,경상사고,0,0,1,0,차대차 - 정면충돌,안전운전불이행,건조,맑음,단일로 - 기타,승용,남,32세,상해없음,이륜,남,16세,경상
2014041200100563,2014년 4월 12일 21시,토요일,울산광역시 중구 성남동,중상사고,0,1,0,0,차대사람 - 기타,안전운전불이행,건조,맑음,단일로 - 기타,승용,여,42세,상해없음,보행자,남,15세,중상
2014041200100564,2014년 4월 12일 21시,토요일,울산광역시 남구 신정동,중상사고,0,1,0,0,차대사람 - 횡단중,안전운전불이행,건조,맑음,단일로 - 횡단보도부근,승용,남,55세,상해없음,보행자,남,58세,중상
2014041200100596,2014년 4월 12일 22시,토요일,울산광역시 남구 신정동,중상사고,0,1,1,0,차대차 - 추돌 - 주정차중,안전운전불이행,건조,맑음,교차로 - 교차로부근,승용,여,34세,상해없음,승용,여,40세,중상
2014041200100597,2014년 4월 12일 22시,토요일,울산광역시 남구 신정동,부상신고사고,0,0,0,1,차대차 - 측면직각충돌,신호위반,건조,맑음,교차로 - 교차로안,자전거,남,57세,부상신고,승용,여,47세,상해없음
2014041200100621,2014년 4월 12일 23시,토요일,울산광역시 중구 약사동,경상사고,0,0,1,0,차대차 - 추돌 - 주정차중,안전운전불이행,건조,맑음,교차로 - 교차로부근,승용,남,50세,상해없음,승합,남,56세,상해없음
2014041200100622,2014년 4월 12일 23시,토요일,울산광역시 남구 무거동,중상사고,0,1,1,0,차대사람 - 기타,안전운전불이행,건조,맑음,단일로 - 기타,승용,남,25세,상해없음,보행자,남,33세,중상
2014041200100623,2014년 4월 12일 23시,토요일,울산광역시 동구 방어동,경상사고,0,0,1,0,차대차 - 기타,중앙선침범,건조,맑음,단일로 - 기타,승용,여,28세,상해없음,승용,남,44세,경상
2014041300100051,2014년 4월 13일 02시,일요일,울산광역시 동구 전하동,경상사고,0,0,1,0,차량단독 - 기타,안전거리미확보,건조,맑음,단일로 - 기타,승용,남,41세,상해없음,,,,