사고번호,사고일시,요일,시군구,사고내용,사망자수,중상자수,경상자수,부상신고자수,사고유형,법규위반,노면상태,기상상태,도로형태,가해운전자 차종,가해운전자 성별,가해운전자 연령,가해운전자 상해정도,피해운전자 차종,피해운전자 성별,피해운전자 연령,피해운전자 상해정도
2014041300100141,2014년 4월 13일 08시,일요일,울산광역시 남구 삼산동,중상사고,0,1,0,0,차대차 - 기타,차로위반,습기,비,교차로 - 교차로부근,승용,남,71세,상해없음,이륜,남,46세,중상
2014041300100203,2014년 4월 13일 11시,일요일,울산광역시 남구 삼산동,중상사고,0,1,1,0,차대차 - 측면직각충돌,교차로운행방법위반,습기,흐림,교차로 - 교차로안,승용,남,59세,경상,승용,여,59세,중상
2014041300100256,2014년 4월 13일 13시,일요일,울산광역시 울주군 온양읍,경상사고,0,0,3,0,차대차 - 추돌 - 진행중,안전거리미확보,건조,맑음,교차로 - 교차로안,승용,여,40세,상해없음,승용,여,46세,경상
2014041300100295,2014년 4월 13일 14시,일요일,울산광역시 남구 무거동,중상사고,0,1,0,0,차대차 - 기타,교차로운행방법위반,건조,맑음,교차로 - 교차로안,원동기,남,19세,중상,승용,남,58세,상해없음
2014041300100344,2014년 4월 13일 15시,일요일,울산광역시 남구 신정동,경상사고,0,0,1,0,차대차 - 측면직각충돌,안전거리미확보,건조,맑음,교차로 - 교차로안,승용,기타불명,기타불명,기타불명,승용,여,29세,경상
2014041300100383,2014년 4월 13일 16시,일요일,울산광역시 중구 학산동,경상사고,0,0,2,0,차대차 - 추돌 - 주정차중,안전운전불이행,건조,맑음,단일로 - 기타,승용,남,54세,상해없음,승용,남,73세,경상
2014041300100384,2014년 4월 13일 16시,일요일,울산광역시 북구 중산동,경상사고,0,0,3,0,차대차 - 기타,중앙선침범,건조,맑음,단일로 - 기타,승용,여,44세,상해없음,승용,남,30세,경상
2014041300100385,2014년 4월 13일 16시,일요일,울산광역시 중구 태화동,경상사고,0,0,1,0,차대사람 - 횡단중,보행자보호의무위반,건조,맑음,단일로 - 횡단보도상,승용,남,55세,상해없음,보행자,남,58세,경상
2014041300100410,2014년 4월 13일 17시,일요일,울산광역시 중구 성남동,경상사고,0,0,1,0,차대사람 - 길가장자리구역통행중,안전운전불이행,습기,흐림,단일로 - 기타,승용,남,25세,상해없음,보행자,남,40세,경상
2014041300100411,2014년 4월 13일 17시,일요일,울산광역시 울주군 범서읍,중상사고,0,2,0,0,차대차 - 기타,안전운전불이행,건조,맑음,단일로 - 기타,화물,남,65세,상해없음,승용,여,51세,중상
2014041300100531,2014년 4월 13일 21시,일요일,울산광역시 울주군 온산읍,경상사고,0,0,1,0,차대차 - 추돌 - 주정차중,안전운전불이행,건조,맑음,교차로 - 교차로부근,승용,남,31세,상해없음,승용,남,33세,경상
2014041300100556,2014년 4월 13일 22시,일요일,울산광역시 북구 호계동,중상사고,0,1,0,0,차대차 - 측면직각충돌,신호위반,건조,맑음,교차로 - 교차로안,승용,여,26세,상해없음,승용,여,40세,중상
2014041400100018,2014년 4월 14일 01시,월요일,울산광역시 중구 태화동,중상사고,0,3,0,0,차대차 - 측면직각충돌,교차로운행방법위반,건조,맑음,교차로 - 교차로안,이륜,남,57세,중상,승용,남,55세,중상
2014041400100031,2014년 4월 14일 03시,월요일,울산광역시 북구 명촌동,중상사고,0,1,0,0,차대차 - 측면직각충돌,안전운전불이행,건조,맑음,단일로 - 교량,승용,남,31세,상해없음,이륜,남,19세,중상
2014041400100101,2014년 4월 14일 07시,월요일,울산광역시 동구 전하동,경상사고,0,0,1,0,차대차 - 기타,중앙선침범,건조,맑음,단일로 - 기타,이륜,남,22세,상해없음,승용,여,31세,경상
2014041400100102,2014년 4월 14일 07시,월요일,울산광역시 동구 서부동,중상사고,0,1,0,0,차대차 - 추돌 - 주정차중,안전거리미확보,건조,맑음,단일로 - 기타,이륜,남,66세,중상,승합,남,41세,상해없음
2014041400100168,2014년 4월 14일 09시,월요일,울산광역시 울주군 범서읍,중상사고,0,1,0,0,차대차 - 기타,기타,건조,맑음,교차로 - 교차로부근,승용,남,32세,상해없음,자전거,남,74세,중상
2014041400100197,2014년 4월 14일 10시,월요일,울산광역시 중구 옥교동,중상사고,0,1,0,0,차대사람 - 횡단중,보행자보호의무위반,건조,맑음,교차로 - 교차로부근,화물,남,54세,상해없음,보행자,여,61세,중상
2014041400100198,2014년 4월 14일 10시,월요일,울산광역시 남구 삼산동,경상사고,0,0,1,0,차대차 - 측면직각충돌,중앙선침범,건조,맑음,단일로 - 기타,승용,남,31세,상해없음,원동기,남,17세,경상
2014041400100199,2014년 4월 14일 10시,월요일,울산광역시 울주군 온산읍,경상사고,0,0,1,0,차대차 - 기타,안전운전불이행,건조,맑음,단일로 - 기타,건설기계,남,61세,상해없음,승용,여,26세,경상
2014041400100307,2014년 4월 14일 13시,월요일,울산광역시 남구 신정동,경상사고,0,0,1,0,차대차 - 기타,교차로운행방법위반,건조,맑음,교차로 - 교차로안,자전거,남,26세,경상,승용,남,31세,상해없음
2014041400100334,2014년 4월 14일 14시,월요일,울산광역시 북구 상안동,중상사고,0,1,0,0,차대사람 - 횡단중,안전운전불이행,건조,맑음,단일로 - 기타,승용,여,49세,상해없음,보행자,여,68세,중상
2014041400100375,2014년 4월 14일 15시,월요일,울산광역시 북구 상안동,경상사고,0,0,1,0,차대차 - 추돌 - 주정차중,안전운전불이행,건조,맑음,단일로 - 기타,승합,남,43세,상해없음,승용,여,49세,기타불명
2014041400100411,2014년 4월 14일 16시,월요일,울산광역시 중구 유곡동,경상사고,0,0,1,0,차대차 - 추돌 - 진행중,안전거리미확보,건조,맑음,단일로 - 기타,승용,남,56세,상해없음,승용,남,30세,경상
2014041400100450,2014년 4월 14일 17시,월요일,울산광역시 동구 동부동,경상사고,0,0,1,0,차대차 - 측면직각충돌,직진우회전진행방해,건조,맑음,교차로 - 교차로안,승용,여,53세,상해없음,이륜,남,35세,경상
2014041400100451,2014년 4월 14일 17시,월요일,울산광역시 동구 화정동,경상사고,0,0,1,0,차대차 - 측면직각충돌,안전운전불이행,건조,맑음,기타 - 기타,승용,남,28세,상해없음,이륜,남,38세,경상
2014041400100494,2014년 4월 14일 18시,월요일,울산광역시 남구 신정동,중상사고,0,1,0,0,차대사람 - 횡단중,신호위반,건조,맑음,교차로 - 교차로안,승용,남,58세,상해없음,보행자,여,28세,중상
2014041400100495,2014년 4월 14일 18시,월요일,울산광역시 남구 무거동,경상사고,0,0,1,0,차대차 - 기타,기타,건조,맑음,교차로 - 교차로안,기타불명,기타불명,기타불명,기타불명,자전거,남,7세,경상
2014041400100538,2014년 4월 14일 19시,월요일,울산광역시 동구 전하동,경상사고,0,0,1,0,차대차 - 측면직각충돌,안전운전불이행,건조,맑음,교차로 - 교차로안,화물,남,48세,상해없음,이륜,남,56세,경상
2014041400100562,2014년 4월 14일 20시,월요일,울산광역시 울주군 웅촌면,경상사고,0,0,2,0,차대차 - 추돌 - 진행중,안전거리미확보,건조,맑음,교차로 - 교차로부근,화물,남,63세,상해없음,승용,남,54세,경상
2014041400100585,2014년 4월 14일 21시,월요일,울산광역시 울주군 온산읍,경상사고,0,0,1,0,차대차 - 기타,안전운전불이행,건조,맑음,단일로 - 기타,승용,남,40세,상해없음,이륜,남,31세,경상
2014041400100633,2014년 4월 14일 23시,월요일,울산광역시 중구 우정동,경상사고,0,0,1,0,차대사람 - 기타,안전운전불이행,건조,맑음,교차로 - 교차로부근,승용,남,51세,상해없음,보행자,남,40세,경상
2014041400100634,2014년 4월 14일 23시,월요일,울산광역시 북구 시례동,중상사고,0,3,0,0,차대차 - 기타,안전운전불이행,건조,맑음,단일로 - 기타,승용,여,60세,중상,승용,남,44세,중상
2014041500100019,2014년 4월 15일 00시,화요일,울산광역시 남구 신정동,경상사고,0,0,1,0,차대차 - 기타,안전운전불이행,건조,맑음,단일로 - 교량,승용,남,49세,상해없음,승합,여,46세,경상
2014041500100033,2014년 4월 15일 01시,화요일,울산광역시 동구 전하동,경상사고,0,0,1,0,차대사람 - 기타,안전운전불이행,건조,맑음,단일로 - 기타,승용,기타불명,기타불명,기타불명,보행자,남,32세,경상
2014041500100039,2014년 4월 15일 02시,화요일,울산광역시 중구 복산동,중상사고,0,1,0,0,차대차 - 기타,신호위반,건조,맑음,교차로 - 교차로안,승용,남,23세,상해없음,화물,남,56세,중상
2014041500100046,2014년 4월 15일 03시,화요일,울산광역시 남구 삼산동,중상사고,0,1,0,0,차대차 - 기타,차로위반,건조,맑음,교차로 - 교차로부근,승용,남,21세,상해없음,이륜,남,31세,중상
2014041500100113,2014년 4월 15일 07시,화요일,울산광역시 동구 동부동,경상사고,0,0,1,0,차대차 - 정면충돌,중앙선침범,건조,맑음,단일로 - 기타,승용,남,26세,상해없음,승용,여,71세,경상
2014041500100170,2014년 4월 15일 08시,화요일,울산광역시 북구 염포동,경상사고,0,0,1,0,차대차 - 추돌 - 진행중,안전운전불이행,건조,맑음,기타 - 기타,승용,남,46세,기타불명,승용,남,42세,경상
2014041500100198,2014년 4월 15일 09시,화요일,울산광역시 남구 삼산동,경상사고,0,0,1,0,차대사람 - 기타,불법유턴,건조,맑음,단일로 - 기타,승용,여,33세,상해없음,보행자,여,53세,경상
2014041500100224,2014년 4월 15일 10시,화요일,울산광역시 남구 용연동,경상사고,0,0,1,0,차대차 - 기타,안전운전불이행,건조,맑음,교차로 - 교차로안,화물,남,54세,상해없음,원동기,남,54세,경상
2014041500100225,2014년 4월 15일 10시,화요일,울산광역시 동구 방어동,경상사고,0,0,2,0,차대차 - 측면직각충돌,안전운전불이행,건조,맑음,단일로 - 기타,승용,남,69세,상해없음,화물,남,64세,경상
2014041500100267,2014년 4월 15일 12시,화요일,울산광역시 남구 신정동,경상사고,0,0,1,0,차대차 - 기타,차로위반,건조,맑음,단일로 - 기타,승용,남,59세,상해없음,승합,남,39세,상해없음
2014041500100268,2014년 4월 15일 12시,화요일,울산광역시 울주군 두동면,경상사고,0,0,2,0,차대차 - 측면직각충돌,안전운전불이행,건조,맑음,단일로 - 기타,승용,여,42세,경상,화물,남,52세,경상
2014041500100361,2014년 4월 15일 15시,화요일,울산광역시 남구 무거동,경상사고,0,0,1,0,차대차 - 측면직각충돌,안전거리미확보,건조,맑음,교차로 - 교차로부근,건설기계,남,29세,상해없음,승용,여,39세,경상
2014041500100577,2014년 4월 15일 22시,화요일,울산광역시 중구 태화동,경상사고,0,0,1,0,차대사람 - 기타,안전운전불이행,건조,맑음,단일로 - 횡단보도부근,승용,여,28세,상해없음,보행자,남,56세,경상
2014041500100578,2014년 4월 15일 22시,화요일,울산광역시 중구 반구동,경상사고,0,0,1,0,차대사람 - 횡단중,보행자보호의무위반,건조,맑음,교차로 - 교차로안,이륜,남,18세,상해없음,보행자,남,12세,경상
2014041500100604,2014년 4월 15일 23시,화요일,울산광역시 남구 무거동,경상사고,0,0,1,0,차대사람 - 기타,안전운전불이행,건조,맑음,교차로 - 교차로부근,승용,남,41세,상해없음,보행자,남,46세,경상
2014041500100605,2014년 4월 15일 23시,화요일,울산광역시 울주군 상북면,중상사고,0,1,0,1,차대차 - 기타,안전운전불이행,건조,맑음,단일로 - 기타,화물,남,62세,부상신고,화물,남,59세,중상
2014041600100054,2014년 4월 16일 05시,수요일,울산광역시 울주군 두서면,중상사고,0,1,0,0,차대차 - 기타,안전운전불이행,건조,맑음,단일로 - 기타,화물,남,60세,상해없음,승용,남,58세,중상
2014041600100078,2014년 4월 16일 06시,수요일,울산광역시 중구 학성동,중상사고,0,1,0,0,차대차 - 정면충돌,중앙선침범,건조,맑음,단일로 - 기타,승용,남,30세,상해없음,승용,남,25세,상해없음
2014041600100079,2014년 4월 16일 06시,수요일,울산광역시 울주군 청량면,중상사고,0,1,0,0,차대차 - 측면직각충돌,신호위반,건조,맑음,교차로 - 교차로안,승용,남,43세,상해없음,화물,남,32세,중상
2014041600100137,2014년 4월 16일 08시,수요일,울산광역시 남구 무거동,경상사고,0,0,1,0,차량단독 - 공작물충돌,안전운전불이행,건조,맑음,단일로 - 기타,승용,남,46세,경상,,,,
2014041600100338,2014년 4월 16일 15시,수요일,울산광역시 남구 신정동,경상사고,0,0,1,0,차대사람 - 횡단중,안전운전불이행,건조,맑음,단일로 - 기타,화물,남,44세,상해없음,보행자,여,78세,경상
2014041600100368,2014년 4월 16일 16시,수요일,울산광역시 남구 삼산동,중상사고,0,1,0,0,차대차 - 측면직각충돌,안전운전불이행,건조,맑음,교차로 - 교차로부근,승용,여,47세,상해없음,자전거,남,13세,중상
2014041600100369,2014년 4월 16일 16시,수요일,울산광역시 북구 양정동,경상사고,0,0,1,0,차대차 - 기타,안전운전불이행,건조,맑음,단일로 - 기타,승용,남,37세,상해없음,자전거,남,44세,경상
2014041600100448,2014년 4월 16일 18시,수요일,울산광역시 남구 야음동,중상사고,0,1,0,0,차대차 - 기타,안전거리미확보,건조,맑음,단일로 - 기타,승용,남,53세,상해없음,이륜,남,27세,중상
2014041600100528,2014년 4월 16일 20시,수요일,울산광역시 북구 진장동,경상사고,0,0,1,0,차대차 - 측면직각충돌,신호위반,건조,맑음,교차로 - 교차로안,승용,남,60세,상해없음,승용,여,38세,경상
2014041600100529,2014년 4월 16일 20시,수요일,울산광역시 남구 야음동,경상사고,0,0,2,0,차대차 - 측면직각충돌,안전거리미확보,건조,맑음,교차로 - 교차로부근,승용,여,44세,상해없음,승용,여,27세,경상
2014041600100562,2014년 4월 16일 21시,수요일,울산광역시 중구 장현동,중상사고,0,1,0,0,차대차 - 추돌 - 주정차중,안전운전불이행,건조,맑음,단일로 - 기타,승용,남,38세,중상,화물,남,40세,기타불명
2014041600100589,2014년 4월 16일 22시,수요일,울산광역시 남구 성암동,중상사고,0,1,0,0,차대차 - 추돌 - 진행중,안전거리미확보,건조,맑음,단일로 - 기타,승용,남,42세,상해없음,화물,남,36세,중상
2014041700100017,2014년 4월 17일 00시,목요일,울산광역시 남구 야음동,중상사고,0,1,0,0,차대사람 - 길가장자리구역통행중,안전운전불이행,건조,맑음,교차로 - 교차로안,승용,여,46세,상해없음,보행자,남,31세,중상
2014041700100018,2014년 4월 17일 00시,목요일,울산광역시 남구 두왕동,경상사고,0,0,3,0,차대차 - 추돌 - 주정차중,안전운전불이행,건조,맑음,교차로 - 교차로부근,승용,남,55세,상해없음,승용,남,45세,경상
2014041700100019,2014년 4월 17일 00시,목요일,울산광역시 울주군 온양읍,부상신고사고,0,0,0,1,차대사람 - 기타,안전운전불이행,건조,맑음,교차로 - 교차로부근,기타불명,기타불명,기타불명,기타불명,보행자,남,42세,부상신고
2014041700100099,2014년 4월 17일 07시,목요일,울산광역시 남구 야음동,경상사고,0,0,1,0,차대차 - 추돌 - 주정차중,안전운전불이행,기타,기타,단일로 - 기타,승용,남,42세,상해없음,승용,남,40세,경상
2014041700100141,2014년 4월 17일 08시,목요일,울산광역시 동구 방어동,경상사고,0,0,2,0,차대차 - 기타,신호위반,건조,맑음,교차로 - 교차로안,승용,여,55세,상해없음,승합,남,49세,경상
2014041700100372,2014년 4월 17일 16시,목요일,울산광역시 북구 화봉동,중상사고,0,1,2,0,차대차 - 측면직각충돌,직진우회전진행방해,습기,비,교차로 - 교차로안,승합,남,42세,상해없음,승용,여,21세,중상
2014041700100373,2014년 4월 17일 16시,목요일,울산광역시 남구 무거동,중상사고,0,2,1,0,차대차 - 기타,중앙선침범,습기,비,단일로 - 기타,승용,남,58세,상해없음,화물,남,32세,중상
2014041700100418,2014년 4월 17일 17시,목요일,울산광역시 동구 방어동,중상사고,0,1,0,0,차대차 - 기타,안전운전불이행,건조,맑음,교차로 - 교차로안,승용,여,37세,상해없음,이륜,여,34세,중상
2014041700100472,2014년 4월 17일 18시,목요일,울산광역시 남구 삼산동,중상사고,0,1,0,0,차대차 - 기타,안전거리미확보,습기,비,단일로 - 기타,승용,남,46세,상해없음,이륜,남,42세,중상
2014041700100473,2014년 4월 17일 18시,목요일,울산광역시 동구 방어동,경상사고,0,0,1,0,차대사람 - 기타,안전운전불이행,건조,맑음,단일로 - 기타,승용,기타불명,기타불명,기타불명,보행자,남,24세,경상
2014041700100474,2014년 4월 17일 18시,목요일,울산광역시 울주군 온양읍,중상사고,0,1,0,0,차대차 - 기타,교차로운행방법위반,습기,비,교차로 - 교차로안,승합,여,54세,기타불명,승합,남,33세,중상
2014041700100541,2014년 4월 17일 19시,목요일,울산광역시 남구 삼산동,경상사고,0,0,1,0,차대사람 - 횡단중,안전운전불이행,습기,비,단일로 - 기타,화물,남,33세,상해없음,보행자,남,88세,경상
2014041700100542,2014년 4월 17일 19시,목요일,울산광역시 울주군 서생면,부상신고사고,0,0,0,1,차대차 - 기타,안전운전불이행,습기,비,단일로 - 기타,승용,남,36세,부상신고,농기계,남,75세,상해없음
2014041700100609,2014년 4월 17일 20시,목요일,울산광역시 중구 반구동,중상사고,0,1,0,0,차대사람 - 횡단중,안전운전불이행,습기,비,교차로 - 교차로부근,승용,남,42세,상해없음,보행자,여,67세,중상
2014041700100671,2014년 4월 17일 21시,목요일,울산광역시 북구 효문동,경상사고,0,0,1,0,차대차 - 추돌 - 진행중,기타,습기,비,단일로 - 기타,승용,남,42세,상해없음,승용,여,27세,경상
2014041700100672,2014년 4월 17일 21시,목요일,울산광역시 북구 신천동,경상사고,0,0,1,0,차대차 - 측면직각충돌,중앙선침범,건조,맑음,단일로 - 기타,승용,남,49세,상해없음,화물,남,28세,경상
2014041700100673,2014년 4월 17일 21시,목요일,울산광역시 남구 신정동,경상사고,0,0,1,0,차대차 - 기타,안전운전불이행,습기,비,단일로 - 기타,승용,남,55세,상해없음,승용,남,31세,경상
2014041700100674,2014년 4월 17일 21시,목요일,울산광역시 동구 전하동,경상사고,0,0,1,0,차대차 - 측면직각충돌,신호위반,건조,맑음,교차로 - 교차로안,이륜,남,22세,상해없음,이륜,남,41세,경상
2014041700100675,2014년 4월 17일 21시,목요일,울산광역시 동구 방어동,경상사고,0,0,1,0,차대차 - 측면직각충돌,안전운전불이행,습기,비,단일로 - 기타,자전거,남,50세,경상,화물,남,44세,상해없음
2014041700100676,2014년 4월 17일 21시,목요일,울산광역시 울주군 서생면,경상사고,0,0,1,0,차대사람 - 기타,안전운전불이행,습기,비,교차로 - 교차로부근,승용,여,31세,기타불명,보행자,남,51세,경상
2014041700100724,2014년 4월 17일 22시,목요일,울산광역시 중구 반구동,경상사고,0,0,1,0,차대차 - 기타,안전운전불이행,습기,비,교차로 - 교차로안,승용,남,51세,상해없음,승용,여,55세,경상
2014041700100725,2014년 4월 17일 22시,목요일,울산광역시 남구 신정동,경상사고,0,0,2,0,차대차 - 측면직각충돌,신호위반,습기,비,교차로 - 교차로안,화물,남,51세,상해없음,승용,남,27세,경상
2014041700100760,2014년 4월 17일 23시,목요일,울산광역시 중구 반구동,경상사고,0,0,2,0,차대차 - 추돌 - 주정차중,안전운전불이행,습기,비,교차로 - 교차로부근,승합,남,45세,상해없음,승용,남,47세,경상
2014041700100761,2014년 4월 17일 23시,목요일,울산광역시 남구 신정동,경상사고,0,0,2,0,차대차 - 기타,안전운전불이행,습기,흐림,단일로 - 기타,승용,기타불명,기타불명,기타불명,승용,남,63세,상해없음
2014041800100059,2014년 4월 18일 03시,금요일,울산광역시 남구 삼산동,경상사고,0,0,1,0,차대차 - 측면직각충돌,교차로운행방법위반,습기,흐림,교차로 - 교차로안,승용,남,32세,상해없음,승용,여,57세,경상
2014041800100082,2014년 4월 18일 05시,금요일,울산광역시 남구 무거동,경상사고,0,0,1,0,차대차 - 추돌 - 주정차중,안전운전불이행,습기,흐림,단일로 - 기타,승용,남,23세,상해없음,승용,남,32세,경상
2014041800100120,2014년 4월 18일 07시,금요일,울산광역시 남구 무거동,경상사고,0,0,1,0,차대사람 - 횡단중,보행자보호의무위반,건조,맑음,단일로 - 횡단보도상,승용,기타불명,기타불명,기타불명,보행자,여,16세,경상
2014041800100231,2014년 4월 18일 11시,금요일,울산광역시 울주군 범서읍,경상사고,0,0,5,0,차대차 - 추돌 - 진행중,안전거리미확보,건조,흐림,단일로 - 기타,승용,남,59세,상해없음,승용,여,50세,경상
2014041800100261,2014년 4월 18일 12시,금요일,울산광역시 남구 신정동,경상사고,0,0,1,0,차대차 - 기타,안전운전불이행,건조,맑음,단일로 - 기타,승용,남,36세,상해없음,승용,여,34세,경상
2014041800100293,2014년 4월 18일 13시,금요일,울산광역시 남구 삼산동,경상사고,0,0,1,0,차대차 - 기타,안전운전불이행,건조,흐림,단일로 - 기타,승용,남,68세,상해없음,화물,남,37세,경상
2014041800100331,2014년 4월 18일 14시,금요일,울산광역시 북구 화봉동,중상사고,0,1,0,0,차대차 - 측면직각충돌,불법유턴,건조,맑음,단일로 - 기타,승용,여,41세,기타불명,승용,여,35세,중상
2014041800100361,2014년 4월 18일 15시,금요일,울산광역시 북구 중산동,경상사고,0,0,1,0,차대사람 - 기타,안전운전불이행,건조,맑음,교차로 - 교차로안,화물,남,58세,상해없음,보행자,여,4세,경상
2014041800100453,2014년 4월 18일 18시,금요일,울산광역시 동구 화정동,경상사고,0,0,1,0,차대차 - 기타,직진우회전진행방해,건조,맑음,교차로 - 교차로안,승합,남,31세,상해없음,이륜,남,18세,경상
2014041800100454,2014년 4월 18일 18시,금요일,울산광역시 울주군 언양읍,중상사고,0,1,0,0,차대사람 - 기타,안전운전불이행,건조,맑음,교차로 - 교차로부근,승용,여,39세,상해없음,보행자,남,53세,중상
2014041800100494,2014년 4월 18일 19시,금요일,울산광역시 동구 방어동,중상사고,0,1,0,0,차대차 - 기타,안전운전불이행,건조,맑음,교차로 - 교차로안,승용,남,60세,상해없음,이륜,남,28세,상해없음
2014041800100549,2014년 4월 18일 21시,금요일,울산광역시 북구 명촌동,경상사고,0,0,1,0,차대차 - 측면직각충돌,중앙선침범,건조,맑음,단일로 - 기타,승용,남,33세,상해없음,승용,남,49세,상해없음
2014041800100611,2014년 4월 18일 23시,금요일,울산광역시 남구 달동,중상사고,0,2,0,0,차대차 - 기타,안전운전불이행,건조,맑음,단일로 - 기타,승용,남,46세,상해없음,승용,남,27세,중상
2014041900100047,2014년 4월 19일 02시,토요일,울산광역시 중구 약사동,경상사고,0,0,2,0,차대차 - 추돌 - 주정차중,안전운전불이행,건조,맑음,단일로 - 기타,승용,남,33세,상해없음,승용,남,50세,경상
2014041900100096,2014년 4월 19일 06시,토요일,울산광역시 북구 연암동,경상사고,0,0,1,0,차대차 - 측면직각충돌,안전운전불이행,건조,맑음,교차로 - 교차로부근,이륜,남,22세,경상,화물,남,56세,상해없음
2014041900100097,2014년 4월 19일 06시,토요일,울산광역시 중구 태화동,경상사고,0,0,1,0,차대차 - 추돌 - 주정차중,안전운전불이행,건조,맑음,교차로 - 교차로부근,승용,남,59세,상해없음,승용,남,26세,경상
2014041900100184,2014년 4월 19일 10시,토요일,울산광역시 동구 방어동,경상사고,0,0,1,0,차대차 - 측면직각충돌,교차로운행방법위반,건조,맑음,교차로 - 교차로안,이륜,남,45세,상해없음,이륜,여,51세,경상
2014041900100242,2014년 4월 19일 12시,토요일,울산광역시 울주군 온산읍,경상사고,0,0,1,0,차대차 - 기타,신호위반,건조,맑음,교차로 - 교차로안,승용,여,40세,상해없음,승용,여,36세,경상
2014041900100302,2014년 4월 19일 14시,토요일,울산광역시 남구 신정동,경상사고,0,0,4,0,차대차 - 추돌 - 주정차중,안전운전불이행,건조,맑음,단일로 - 기타,승용,남,40세,상해없음,승용,남,44세,경상
2014041900100362,2014년 4월 19일 16시,토요일,울산광역시 중구 반구동,중상사고,0,1,2,0,차대차 - 측면직각충돌,신호위반,건조,맑음,교차로 - 교차로안,승용,여,33세,상해없음,승용,남,34세,경상
2014041900100363,2014년 4월 19일 16시,토요일,울산광역시 울주군 온양읍,경상사고,0,0,2,0,차대차 - 기타,교차로운행방법위반,건조,맑음,교차로 - 교차로안,승용,여,49세,상해없음,승용,여,35세,경상
2014041900100426,2014년 4월 19일 18시,토요일,울산광역시 남구 삼산동,경상사고,0,0,1,0,차대차 - 기타,안전거리미확보,건조,맑음,단일로 - 기타,승용,남,48세,상해없음,승용,남,61세,경상
2014041900100462,2014년 4월 19일 19시,토요일,울산광역시 동구 서부동,중상사고,0,1,0,0,차대차 - 추돌 - 진행중,안전거리미확보,건조,맑음,교차로 - 교차로안,이륜,남,33세,중상,승용,남,41세,상해없음
2014041900100503,2014년 4월 19일 20시,토요일,울산광역시 북구 호계동,중상사고,0,1,0,0,차대차 - 기타,중앙선침범,건조,맑음,단일로 - 기타,승용,여,59세,상해없음,이륜,남,17세,중상
2014041900100504,2014년 4월 19일 20시,토요일,울산광역시 동구 방어동,경상사고,0,0,1,0,차대사람 - 기타,안전운전불이행,건조,맑음,교차로 - 교차로부근,승용,남,36세,상해없음,보행자,남,32세,경상
2014041900100505,2014년 4월 19일 20시,토요일,울산광역시 울주군 삼남면,중상사고,0,1,1,0,차대차 - 기타,교차로운행방법위반,건조,맑음,교차로 - 교차로안,승용,남,18세,상해없음,승용,남,75세,경상
2014041900100529,2014년 4월 19일 21시,토요일,울산광역시 중구 태화동,중상사고,0,1,1,0,차대차 - 측면직각충돌,직진우회전진행방해,건조,맑음,교차로 - 교차로안,승용,남,57세,상해없음,승용,남,59세,경상
2014041900100559,2014년 4월 19일 22시,토요일,울산광역시 울주군 온양읍,경상사고,0,0,4,0,차대차 - 추돌 - 진행중,안전운전불이행,건조,맑음,교차로 - 교차로부근,승용,여,45세,상해없음,승용,남,24세,경상
2014041900100567,2014년 4월 19일 23시,토요일,울산광역시 울주군 온양읍,중상사고,0,1,0,1,차대차 - 측면직각충돌,안전운전불이행,건조,맑음,단일로 - 기타,승용,남,51세,부상신고,승용,남,24세,상해없음
2014041900100585,2014년 4월 19일 23시,토요일,울산광역시 북구 화봉동,중상사고,0,1,0,0,차대차 - 기타,안전운전불이행,건조,맑음,교차로 - 교차로부근,이륜,남,51세,중상,승용,남,53세,상해없음
2014042000100040,2014년 4월 20일 01시,일요일,울산광역시 중구 성남동,경상사고,0,0,1,0,차대사람 - 기타,안전운전불이행,건조,맑음,단일로 - 기타,승용,남,32세,상해없음,보행자,남,35세,경상
2014042000100068,2014년 4월 20일 03시,일요일,울산광역시 남구 달동,경상사고,0,0,2,0,차대차 - 기타,교차로운행방법위반,건조,맑음,교차로 - 교차로안,승용,남,31세,기타불명,승용,남,58세,경상
2014042000100088,2014년 4월 20일 05시,일요일,울산광역시 남구 달동,경상사고,0,0,1,0,차대차 - 추돌 - 주정차중,안전운전불이행,건조,맑음,교차로 - 교차로부근,승용,여,37세,상해없음,승용,남,27세,기타불명
2014042000100111,2014년 4월 20일 07시,일요일,울산광역시 남구 옥동,경상사고,0,0,1,0,차대차 - 기타,교차로운행방법위반,건조,맑음,교차로 - 교차로부근,승합,남,61세,상해없음,승합,남,48세,경상
2014042000100112,2014년 4월 20일 07시,일요일,울산광역시 북구 염포동,중상사고,0,1,0,0,차량단독 - 기타,안전운전불이행,건조,맑음,단일로 - 기타,승합,남,45세,상해없음,,,,
2014042000100142,2014년 4월 20일 09시,일요일,울산광역시 중구 성안동,중상사고,0,1,0,0,차대차 - 측면직각충돌,안전운전불이행,건조,맑음,단일로 - 기타,승용,여,54세,중상,화물,남,34세,기타불명
2014042000100243,2014년 4월 20일 13시,일요일,울산광역시 중구 북정동,중상사고,0,1,0,0,차대차 - 기타,안전운전불이행,건조,맑음,교차로 - 교차로부근,기타불명,기타불명,기타불명,기타불명,이륜,남,25세,중상
2014042000100244,2014년 4월 20일 13시,일요일,울산광역시 울주군 범서읍,경상사고,0,0,1,0,차대사람 - 횡단중,보행자보호의무위반,건조,맑음,단일로 - 기타,승용,남,30세,상해없음,보행자,여,8세,경상