사고번호,사고일시,요일,시군구,사고내용,사망자수,중상자수,경상자수,부상신고자수,사고유형,법규위반,노면상태,기상상태,도로형태,가해운전자 차종,가해운전자 성별,가해운전자 연령,가해운전자 상해정도,피해운전자 차종,피해운전자 성별,피해운전자 연령,피해운전자 상해정도
2014042900100649,2014년 4월 29일 23시,화요일,울산광역시 울주군 온산읍,중상사고,0,1,0,0,차량단독 - 기타,안전운전불이행,건조,맑음,단일로 - 기타,이륜,남,46세,중상,,,,
2014043000100038,2014년 4월 30일 01시,수요일,울산광역시 북구 화봉동,경상사고,0,0,2,0,차대차 - 기타,안전운전불이행,건조,맑음,단일로 - 기타,승용,남,44세,상해없음,승용,여,33세,경상
2014043000100047,2014년 4월 30일 02시,수요일,울산광역시 울주군 온산읍,사망사고,1,0,0,0,차량단독 - 전도전복,안전운전불이행,습기,비,교차로 - 교차로부근,승용,남,33세,사망,,,,
2014043000100054,2014년 4월 30일 03시,수요일,울산광역시 남구 상개동,경상사고,0,0,1,0,차대차 - 기타,교차로운행방법위반,습기,흐림,교차로 - 교차로안,화물,남,47세,상해없음,화물,남,60세,경상
2014043000100077,2014년 4월 30일 05시,수요일,울산광역시 북구 호계동,중상사고,0,1,1,0,차대차 - 정면충돌,직진우회전진행방해,건조,맑음,교차로 - 교차로안,승용,남,25세,상해없음,원동기,남,74세,경상
2014043000100126,2014년 4월 30일 07시,수요일,울산광역시 북구 양정동,경상사고,0,0,2,0,차대차 - 기타,안전운전불이행,습기,흐림,단일로 - 기타,승용,남,21세,상해없음,이륜,남,23세,경상
2014043000100168,2014년 4월 30일 08시,수요일,울산광역시 중구 반구동,경상사고,0,0,1,0,차대사람 - 기타,안전운전불이행,건조,맑음,단일로 - 기타,승용,남,70세,상해없음,보행자,여,24세,경상
2014043000100219,2014년 4월 30일 10시,수요일,울산광역시 중구 학성동,경상사고,0,0,1,0,차대사람 - 횡단중,보행자보호의무위반,건조,맑음,단일로 - 기타,승용,남,55세,상해없음,보행자,여,70세,경상
2014043000100249,2014년 4월 30일 11시,수요일,울산광역시 동구 화정동,중상사고,0,1,0,0,차대사람 - 기타,안전운전불이행,건조,맑음,단일로 - 기타,이륜,남,18세,상해없음,보행자,여,77세,중상
2014043000100250,2014년 4월 30일 11시,수요일,울산광역시 울주군 언양읍,경상사고,0,0,1,0,차대차 - 기타,중앙선침범,건조,맑음,단일로 - 기타,승용,남,78세,상해없음,승합,남,38세,경상
2014043000100274,2014년 4월 30일 12시,수요일,울산광역시 중구 교동,경상사고,0,0,1,0,차대사람 - 기타,안전운전불이행,건조,흐림,단일로 - 기타,화물,남,51세,상해없음,보행자,여,41세,경상
2014043000100349,2014년 4월 30일 14시,수요일,울산광역시 남구 달동,경상사고,0,0,1,0,차대사람 - 기타,안전운전불이행,기타,기타,단일로 - 기타,승합,남,35세,상해없음,보행자,여,56세,경상
2014043000100379,2014년 4월 30일 15시,수요일,울산광역시 중구 태화동,중상사고,0,1,1,0,차대차 - 측면직각충돌,안전거리미확보,건조,맑음,단일로 - 기타,승용,남,39세,상해없음,승용,여,33세,중상
2014043000100380,2014년 4월 30일 15시,수요일,울산광역시 북구 매곡동,중상사고,0,1,0,0,차량단독 - 공작물충돌,기타,건조,맑음,단일로 - 기타,승용,여,57세,상해없음,,,,
2014043000100409,2014년 4월 30일 16시,수요일,울산광역시 남구 신정동,경상사고,0,0,1,0,차대차 - 기타,중앙선침범,건조,맑음,단일로 - 기타,승용,여,50세,상해없음,승용,남,42세,경상
2014043000100478,2014년 4월 30일 18시,수요일,울산광역시 북구 효문동,경상사고,0,0,1,0,차대차 - 측면직각충돌,안전운전불이행,건조,맑음,교차로 - 교차로부근,승용,남,35세,상해없음,승용,남,35세,경상
2014043000100515,2014년 4월 30일 19시,수요일,울산광역시 북구 양정동,경상사고,0,0,1,0,차대차 - 추돌 - 진행중,안전거리미확보,습기,비,단일로 - 기타,승용,여,30세,상해없음,승용,남,42세,경상
2014043000100555,2014년 4월 30일 20시,수요일,울산광역시 울주군 웅촌면,경상사고,0,0,1,0,차대차 - 기타,신호위반,건조,맑음,교차로 - 교차로안,승용,남,31세,상해없음,승용,남,59세,경상
2014043000100599,2014년 4월 30일 21시,수요일,울산광역시 남구 신정동,중상사고,0,1,0,0,차대사람 - 기타,안전운전불이행,건조,흐림,단일로 - 기타,승용,남,46세,상해없음,보행자,여,52세,중상
2014043000100641,2014년 4월 30일 22시,수요일,울산광역시 남구 삼산동,경상사고,0,0,2,0,차대차 - 측면직각충돌,안전운전불이행,건조,맑음,교차로 - 교차로부근,원동기,남,37세,경상,승용,남,43세,경상
2014050100100036,2014년 5월 1일 01시,목요일,울산광역시 남구 삼산동,경상사고,0,0,1,0,차대차 - 기타,안전거리미확보,건조,맑음,교차로 - 교차로부근,승용,남,42세,상해없음,승용,남,45세,경상
2014050100100049,2014년 5월 1일 02시,목요일,울산광역시 울주군 웅촌면,중상사고,0,1,0,0,차량단독 - 공작물충돌,안전운전불이행,습기,비,단일로 - 기타,승용,남,46세,중상,,,,
2014050100100050,2014년 5월 1일 02시,목요일,울산광역시 울주군 온산읍,경상사고,0,0,1,0,차대차 - 측면직각충돌,중앙선침범,건조,맑음,단일로 - 기타,승용,남,57세,상해없음,원동기,남,41세,경상
2014050100100066,2014년 5월 1일 03시,목요일,울산광역시 남구 야음동,경상사고,0,0,1,0,차대차 - 기타,중앙선침범,건조,맑음,단일로 - 기타,승용,여,53세,상해없음,승용,남,42세,경상
2014050100100069,2014년 5월 1일 04시,목요일,울산광역시 울주군 언양읍,중상사고,0,1,0,0,차대차 - 추돌 - 진행중,안전운전불이행,건조,맑음,단일로 - 기타,승용,남,43세,상해없음,화물,남,59세,중상
2014050100100087,2014년 5월 1일 05시,목요일,울산광역시 동구 방어동,경상사고,0,0,3,0,차대차 - 정면충돌,중앙선침범,습기,흐림,교차로 - 교차로부근,승용,남,32세,상해없음,승용,남,50세,경상
2014050100100154,2014년 5월 1일 08시,목요일,울산광역시 남구 삼산동,중상사고,0,1,0,0,차대사람 - 길가장자리구역통행중,안전운전불이행,건조,맑음,단일로 - 기타,승용,남,39세,상해없음,보행자,남,32세,중상
2014050100100199,2014년 5월 1일 10시,목요일,울산광역시 남구 달동,경상사고,0,0,1,0,차대차 - 기타,안전거리미확보,건조,맑음,교차로 - 교차로부근,승용,남,37세,상해없음,승합,남,56세,상해없음
2014050100100222,2014년 5월 1일 11시,목요일,울산광역시 남구 옥동,중상사고,0,1,0,0,차대차 - 추돌 - 주정차중,안전운전불이행,건조,맑음,교차로 - 교차로부근,승용,남,18세,상해없음,승용,남,35세,중상
2014050100100223,2014년 5월 1일 11시,목요일,울산광역시 울주군 범서읍,부상신고사고,0,0,0,1,차대차 - 기타,안전운전불이행,건조,맑음,기타 - 기타,승용,여,66세,부상신고,승용,여,38세,기타불명
2014050100100346,2014년 5월 1일 15시,목요일,울산광역시 북구 어물동,경상사고,0,0,2,0,차대차 - 측면직각충돌,중앙선침범,건조,맑음,단일로 - 기타,승용,남,57세,상해없음,이륜,남,24세,경상
2014050100100576,2014년 5월 1일 21시,목요일,울산광역시 중구 복산동,경상사고,0,0,1,0,차대사람 - 기타,안전운전불이행,건조,맑음,단일로 - 기타,승용,여,42세,상해없음,보행자,남,42세,경상
2014050100100607,2014년 5월 1일 22시,목요일,울산광역시 남구 달동,부상신고사고,0,0,0,1,차대차 - 측면직각충돌,교차로운행방법위반,건조,맑음,교차로 - 교차로안,원동기,남,18세,상해없음,승용,남,46세,상해없음
2014050100100608,2014년 5월 1일 22시,목요일,울산광역시 남구 달동,경상사고,0,0,1,0,차대사람 - 길가장자리구역통행중,안전운전불이행,건조,맑음,단일로 - 기타,승용,남,18세,상해없음,보행자,남,22세,경상
2014050100100609,2014년 5월 1일 22시,목요일,울산광역시 울주군 웅촌면,경상사고,0,0,4,0,차대차 - 추돌 - 진행중,안전거리미확보,건조,맑음,단일로 - 기타,승용,남,44세,상해없음,승용,여,34세,경상
2014050100100610,2014년 5월 1일 22시,목요일,울산광역시 울주군 범서읍,중상사고,0,1,0,0,차대사람 - 기타,안전운전불이행,건조,맑음,단일로 - 기타,승용,남,34세,상해없음,보행자,여,64세,중상
2014050200100026,2014년 5월 2일 00시,금요일,울산광역시 동구 서부동,경상사고,0,0,1,0,차대차 - 측면직각충돌,중앙선침범,건조,맑음,단일로 - 기타,원동기,남,30세,상해없음,승용,남,53세,상해없음
2014050200100063,2014년 5월 2일 05시,금요일,울산광역시 울주군 언양읍,중상사고,0,1,1,0,차대차 - 기타,안전운전불이행,건조,맑음,단일로 - 기타,화물,남,70세,상해없음,승용,남,65세,경상
2014050200100115,2014년 5월 2일 07시,금요일,울산광역시 북구 매곡동,경상사고,0,0,1,0,차대사람 - 기타,안전운전불이행,건조,맑음,단일로 - 기타,승용,여,41세,상해없음,보행자,여,14세,경상
2014050200100116,2014년 5월 2일 07시,금요일,울산광역시 동구 방어동,중상사고,0,1,0,0,차대차 - 기타,안전운전불이행,건조,맑음,단일로 - 기타,이륜,여,50세,중상,승용,남,49세,상해없음
2014050200100151,2014년 5월 2일 08시,금요일,울산광역시 남구 삼산동,중상사고,0,1,0,0,차대차 - 기타,신호위반,건조,맑음,교차로 - 교차로안,승용,여,31세,상해없음,원동기,남,52세,중상
2014050200100183,2014년 5월 2일 09시,금요일,울산광역시 중구 태화동,경상사고,0,0,2,0,차대차 - 추돌 - 주정차중,안전운전불이행,건조,맑음,단일로 - 기타,승용,남,50세,상해없음,승용,여,26세,경상
2014050200100219,2014년 5월 2일 10시,금요일,울산광역시 남구 신정동,중상사고,0,1,0,0,차대차 - 측면직각충돌,교차로운행방법위반,건조,맑음,교차로 - 교차로안,화물,남,54세,상해없음,이륜,남,65세,중상
2014050200100277,2014년 5월 2일 12시,금요일,울산광역시 중구 태화동,경상사고,0,0,1,0,차대차 - 기타,안전운전불이행,건조,맑음,교차로 - 교차로안,자전거,남,77세,경상,승용,남,61세,상해없음
2014050200100454,2014년 5월 2일 16시,금요일,울산광역시 동구 서부동,경상사고,0,0,1,0,차대차 - 기타,안전운전불이행,건조,맑음,기타 - 기타,이륜,남,18세,상해없음,승용,남,22세,상해없음
2014050200100583,2014년 5월 2일 19시,금요일,울산광역시 동구 서부동,중상사고,0,1,1,0,차대차 - 기타,안전운전불이행,건조,맑음,단일로 - 기타,화물,남,40세,상해없음,원동기,남,57세,기타불명
2014050200100620,2014년 5월 2일 20시,금요일,울산광역시 중구 성남동,경상사고,0,0,1,0,차대차 - 추돌 - 진행중,안전운전불이행,건조,맑음,단일로 - 기타,승용,남,48세,상해없음,승용,남,36세,경상
2014050200100621,2014년 5월 2일 20시,금요일,울산광역시 남구 삼산동,경상사고,0,0,3,0,차대차 - 측면직각충돌,교차로운행방법위반,건조,맑음,교차로 - 교차로안,승용,남,32세,상해없음,승용,남,32세,경상
2014050200100672,2014년 5월 2일 22시,금요일,울산광역시 북구 상안동,경상사고,0,0,1,0,차대차 - 추돌 - 진행중,안전운전불이행,건조,맑음,단일로 - 기타,승용,남,43세,상해없음,승합,남,48세,상해없음
2014050300100092,2014년 5월 3일 04시,토요일,울산광역시 남구 달동,경상사고,0,0,2,0,차대차 - 추돌 - 주정차중,안전운전불이행,건조,맑음,단일로 - 기타,승용,남,32세,상해없음,승용,남,40세,경상
2014050300100093,2014년 5월 3일 04시,토요일,울산광역시 남구 선암동,중상사고,0,1,0,0,차대차 - 측면직각충돌,신호위반,건조,맑음,교차로 - 교차로안,승용,남,49세,상해없음,승용,여,47세,중상
2014050300100108,2014년 5월 3일 05시,토요일,울산광역시 동구 동부동,경상사고,0,0,1,0,차대차 - 측면직각충돌,안전운전불이행,건조,맑음,기타 - 기타,승용,여,30세,상해없음,승용,남,25세,경상
2014050300100310,2014년 5월 3일 12시,토요일,울산광역시 울주군 언양읍,중상사고,0,1,0,0,차대차 - 기타,안전운전불이행,건조,맑음,교차로 - 교차로부근,승용,남,53세,상해없음,자전거,남,60세,중상
2014050300100438,2014년 5월 3일 15시,토요일,울산광역시 울주군 온산읍,중상사고,0,1,0,0,차대차 - 기타,안전운전불이행,건조,맑음,단일로 - 기타,승용,여,45세,상해없음,이륜,남,30세,중상
2014050300100532,2014년 5월 3일 17시,토요일,울산광역시 동구 방어동,경상사고,0,0,1,0,차대사람 - 기타,안전운전불이행,건조,맑음,교차로 - 교차로안,승용,남,51세,상해없음,보행자,남,67세,경상
2014050300100579,2014년 5월 3일 18시,토요일,울산광역시 중구 서동,경상사고,0,0,1,0,차대차 - 측면직각충돌,안전운전불이행,건조,맑음,단일로 - 기타,승용,남,48세,상해없음,승용,남,37세,경상
2014050300100650,2014년 5월 3일 20시,토요일,울산광역시 울주군 범서읍,경상사고,0,0,1,0,차대차 - 측면직각충돌,신호위반,건조,맑음,교차로 - 교차로안,승용,남,62세,상해없음,원동기,남,28세,경상
2014050300100723,2014년 5월 3일 23시,토요일,울산광역시 남구 야음동,경상사고,0,0,1,0,차대차 - 기타,신호위반,건조,맑음,교차로 - 교차로안,승용,여,43세,기타불명,승용,남,56세,경상
2014050400100020,2014년 5월 4일 00시,일요일,울산광역시 남구 삼산동,경상사고,0,0,2,0,차대차 - 추돌 - 주정차중,안전운전불이행,건조,맑음,교차로 - 교차로부근,승용,남,50세,상해없음,승용,남,37세,경상
2014050400100069,2014년 5월 4일 04시,일요일,울산광역시 동구 방어동,경상사고,0,0,1,0,차량단독 - 기타,기타,건조,맑음,단일로 - 기타,승용,남,58세,상해없음,,,,
2014050400100239,2014년 5월 4일 14시,일요일,울산광역시 중구 복산동,경상사고,0,0,1,0,차대차 - 측면직각충돌,안전운전불이행,건조,맑음,단일로 - 기타,승용,남,50세,상해없음,승용,남,45세,경상
2014050400100496,2014년 5월 4일 22시,일요일,울산광역시 남구 삼산동,경상사고,0,0,1,0,차대차 - 기타,교차로운행방법위반,건조,맑음,교차로 - 교차로안,승용,남,24세,상해없음,승용,여,24세,경상
2014050500100051,2014년 5월 5일 02시,월요일,울산광역시 북구 매곡동,중상사고,0,2,1,0,차대차 - 기타,신호위반,건조,맑음,교차로 - 교차로안,승합,남,31세,중상,승용,남,60세,경상
2014050500100219,2014년 5월 5일 12시,월요일,울산광역시 중구 우정동,중상사고,0,1,5,0,차대차 - 추돌 - 진행중,안전운전불이행,건조,맑음,단일로 - 기타,승용,여,50세,상해없음,승용,남,34세,경상
2014050500100220,2014년 5월 5일 12시,월요일,울산광역시 남구 달동,경상사고,0,0,2,0,차대차 - 추돌 - 주정차중,안전운전불이행,건조,맑음,단일로 - 기타,승용,여,43세,경상,승용,여,46세,경상
2014050500100221,2014년 5월 5일 12시,월요일,울산광역시 남구 삼산동,중상사고,0,1,0,0,차대차 - 기타,안전운전불이행,건조,맑음,기타 - 기타,자전거,여,49세,중상,승용,여,47세,상해없음
2014050500100297,2014년 5월 5일 14시,월요일,울산광역시 중구 교동,경상사고,0,0,1,0,차대차 - 기타,안전거리미확보,건조,맑음,단일로 - 기타,승용,여,43세,기타불명,승합,남,51세,상해없음
2014050500100436,2014년 5월 5일 18시,월요일,울산광역시 중구 남외동,부상신고사고,0,0,0,1,차대차 - 기타,직진우회전진행방해,건조,맑음,교차로 - 교차로안,이륜,남,25세,부상신고,승용,남,41세,상해없음
2014050500100437,2014년 5월 5일 18시,월요일,울산광역시 울주군 언양읍,부상신고사고,0,0,0,1,차대차 - 기타,안전운전불이행,건조,맑음,기타 - 기타,화물,남,55세,부상신고,승합,남,43세,기타불명
2014050500100468,2014년 5월 5일 19시,월요일,울산광역시 중구 태화동,경상사고,0,0,4,0,차대차 - 추돌 - 주정차중,안전운전불이행,건조,맑음,단일로 - 기타,승용,남,52세,상해없음,승용,남,27세,경상
2014050500100512,2014년 5월 5일 21시,월요일,울산광역시 중구 반구동,중상사고,0,1,0,0,차대사람 - 횡단중,안전운전불이행,건조,맑음,단일로 - 기타,승용,여,45세,상해없음,보행자,남,60세,중상
2014050500100513,2014년 5월 5일 21시,월요일,울산광역시 북구 진장동,경상사고,0,0,2,0,차대차 - 측면직각충돌,신호위반,건조,맑음,교차로 - 교차로안,승용,여,54세,경상,승용,남,53세,경상
2014050600100116,2014년 5월 6일 09시,화요일,울산광역시 중구 태화동,경상사고,0,0,3,0,차대차 - 기타,교차로운행방법위반,건조,맑음,교차로 - 교차로안,승용,남,57세,상해없음,승합,남,39세,경상
2014050600100174,2014년 5월 6일 11시,화요일,울산광역시 울주군 웅촌면,부상신고사고,0,0,0,1,차대차 - 추돌 - 진행중,안전거리미확보,건조,맑음,단일로 - 기타,승용,남,47세,부상신고,승용,남,76세,상해없음
2014050600100199,2014년 5월 6일 12시,화요일,울산광역시 동구 방어동,경상사고,0,0,1,0,차대차 - 측면직각충돌,교차로운행방법위반,건조,맑음,교차로 - 교차로안,승용,여,46세,상해없음,승용,남,62세,경상
2014050600100232,2014년 5월 6일 13시,화요일,울산광역시 울주군 삼남면,중상사고,0,1,0,0,차대차 - 추돌 - 주정차중,안전운전불이행,건조,맑음,단일로 - 기타,승용,여,47세,기타불명,승용,여,56세,중상
2014050600100237,2014년 5월 6일 14시,화요일,울산광역시 울주군 언양읍,경상사고,0,0,1,0,차대차 - 기타,안전운전불이행,건조,맑음,단일로 - 기타,승용,남,35세,상해없음,승용,여,28세,상해없음
2014050600100259,2014년 5월 6일 14시,화요일,울산광역시 북구 매곡동,부상신고사고,0,0,0,1,차대차 - 기타,안전운전불이행,건조,맑음,단일로 - 기타,이륜,남,42세,부상신고,승용,여,47세,상해없음
2014050600100297,2014년 5월 6일 15시,화요일,울산광역시 중구 장현동,중상사고,0,3,2,1,차대차 - 추돌 - 진행중,안전거리미확보,건조,맑음,단일로 - 교량,승용,여,22세,부상신고,승용,남,50세,경상
2014050600100298,2014년 5월 6일 15시,화요일,울산광역시 울주군 언양읍,부상신고사고,0,0,0,1,차대사람 - 기타,안전운전불이행,건조,맑음,단일로 - 기타,승용,여,68세,상해없음,보행자,여,24세,부상신고
2014050600100334,2014년 5월 6일 16시,화요일,울산광역시 남구 달동,경상사고,0,0,1,0,차대사람 - 횡단중,보행자보호의무위반,건조,맑음,교차로 - 교차로안,승용,남,53세,상해없음,보행자,여,15세,경상
2014050600100399,2014년 5월 6일 18시,화요일,울산광역시 남구 신정동,경상사고,0,0,1,0,차대차 - 정면충돌,안전운전불이행,건조,맑음,단일로 - 기타,승용,여,45세,상해없음,이륜,남,16세,경상
2014050600100425,2014년 5월 6일 19시,화요일,울산광역시 남구 삼산동,경상사고,0,0,3,0,차대차 - 기타,안전운전불이행,기타,기타,단일로 - 기타,승용,남,18세,상해없음,승용,남,37세,경상
2014050600100450,2014년 5월 6일 20시,화요일,울산광역시 중구 태화동,중상사고,0,1,0,0,차대차 - 기타,안전운전불이행,건조,맑음,단일로 - 기타,이륜,남,58세,중상,승용,남,61세,상해없음
2014050600100451,2014년 5월 6일 20시,화요일,울산광역시 남구 달동,경상사고,0,0,2,0,차대차 - 추돌 - 주정차중,안전운전불이행,건조,맑음,단일로 - 기타,승용,남,38세,상해없음,승용,남,61세,경상
2014050600100473,2014년 5월 6일 21시,화요일,울산광역시 북구 진장동,중상사고,0,1,6,0,차대차 - 추돌 - 주정차중,안전운전불이행,건조,맑음,단일로 - 기타,승용,남,22세,상해없음,승용,남,46세,중상
2014050600100474,2014년 5월 6일 21시,화요일,울산광역시 중구 학성동,경상사고,0,0,1,0,차대차 - 측면직각충돌,기타,건조,맑음,단일로 - 기타,승용,남,45세,상해없음,이륜,남,26세,경상
2014050600100475,2014년 5월 6일 21시,화요일,울산광역시 울주군 서생면,중상사고,0,1,0,0,차대차 - 기타,중앙선침범,건조,맑음,단일로 - 횡단보도상,승용,남,61세,상해없음,승용,남,25세,중상
2014050700100092,2014년 5월 7일 07시,수요일,울산광역시 남구 부곡동,중상사고,0,1,0,0,차대사람 - 차도통행중,안전운전불이행,건조,맑음,단일로 - 기타,이륜,남,50세,상해없음,보행자,남,61세,중상
2014050700100093,2014년 5월 7일 07시,수요일,울산광역시 울주군 상북면,경상사고,0,0,1,0,차대차 - 기타,안전운전불이행,건조,맑음,교차로 - 교차로안,승용,남,69세,상해없음,승용,남,31세,경상
2014050700100168,2014년 5월 7일 09시,수요일,울산광역시 북구 상안동,중상사고,0,2,0,0,차대차 - 측면직각충돌,기타,건조,맑음,교차로 - 교차로안,승용,남,39세,중상,승용,여,38세,중상
2014050700100227,2014년 5월 7일 11시,수요일,울산광역시 북구 상안동,경상사고,0,0,1,0,차대차 - 기타,안전운전불이행,건조,맑음,교차로 - 교차로안,승용,남,73세,상해없음,자전거,여,47세,경상
2014050700100256,2014년 5월 7일 12시,수요일,울산광역시 울주군 청량면,경상사고,0,0,1,0,차대차 - 측면직각충돌,중앙선침범,건조,맑음,단일로 - 기타,화물,남,73세,상해없음,원동기,남,29세,경상
2014050700100404,2014년 5월 7일 16시,수요일,울산광역시 울주군 온산읍,경상사고,0,0,1,0,차대차 - 기타,안전운전불이행,건조,맑음,교차로 - 교차로부근,화물,남,46세,상해없음,승용,여,23세,경상
2014050700100440,2014년 5월 7일 17시,수요일,울산광역시 중구 약사동,경상사고,0,0,1,0,차대사람 - 기타,안전운전불이행,건조,맑음,단일로 - 기타,승용,여,42세,상해없음,보행자,남,7세,경상
2014050700100441,2014년 5월 7일 17시,수요일,울산광역시 북구 염포동,경상사고,0,0,1,0,차대차 - 기타,안전운전불이행,건조,맑음,단일로 - 기타,화물,남,60세,상해없음,자전거,남,45세,경상
2014050700100442,2014년 5월 7일 17시,수요일,울산광역시 울주군 서생면,경상사고,0,0,1,0,차대차 - 기타,안전운전불이행,건조,맑음,단일로 - 기타,화물,남,64세,상해없음,승용,남,31세,경상
2014050700100493,2014년 5월 7일 18시,수요일,울산광역시 남구 삼산동,중상사고,0,1,0,0,차대차 - 기타,안전운전불이행,건조,맑음,단일로 - 기타,이륜,남,30세,중상,승용,여,52세,상해없음
2014050700100567,2014년 5월 7일 20시,수요일,울산광역시 동구 화정동,경상사고,0,0,1,0,차량단독 - 기타,안전운전불이행,건조,맑음,단일로 - 기타,승용,남,32세,상해없음,,,,
2014050700100644,2014년 5월 7일 22시,수요일,울산광역시 울주군 온산읍,부상신고사고,0,0,0,1,차대차 - 추돌 - 진행중,안전거리미확보,건조,맑음,교차로 - 교차로부근,승용,남,30세,부상신고,승용,여,53세,상해없음
2014050700100678,2014년 5월 7일 23시,수요일,울산광역시 북구 화봉동,부상신고사고,0,0,0,1,차량단독 - 공작물충돌,안전운전불이행,건조,맑음,단일로 - 기타,승용,여,58세,부상신고,,,,
2014050800100070,2014년 5월 8일 04시,목요일,울산광역시 중구 복산동,경상사고,0,0,1,0,차대차 - 기타,신호위반,건조,맑음,교차로 - 교차로안,승용,남,56세,상해없음,승용,남,38세,경상
2014050800100081,2014년 5월 8일 05시,목요일,울산광역시 남구 부곡동,경상사고,0,0,2,0,차대차 - 추돌 - 주정차중,안전거리미확보,건조,맑음,단일로 - 기타,승용,남,64세,경상,승용,남,65세,경상
2014050800100095,2014년 5월 8일 06시,목요일,울산광역시 동구 전하동,경상사고,0,0,1,0,차대차 - 기타,신호위반,건조,맑음,교차로 - 교차로안,이륜,남,72세,상해없음,승용,남,61세,경상
2014050800100121,2014년 5월 8일 07시,목요일,울산광역시 북구 양정동,중상사고,0,1,0,0,차대사람 - 횡단중,안전운전불이행,건조,맑음,교차로 - 교차로부근,승용,남,56세,상해없음,보행자,남,27세,중상
2014050800100198,2014년 5월 8일 09시,목요일,울산광역시 중구 복산동,경상사고,0,0,2,0,차대차 - 추돌 - 주정차중,안전운전불이행,건조,맑음,교차로 - 교차로부근,승용,남,67세,상해없음,승용,여,55세,경상
2014050800100222,2014년 5월 8일 10시,목요일,울산광역시 중구 태화동,중상사고,0,1,0,0,차대차 - 추돌 - 주정차중,안전운전불이행,건조,맑음,단일로 - 기타,화물,남,69세,상해없음,화물,남,34세,상해없음
2014050800100257,2014년 5월 8일 11시,목요일,울산광역시 중구 복산동,중상사고,0,1,1,0,차대차 - 기타,안전거리미확보,건조,맑음,단일로 - 기타,승용,여,41세,상해없음,승용,여,52세,경상
2014050800100352,2014년 5월 8일 14시,목요일,울산광역시 남구 삼산동,중상사고,0,1,0,0,차대차 - 기타,차로위반,건조,맑음,단일로 - 기타,승용,여,51세,상해없음,원동기,남,40세,중상
2014050800100438,2014년 5월 8일 16시,목요일,울산광역시 남구 삼산동,중상사고,0,1,0,0,차대차 - 측면직각충돌,교차로운행방법위반,건조,맑음,교차로 - 교차로안,화물,남,31세,상해없음,자전거,남,22세,중상
2014050800100610,2014년 5월 8일 20시,목요일,울산광역시 중구 우정동,경상사고,0,0,3,0,차대차 - 측면직각충돌,안전운전불이행,건조,맑음,단일로 - 기타,특수,남,60세,상해없음,승용,남,30세,경상
2014050800100611,2014년 5월 8일 20시,목요일,울산광역시 남구 신정동,경상사고,0,0,2,0,차대차 - 기타,신호위반,기타,기타,교차로 - 교차로안,승용,남,58세,상해없음,승용,남,56세,경상
2014050800100679,2014년 5월 8일 22시,목요일,울산광역시 중구 북정동,경상사고,0,0,2,0,차대차 - 추돌 - 주정차중,안전운전불이행,건조,맑음,교차로 - 교차로부근,승용,남,47세,상해없음,승용,남,23세,경상
2014050900100018,2014년 5월 9일 00시,금요일,울산광역시 남구 여천동,경상사고,0,0,1,0,차대차 - 측면직각충돌,교차로운행방법위반,건조,맑음,교차로 - 교차로안,승용,남,35세,상해없음,승합,남,27세,경상
2014050900100019,2014년 5월 9일 00시,금요일,울산광역시 울주군 온산읍,중상사고,0,1,0,0,차량단독 - 전도전복,기타,건조,맑음,교차로 - 교차로안,특수,남,47세,중상,,,,
2014050900100037,2014년 5월 9일 03시,금요일,울산광역시 동구 서부동,중상사고,0,1,0,0,차대사람 - 기타,신호위반,건조,맑음,교차로 - 교차로안,승용,여,51세,상해없음,보행자,여,81세,중상
2014050900100051,2014년 5월 9일 05시,금요일,울산광역시 남구 신정동,중상사고,0,1,0,0,차대차 - 측면직각충돌,중앙선침범,건조,맑음,단일로 - 기타,자전거,남,62세,중상,승용,남,70세,상해없음
2014050900100062,2014년 5월 9일 06시,금요일,울산광역시 동구 방어동,중상사고,0,1,0,0,차대차 - 기타,교차로운행방법위반,건조,맑음,교차로 - 교차로부근,승용,남,67세,상해없음,이륜,남,25세,중상
2014050900100180,2014년 5월 9일 09시,금요일,울산광역시 울주군 서생면,경상사고,0,0,1,0,차대차 - 기타,기타,건조,맑음,교차로 - 교차로안,승용,남,24세,경상,화물,남,68세,상해없음
2014050900100240,2014년 5월 9일 11시,금요일,울산광역시 중구 서동,중상사고,0,1,0,0,차대차 - 측면직각충돌,안전운전불이행,건조,맑음,단일로 - 기타,승용,여,38세,상해없음,자전거,남,41세,중상
2014050900100241,2014년 5월 9일 11시,금요일,울산광역시 남구 삼산동,중상사고,0,1,0,0,차대사람 - 횡단중,보행자보호의무위반,건조,맑음,교차로 - 교차로부근,승용,여,64세,상해없음,보행자,여,22세,중상
2014050900100300,2014년 5월 9일 13시,금요일,울산광역시 남구 달동,경상사고,0,0,1,0,차대사람 - 기타,보행자보호의무위반,기타,기타,교차로 - 교차로부근,승용,여,39세,상해없음,보행자,여,53세,경상
2014050900100425,2014년 5월 9일 16시,금요일,울산광역시 중구 반구동,경상사고,0,0,1,0,차대차 - 기타,신호위반,건조,맑음,교차로 - 교차로안,화물,남,52세,상해없음,이륜,남,45세,경상
2014050900100426,2014년 5월 9일 16시,금요일,울산광역시 울주군 청량면,중상사고,0,1,0,0,차대차 - 정면충돌,중앙선침범,건조,맑음,단일로 - 기타,승용,남,65세,상해없음,승용,남,33세,중상
2014050900100480,2014년 5월 9일 17시,금요일,울산광역시 동구 방어동,중상사고,0,1,1,0,차대차 - 기타,안전운전불이행,건조,맑음,교차로 - 교차로부근,승합,남,47세,상해없음,원동기,남,48세,중상