사고번호,사고일시,요일,시군구,사고내용,사망자수,중상자수,경상자수,부상신고자수,사고유형,법규위반,노면상태,기상상태,도로형태,가해운전자 차종,가해운전자 성별,가해운전자 연령,가해운전자 상해정도,피해운전자 차종,피해운전자 성별,피해운전자 연령,피해운전자 상해정도
2014052600100297,2014년 5월 26일 13시,월요일,울산광역시 중구 유곡동,중상사고,0,1,0,1,차대차 - 기타,안전운전불이행,건조,맑음,교차로 - 교차로부근,승용,남,57세,상해없음,승용,여,48세,중상
2014052600100325,2014년 5월 26일 14시,월요일,울산광역시 울주군 범서읍,경상사고,0,0,1,0,차대차 - 기타,안전거리미확보,건조,맑음,단일로 - 기타,건설기계,남,48세,상해없음,승용,남,33세,경상
2014052600100406,2014년 5월 26일 16시,월요일,울산광역시 동구 일산동,경상사고,0,0,2,0,차대차 - 기타,안전거리미확보,건조,맑음,단일로 - 기타,승용,남,53세,상해없음,승용,여,24세,경상
2014052600100445,2014년 5월 26일 17시,월요일,울산광역시 울주군 청량면,중상사고,0,1,0,0,차대차 - 기타,안전운전불이행,건조,맑음,단일로 - 기타,농기계,남,61세,중상,건설기계,남,41세,상해없음
2014052600100502,2014년 5월 26일 18시,월요일,울산광역시 남구 신정동,경상사고,0,0,3,0,차대차 - 기타,신호위반,건조,맑음,단일로 - 기타,승용,남,57세,상해없음,승합,남,44세,경상
2014052600100503,2014년 5월 26일 18시,월요일,울산광역시 동구 화정동,중상사고,0,1,0,0,차대차 - 기타,안전운전불이행,건조,맑음,단일로 - 기타,특수,남,54세,상해없음,이륜,남,37세,중상
2014052600100565,2014년 5월 26일 20시,월요일,울산광역시 남구 신정동,중상사고,0,1,0,0,차대사람 - 횡단중,안전운전불이행,건조,맑음,단일로 - 기타,승용,남,28세,상해없음,보행자,남,49세,중상
2014052600100566,2014년 5월 26일 20시,월요일,울산광역시 남구 신정동,사망사고,1,0,1,0,차대차 - 기타,안전운전불이행,건조,맑음,단일로 - 기타,승용,여,56세,상해없음,승용,남,40세,경상
2014052600100567,2014년 5월 26일 20시,월요일,울산광역시 남구 삼산동,중상사고,0,1,0,0,차대사람 - 횡단중,보행자보호의무위반,건조,맑음,교차로 - 교차로부근,승용,남,21세,상해없음,보행자,여,14세,중상
2014052600100601,2014년 5월 26일 21시,월요일,울산광역시 동구 전하동,중상사고,0,1,0,0,차대차 - 기타,안전운전불이행,건조,맑음,교차로 - 교차로안,이륜,남,18세,상해없음,이륜,남,37세,중상
2014052600100647,2014년 5월 26일 23시,월요일,울산광역시 동구 화정동,경상사고,0,0,1,0,차대차 - 측면직각충돌,안전운전불이행,건조,맑음,교차로 - 교차로부근,승용,남,38세,상해없음,원동기,남,19세,경상
2014052700100011,2014년 5월 27일 00시,화요일,울산광역시 남구 무거동,경상사고,0,0,2,0,차대차 - 기타,안전운전불이행,건조,맑음,단일로 - 기타,승용,남,43세,상해없음,승용,남,50세,경상
2014052700100012,2014년 5월 27일 00시,화요일,울산광역시 동구 전하동,중상사고,0,1,0,0,차대차 - 기타,안전운전불이행,건조,맑음,단일로 - 기타,승용,남,29세,상해없음,이륜,남,25세,중상
2014052700100026,2014년 5월 27일 01시,화요일,울산광역시 울주군 언양읍,중상사고,0,1,0,0,차량단독 - 공작물충돌,안전운전불이행,건조,맑음,단일로 - 기타,승용,남,29세,중상,,,,
2014052700100042,2014년 5월 27일 03시,화요일,울산광역시 남구 야음동,중상사고,0,2,2,0,차대차 - 측면직각충돌,신호위반,건조,맑음,교차로 - 교차로안,승용,남,57세,중상,승용,남,54세,중상
2014052700100082,2014년 5월 27일 06시,화요일,울산광역시 울주군 청량면,중상사고,0,1,0,0,차대차 - 추돌 - 진행중,안전운전불이행,건조,맑음,단일로 - 기타,화물,남,81세,상해없음,이륜,남,36세,중상
2014052700100168,2014년 5월 27일 08시,화요일,울산광역시 북구 염포동,경상사고,0,0,1,0,차대사람 - 횡단중,안전운전불이행,건조,맑음,교차로 - 교차로부근,승합,남,48세,상해없음,보행자,여,35세,경상
2014052700100213,2014년 5월 27일 09시,화요일,울산광역시 남구 달동,중상사고,0,1,0,0,차대사람 - 기타,보행자보호의무위반,기타,맑음,교차로 - 교차로안,승용,여,33세,상해없음,보행자,여,70세,중상
2014052700100318,2014년 5월 27일 13시,화요일,울산광역시 남구 삼산동,경상사고,0,0,1,0,차대차 - 측면직각충돌,교차로운행방법위반,건조,맑음,교차로 - 교차로안,승용,여,61세,경상,승용,남,43세,상해없음
2014052700100393,2014년 5월 27일 15시,화요일,울산광역시 남구 삼산동,경상사고,0,0,1,0,차대차 - 기타,안전운전불이행,건조,맑음,단일로 - 기타,승용,여,41세,상해없음,승용,남,32세,경상
2014052700100441,2014년 5월 27일 16시,화요일,울산광역시 중구 남외동,경상사고,0,0,1,0,차대차 - 측면직각충돌,안전운전불이행,건조,맑음,단일로 - 기타,승용,여,49세,상해없음,이륜,남,21세,경상
2014052700100605,2014년 5월 27일 21시,화요일,울산광역시 북구 천곡동,경상사고,0,0,2,1,차대차 - 기타,신호위반,건조,맑음,교차로 - 교차로안,승용,여,34세,상해없음,승용,남,55세,부상신고
2014052800100022,2014년 5월 28일 00시,수요일,울산광역시 동구 일산동,경상사고,0,0,2,0,차대차 - 측면직각충돌,교차로운행방법위반,건조,맑음,교차로 - 교차로안,이륜,남,18세,상해없음,승용,여,32세,경상
2014052800100030,2014년 5월 28일 01시,수요일,울산광역시 북구 효문동,경상사고,0,0,2,0,차대차 - 측면직각충돌,안전운전불이행,건조,맑음,단일로 - 기타,승용,남,46세,기타불명,승용,남,45세,경상
2014052800100079,2014년 5월 28일 06시,수요일,울산광역시 북구 효문동,중상사고,0,1,0,0,차대차 - 측면직각충돌,신호위반,건조,맑음,교차로 - 교차로안,승용,남,42세,상해없음,이륜,남,59세,중상
2014052800100080,2014년 5월 28일 06시,수요일,울산광역시 중구 복산동,중상사고,0,1,0,0,차대차 - 기타,안전운전불이행,건조,맑음,교차로 - 교차로부근,화물,남,44세,상해없음,승용,남,49세,상해없음
2014052800100108,2014년 5월 28일 07시,수요일,울산광역시 동구 방어동,경상사고,0,0,4,0,차대차 - 추돌 - 진행중,안전운전불이행,건조,맑음,단일로 - 기타,승용,남,42세,상해없음,승용,남,56세,경상
2014052800100109,2014년 5월 28일 07시,수요일,울산광역시 울주군 언양읍,경상사고,0,0,2,0,차대차 - 기타,중앙선침범,건조,맑음,단일로 - 기타,승용,남,71세,상해없음,화물,남,62세,경상
2014052800100205,2014년 5월 28일 10시,수요일,울산광역시 울주군 언양읍,중상사고,0,1,1,0,차대차 - 기타,중앙선침범,건조,맑음,단일로 - 기타,이륜,남,71세,중상,이륜,남,26세,경상
2014052800100296,2014년 5월 28일 13시,수요일,울산광역시 남구 야음동,경상사고,0,0,1,0,차대차 - 기타,안전운전불이행,건조,맑음,교차로 - 교차로안,승용,남,29세,상해없음,승용,남,56세,경상
2014052800100359,2014년 5월 28일 15시,수요일,울산광역시 북구 연암동,중상사고,0,1,0,0,차대사람 - 기타,안전운전불이행,건조,맑음,단일로 - 기타,자전거,남,48세,상해없음,보행자,여,53세,중상
2014052800100360,2014년 5월 28일 15시,수요일,울산광역시 남구 삼산동,중상사고,0,1,0,0,차대차 - 측면직각충돌,안전운전불이행,건조,맑음,단일로 - 기타,승용,남,64세,상해없음,이륜,남,37세,중상
2014052800100361,2014년 5월 28일 15시,수요일,울산광역시 남구 달동,경상사고,0,0,1,0,차대차 - 기타,교차로운행방법위반,건조,맑음,교차로 - 교차로안,승용,여,44세,경상,화물,남,41세,상해없음
2014052800100362,2014년 5월 28일 15시,수요일,울산광역시 남구 옥동,중상사고,0,1,0,0,차대차 - 측면직각충돌,차로위반,건조,맑음,교차로 - 교차로부근,화물,남,51세,상해없음,승용,남,49세,중상
2014052800100439,2014년 5월 28일 17시,수요일,울산광역시 중구 반구동,중상사고,0,1,0,0,차대차 - 측면직각충돌,불법유턴,건조,맑음,단일로 - 기타,건설기계,남,44세,상해없음,원동기,남,53세,중상
2014052800100492,2014년 5월 28일 18시,수요일,울산광역시 울주군 언양읍,부상신고사고,0,0,0,1,차대차 - 기타,중앙선침범,습기,비,단일로 - 기타,승용,남,54세,부상신고,건설기계,남,59세,상해없음
2014052800100526,2014년 5월 28일 19시,수요일,울산광역시 울주군 언양읍,부상신고사고,0,0,0,1,차대차 - 추돌 - 진행중,안전거리미확보,습기,비,교차로 - 교차로부근,이륜,남,66세,부상신고,승용,여,55세,상해없음
2014052800100527,2014년 5월 28일 19시,수요일,울산광역시 울주군 웅촌면,중상사고,0,1,0,0,차대차 - 기타,중앙선침범,습기,비,단일로 - 기타,승용,여,55세,기타불명,승용,남,31세,중상
2014052800100574,2014년 5월 28일 20시,수요일,울산광역시 북구 화봉동,경상사고,0,0,1,0,차대차 - 측면직각충돌,직진우회전진행방해,습기,비,교차로 - 교차로안,승합,남,49세,상해없음,이륜,남,33세,경상
2014052800100647,2014년 5월 28일 22시,수요일,울산광역시 울주군 온산읍,경상사고,0,0,1,0,차대차 - 기타,중앙선침범,건조,맑음,단일로 - 기타,승용,남,34세,상해없음,승용,남,48세,경상
2014052800100670,2014년 5월 28일 23시,수요일,울산광역시 북구 창평동,경상사고,0,0,1,0,차대차 - 측면직각충돌,안전운전불이행,건조,맑음,단일로 - 기타,특수,남,45세,상해없음,승용,여,26세,경상
2014052800100671,2014년 5월 28일 23시,수요일,울산광역시 남구 두왕동,중상사고,0,2,1,0,차량단독 - 공작물충돌,안전운전불이행,기타,기타,단일로 - 기타,승용,남,17세,기타불명,,,,
2014052900100036,2014년 5월 29일 01시,목요일,울산광역시 북구 명촌동,경상사고,0,0,1,0,차대차 - 측면직각충돌,교차로운행방법위반,건조,맑음,교차로 - 교차로안,화물,남,44세,상해없음,특수,남,47세,상해없음
2014052900100037,2014년 5월 29일 01시,목요일,울산광역시 남구 삼산동,경상사고,0,0,1,0,차대차 - 기타,안전운전불이행,기타,기타,단일로 - 기타,승용,여,52세,상해없음,승용,남,42세,경상
2014052900100092,2014년 5월 29일 06시,목요일,울산광역시 울주군 청량면,부상신고사고,0,0,0,1,차대차 - 기타,안전운전불이행,건조,맑음,교차로 - 교차로부근,승용,남,54세,부상신고,건설기계,남,52세,상해없음
2014052900100122,2014년 5월 29일 07시,목요일,울산광역시 울주군 청량면,경상사고,0,0,1,0,차대차 - 측면직각충돌,교차로운행방법위반,건조,맑음,교차로 - 교차로안,승용,남,32세,상해없음,자전거,남,33세,경상
2014052900100216,2014년 5월 29일 10시,목요일,울산광역시 중구 태화동,경상사고,0,0,1,0,차대차 - 기타,중앙선침범,건조,맑음,교차로 - 교차로부근,승용,남,54세,상해없음,승용,남,24세,경상
2014052900100217,2014년 5월 29일 10시,목요일,울산광역시 동구 방어동,경상사고,0,0,1,0,차대차 - 측면직각충돌,안전운전불이행,건조,맑음,교차로 - 교차로안,승합,남,54세,상해없음,자전거,남,23세,경상
2014052900100218,2014년 5월 29일 10시,목요일,울산광역시 북구 염포동,중상사고,0,1,0,0,차대차 - 기타,안전운전불이행,건조,맑음,단일로 - 기타,승용,남,36세,상해없음,화물,남,44세,중상
2014052900100286,2014년 5월 29일 12시,목요일,울산광역시 남구 무거동,경상사고,0,0,1,0,차대차 - 기타,신호위반,건조,맑음,교차로 - 교차로안,승용,남,51세,상해없음,승용,남,52세,경상
2014052900100320,2014년 5월 29일 13시,목요일,울산광역시 울주군 청량면,부상신고사고,0,0,0,1,차대차 - 추돌 - 주정차중,안전운전불이행,건조,맑음,단일로 - 기타,승용,남,62세,상해없음,승용,남,34세,부상신고
2014052900100357,2014년 5월 29일 14시,목요일,울산광역시 남구 달동,중상사고,0,1,0,0,차대사람 - 기타,안전운전불이행,건조,맑음,교차로 - 교차로부근,기타불명,기타불명,기타불명,기타불명,보행자,남,69세,중상
2014052900100391,2014년 5월 29일 15시,목요일,울산광역시 중구 옥교동,경상사고,0,0,1,0,차대사람 - 기타,안전운전불이행,건조,맑음,교차로 - 교차로안,승용,여,38세,상해없음,보행자,여,33세,경상
2014052900100474,2014년 5월 29일 17시,목요일,울산광역시 동구 일산동,경상사고,0,0,2,0,차대차 - 기타,안전운전불이행,건조,맑음,단일로 - 기타,이륜,남,16세,경상,자전거,남,11세,경상
2014052900100521,2014년 5월 29일 18시,목요일,울산광역시 남구 신정동,경상사고,0,0,1,0,차대차 - 기타,신호위반,건조,맑음,교차로 - 교차로안,승용,남,29세,상해없음,이륜,남,17세,경상
2014052900100585,2014년 5월 29일 20시,목요일,울산광역시 중구 교동,경상사고,0,0,2,0,차대차 - 기타,안전운전불이행,건조,맑음,단일로 - 기타,승용,남,80세,상해없음,이륜,남,17세,경상
2014052900100631,2014년 5월 29일 22시,목요일,울산광역시 남구 삼산동,경상사고,0,0,2,0,차대차 - 측면직각충돌,안전운전불이행,건조,맑음,교차로 - 교차로부근,승용,남,59세,상해없음,승용,남,41세,상해없음
2014052900100665,2014년 5월 29일 23시,목요일,울산광역시 동구 동부동,중상사고,0,1,1,0,차대차 - 측면직각충돌,중앙선침범,건조,맑음,단일로 - 기타,승용,남,43세,상해없음,이륜,남,27세,중상
2014053000100035,2014년 5월 30일 01시,금요일,울산광역시 울주군 범서읍,중상사고,0,1,0,0,차량단독 - 공작물충돌,안전운전불이행,건조,맑음,단일로 - 기타,승용,여,48세,중상,,,,
2014053000100085,2014년 5월 30일 06시,금요일,울산광역시 중구 유곡동,중상사고,0,1,0,0,차대차 - 정면충돌,중앙선침범,건조,맑음,단일로 - 기타,이륜,남,17세,중상,승용,남,72세,상해없음
2014053000100086,2014년 5월 30일 06시,금요일,울산광역시 남구 달동,경상사고,0,0,1,0,차대차 - 추돌 - 진행중,안전운전불이행,건조,맑음,단일로 - 기타,승용,여,35세,상해없음,원동기,남,22세,경상
2014053000100087,2014년 5월 30일 06시,금요일,울산광역시 남구 삼산동,경상사고,0,0,2,0,차대차 - 기타,안전운전불이행,건조,맑음,단일로 - 기타,자전거,남,59세,경상,자전거,남,37세,경상
2014053000100124,2014년 5월 30일 07시,금요일,울산광역시 울주군 삼남면,경상사고,0,0,1,0,차대차 - 추돌 - 진행중,교차로운행방법위반,건조,맑음,교차로 - 교차로안,승용,남,58세,상해없음,화물,남,49세,경상
2014053000100260,2014년 5월 30일 11시,금요일,울산광역시 중구 태화동,중상사고,0,1,0,0,차대사람 - 횡단중,안전운전불이행,건조,맑음,단일로 - 횡단보도상,승용,남,56세,상해없음,보행자,남,70세,중상
2014053000100261,2014년 5월 30일 11시,금요일,울산광역시 남구 신정동,경상사고,0,0,1,0,차대차 - 추돌 - 주정차중,신호위반,건조,맑음,단일로 - 기타,이륜,남,43세,상해없음,승용,여,48세,상해없음
2014053000100294,2014년 5월 30일 12시,금요일,울산광역시 남구 매암동,경상사고,0,0,4,0,차대차 - 측면직각충돌,교차로운행방법위반,건조,맑음,교차로 - 교차로안,승용,남,31세,경상,승용,남,55세,경상
2014053000100467,2014년 5월 30일 16시,금요일,울산광역시 중구 반구동,경상사고,0,0,1,0,차대차 - 측면직각충돌,신호위반,건조,맑음,교차로 - 교차로안,승용,남,54세,상해없음,승용,남,26세,경상
2014053000100639,2014년 5월 30일 20시,금요일,울산광역시 울주군 상북면,중상사고,0,2,1,0,차대차 - 기타,교차로운행방법위반,건조,맑음,교차로 - 교차로안,승합,여,44세,중상,승용,남,32세,경상
2014053000100712,2014년 5월 30일 22시,금요일,울산광역시 북구 신천동,경상사고,0,0,1,0,차대차 - 추돌 - 진행중,안전거리미확보,건조,맑음,교차로 - 교차로부근,기타불명,기타불명,기타불명,기타불명,승용,남,37세,경상
2014053000100713,2014년 5월 30일 22시,금요일,울산광역시 남구 신정동,경상사고,0,0,3,0,차대차 - 측면직각충돌,안전거리미확보,건조,맑음,단일로 - 기타,기타불명,기타불명,기타불명,기타불명,승합,남,46세,상해없음
2014053000100714,2014년 5월 30일 22시,금요일,울산광역시 북구 산하동,경상사고,0,0,2,0,차대차 - 측면직각충돌,중앙선침범,건조,맑음,단일로 - 기타,승용,남,39세,상해없음,승합,남,39세,경상
2014053000100715,2014년 5월 30일 22시,금요일,울산광역시 울주군 서생면,중상사고,0,1,2,0,차대차 - 정면충돌,중앙선침범,건조,맑음,단일로 - 기타,승용,여,67세,경상,승용,남,57세,경상
2014053100100036,2014년 5월 31일 00시,토요일,울산광역시 중구 반구동,부상신고사고,0,0,0,1,차대차 - 측면직각충돌,직진우회전진행방해,건조,맑음,교차로 - 교차로안,원동기,남,53세,부상신고,화물,남,33세,상해없음
2014053100100037,2014년 5월 31일 00시,토요일,울산광역시 북구 진장동,중상사고,0,2,0,0,차대차 - 기타,안전운전불이행,건조,맑음,단일로 - 기타,자전거,남,16세,중상,자전거,남,51세,중상
2014053100100060,2014년 5월 31일 01시,토요일,울산광역시 남구 신정동,경상사고,0,0,2,0,차대차 - 추돌 - 진행중,안전운전불이행,건조,맑음,교차로 - 교차로부근,승용,남,27세,상해없음,승용,남,46세,경상
2014053100100090,2014년 5월 31일 03시,토요일,울산광역시 남구 신정동,경상사고,0,0,4,0,차대차 - 측면직각충돌,안전거리미확보,건조,맑음,단일로 - 기타,승용,여,25세,상해없음,승용,남,63세,경상
2014053100100105,2014년 5월 31일 04시,토요일,울산광역시 남구 야음동,중상사고,0,1,0,0,차대사람 - 기타,안전운전불이행,건조,맑음,교차로 - 교차로부근,화물,남,69세,상해없음,보행자,남,54세,중상
2014053100100106,2014년 5월 31일 04시,토요일,울산광역시 남구 신정동,경상사고,0,0,1,0,차대차 - 추돌 - 주정차중,안전운전불이행,건조,맑음,교차로 - 교차로부근,승용,남,29세,상해없음,승용,남,51세,경상
2014053100100168,2014년 5월 31일 07시,토요일,울산광역시 울주군 온산읍,중상사고,0,1,0,0,차대차 - 측면직각충돌,신호위반,건조,맑음,교차로 - 교차로안,승용,남,67세,상해없음,자전거,남,54세,중상
2014053100100318,2014년 5월 31일 11시,토요일,울산광역시 남구 무거동,중상사고,0,1,0,0,차대사람 - 횡단중,안전운전불이행,건조,맑음,단일로 - 기타,승용,남,53세,상해없음,보행자,여,43세,중상
2014053100100400,2014년 5월 31일 13시,토요일,울산광역시 중구 남외동,중상사고,0,1,1,0,차대차 - 측면직각충돌,안전운전불이행,건조,맑음,단일로 - 기타,화물,남,59세,상해없음,이륜,남,69세,경상
2014053100100401,2014년 5월 31일 13시,토요일,울산광역시 남구 신정동,경상사고,0,0,1,0,차대사람 - 횡단중,안전운전불이행,건조,맑음,단일로 - 기타,승용,여,34세,상해없음,보행자,여,9세,경상
2014053100100402,2014년 5월 31일 13시,토요일,울산광역시 울주군 언양읍,경상사고,0,0,2,0,차대차 - 추돌 - 진행중,안전운전불이행,건조,맑음,단일로 - 기타,승용,남,59세,상해없음,승용,남,41세,경상
2014053100100522,2014년 5월 31일 16시,토요일,울산광역시 남구 야음동,중상사고,0,1,1,0,차대차 - 측면직각충돌,교차로운행방법위반,건조,맑음,교차로 - 교차로안,승용,남,23세,상해없음,승용,여,35세,중상
2014053100100523,2014년 5월 31일 16시,토요일,울산광역시 울주군 웅촌면,경상사고,0,0,3,0,차대차 - 측면직각충돌,신호위반,건조,맑음,교차로 - 교차로안,승용,여,46세,기타불명,승합,남,37세,경상
2014053100100570,2014년 5월 31일 17시,토요일,울산광역시 남구 삼산동,중상사고,0,1,0,0,차대차 - 측면직각충돌,신호위반,건조,맑음,교차로 - 교차로안,승용,남,42세,상해없음,이륜,남,35세,중상
2014053100100626,2014년 5월 31일 18시,토요일,울산광역시 남구 삼산동,경상사고,0,0,2,0,차대차 - 기타,안전운전불이행,건조,맑음,단일로 - 기타,이륜,남,18세,경상,승용,남,35세,상해없음
2014053100100664,2014년 5월 31일 19시,토요일,울산광역시 중구 서동,중상사고,0,1,0,0,차량단독 - 공작물충돌,중앙선침범,건조,맑음,단일로 - 기타,승용,남,50세,중상,,,,
2014053100100665,2014년 5월 31일 19시,토요일,울산광역시 남구 달동,경상사고,0,0,1,0,차대차 - 측면직각충돌,교차로운행방법위반,건조,맑음,교차로 - 교차로안,승용,남,49세,상해없음,승용,여,36세,경상
2014053100100793,2014년 5월 31일 22시,토요일,울산광역시 남구 야음동,경상사고,0,0,1,0,차대사람 - 기타,안전운전불이행,건조,맑음,단일로 - 기타,승용,남,37세,상해없음,보행자,여,63세,경상
2014053100100794,2014년 5월 31일 22시,토요일,울산광역시 동구 화정동,중상사고,0,1,0,0,차대차 - 기타,안전운전불이행,건조,맑음,단일로 - 기타,승용,여,25세,상해없음,자전거,여,62세,중상
2014060100100065,2014년 6월 1일 03시,일요일,울산광역시 남구 달동,경상사고,0,0,1,0,차대사람 - 기타,안전운전불이행,건조,맑음,교차로 - 교차로부근,승용,남,52세,상해없음,보행자,남,42세,경상
2014060100100066,2014년 6월 1일 03시,일요일,울산광역시 울주군 청량면,중상사고,0,1,3,0,차대차 - 기타,중앙선침범,건조,맑음,단일로 - 기타,승용,여,41세,상해없음,승용,남,34세,중상
2014060100100121,2014년 6월 1일 07시,일요일,울산광역시 남구 삼산동,경상사고,0,0,1,0,차대차 - 정면충돌,중앙선침범,건조,맑음,교차로 - 교차로부근,이륜,남,54세,경상,승용,남,59세,상해없음
2014060100100174,2014년 6월 1일 10시,일요일,울산광역시 중구 태화동,경상사고,0,0,13,0,차대차 - 추돌 - 진행중,안전거리미확보,건조,맑음,단일로 - 기타,화물,남,60세,상해없음,승용,남,49세,경상
2014060100100222,2014년 6월 1일 12시,일요일,울산광역시 남구 무거동,경상사고,0,0,2,0,차대차 - 측면직각충돌,안전운전불이행,건조,맑음,단일로 - 기타,승용,남,32세,상해없음,승용,남,49세,상해없음
2014060100100223,2014년 6월 1일 12시,일요일,울산광역시 울주군 서생면,경상사고,0,0,1,0,차대차 - 기타,중앙선침범,건조,맑음,단일로 - 기타,화물,남,41세,상해없음,자전거,남,33세,경상
2014060100100244,2014년 6월 1일 13시,일요일,울산광역시 울주군 온산읍,경상사고,0,0,1,0,차대사람 - 기타,안전운전불이행,건조,맑음,단일로 - 기타,승용,남,44세,상해없음,보행자,남,40세,경상
2014060100100312,2014년 6월 1일 15시,일요일,울산광역시 남구 달동,중상사고,0,1,1,0,차대차 - 측면직각충돌,안전운전불이행,건조,맑음,단일로 - 기타,승용,남,67세,상해없음,승용,남,34세,경상
2014060100100367,2014년 6월 1일 17시,일요일,울산광역시 울주군 온산읍,경상사고,0,0,1,0,차대차 - 측면직각충돌,안전운전불이행,건조,맑음,교차로 - 교차로부근,승용,남,37세,상해없음,원동기,남,41세,경상
2014060100100480,2014년 6월 1일 21시,일요일,울산광역시 남구 신정동,중상사고,0,1,0,0,차대차 - 기타,안전운전불이행,건조,맑음,단일로 - 기타,승용,남,40세,상해없음,자전거,남,52세,중상
2014060200100074,2014년 6월 2일 07시,월요일,울산광역시 동구 방어동,경상사고,0,0,1,0,차대차 - 측면직각충돌,직진우회전진행방해,건조,맑음,교차로 - 교차로안,승용,남,26세,상해없음,이륜,남,30세,경상
2014060200100075,2014년 6월 2일 07시,월요일,울산광역시 울주군 언양읍,경상사고,0,0,1,0,차대차 - 측면직각충돌,교차로운행방법위반,건조,흐림,교차로 - 교차로안,승용,여,45세,상해없음,자전거,남,13세,경상
2014060200100147,2014년 6월 2일 09시,월요일,울산광역시 중구 반구동,중상사고,0,1,3,0,차대차 - 측면직각충돌,안전거리미확보,건조,맑음,단일로 - 기타,승용,남,38세,상해없음,승합,남,45세,중상
2014060200100350,2014년 6월 2일 15시,월요일,울산광역시 울주군 범서읍,중상사고,0,1,0,0,차대차 - 정면충돌,중앙선침범,습기,비,단일로 - 기타,승용,여,44세,상해없음,승용,남,29세,중상
2014060200100445,2014년 6월 2일 18시,월요일,울산광역시 남구 야음동,경상사고,0,0,1,0,차대사람 - 횡단중,안전운전불이행,건조,맑음,단일로 - 기타,승용,여,45세,상해없음,보행자,남,7세,경상
2014060200100527,2014년 6월 2일 20시,월요일,울산광역시 울주군 범서읍,경상사고,0,0,1,0,차대차 - 기타,안전거리미확보,습기,비,단일로 - 기타,기타불명,기타불명,기타불명,기타불명,승용,남,45세,상해없음
2014060200100528,2014년 6월 2일 20시,월요일,울산광역시 울주군 범서읍,경상사고,0,0,2,0,차대차 - 기타,교차로운행방법위반,습기,비,교차로 - 교차로안,승용,여,43세,경상,승용,여,59세,상해없음
2014060200100572,2014년 6월 2일 21시,월요일,울산광역시 남구 신정동,중상사고,0,1,1,0,차대차 - 측면직각충돌,중앙선침범,습기,비,단일로 - 기타,승용,남,44세,중상,화물,남,50세,경상
2014060200100619,2014년 6월 2일 22시,월요일,울산광역시 울주군 삼남면,부상신고사고,0,0,0,1,차대차 - 기타,안전운전불이행,습기,비,단일로 - 기타,승용,남,51세,부상신고,승용,남,48세,기타불명
2014060200100668,2014년 6월 2일 23시,월요일,울산광역시 북구 연암동,경상사고,0,0,1,0,차대차 - 추돌 - 주정차중,안전운전불이행,습기,비,교차로 - 교차로부근,화물,남,56세,상해없음,화물,남,50세,경상
2014060300100024,2014년 6월 3일 00시,화요일,울산광역시 동구 미포동,중상사고,0,1,0,0,차량단독 - 공작물충돌,안전운전불이행,습기,흐림,단일로 - 기타,승용,남,29세,상해없음,,,,
2014060300100079,2014년 6월 3일 04시,화요일,울산광역시 동구 일산동,경상사고,0,0,1,0,차대차 - 기타,안전운전불이행,습기,비,교차로 - 교차로부근,승용,남,25세,상해없음,승용,남,55세,경상
2014060300100141,2014년 6월 3일 07시,화요일,울산광역시 동구 방어동,경상사고,0,0,1,0,차대차 - 측면직각충돌,신호위반,건조,맑음,교차로 - 교차로안,승용,여,55세,상해없음,승용,남,57세,경상
2014060300100185,2014년 6월 3일 08시,화요일,울산광역시 북구 천곡동,부상신고사고,0,0,0,1,차대차 - 기타,교차로운행방법위반,습기,비,교차로 - 교차로안,자전거,남,13세,부상신고,승용,여,44세,상해없음
2014060300100406,2014년 6월 3일 15시,화요일,울산광역시 북구 염포동,경상사고,0,0,1,0,차대차 - 기타,안전운전불이행,기타,비,교차로 - 교차로안,승용,여,63세,상해없음,원동기,남,35세,경상
2014060300100524,2014년 6월 3일 18시,화요일,울산광역시 북구 양정동,중상사고,0,1,0,0,차대차 - 기타,안전운전불이행,습기,비,단일로 - 기타,이륜,남,46세,중상,승용,남,58세,상해없음
2014060300100548,2014년 6월 3일 19시,화요일,울산광역시 중구 남외동,경상사고,0,0,1,0,차대차 - 기타,안전운전불이행,습기,비,단일로 - 기타,승합,남,59세,상해없음,승용,남,37세,경상
2014060300100583,2014년 6월 3일 20시,화요일,울산광역시 남구 신정동,경상사고,0,0,1,0,차대사람 - 횡단중,신호위반,습기,비,교차로 - 교차로안,승용,남,56세,상해없음,보행자,여,53세,경상
2014060300100584,2014년 6월 3일 20시,화요일,울산광역시 울주군 온산읍,경상사고,0,0,1,0,차대차 - 추돌 - 진행중,신호위반,습기,비,교차로 - 교차로안,원동기,남,48세,상해없음,원동기,남,32세,경상
2014060300100585,2014년 6월 3일 20시,화요일,울산광역시 울주군 온산읍,경상사고,0,0,1,0,차대차 - 측면직각충돌,직진우회전진행방해,습기,비,단일로 - 기타,승용,남,50세,상해없음,승용,남,49세,경상
2014060300100624,2014년 6월 3일 21시,화요일,울산광역시 중구 태화동,경상사고,0,0,1,0,차대사람 - 횡단중,보행자보호의무위반,건조,맑음,단일로 - 기타,승합,남,56세,상해없음,보행자,여,44세,경상
2014060300100625,2014년 6월 3일 21시,화요일,울산광역시 남구 신정동,경상사고,0,0,1,0,차대차 - 기타,안전운전불이행,건조,맑음,단일로 - 기타,승용,남,16세,상해없음,승용,여,35세,경상
2014060300100626,2014년 6월 3일 21시,화요일,울산광역시 남구 무거동,중상사고,0,1,0,0,차대차 - 측면직각충돌,안전운전불이행,건조,맑음,단일로 - 기타,기타불명,기타불명,기타불명,기타불명,이륜,남,18세,중상