사고번호,사고일시,요일,시군구,사고내용,사망자수,중상자수,경상자수,부상신고자수,사고유형,법규위반,노면상태,기상상태,도로형태,가해운전자 차종,가해운전자 성별,가해운전자 연령,가해운전자 상해정도,피해운전자 차종,피해운전자 성별,피해운전자 연령,피해운전자 상해정도
2014060300100666,2014년 6월 3일 22시,화요일,울산광역시 울주군 범서읍,경상사고,0,0,1,0,차대차 - 측면직각충돌,신호위반,습기,비,교차로 - 교차로안,승용,여,47세,상해없음,승용,여,46세,경상
2014060300100705,2014년 6월 3일 23시,화요일,울산광역시 남구 달동,경상사고,0,0,1,0,차대차 - 정면충돌,안전운전불이행,습기,비,단일로 - 기타,승용,남,43세,상해없음,이륜,남,52세,경상
2014060400100024,2014년 6월 4일 00시,수요일,울산광역시 남구 옥동,경상사고,0,0,1,0,차대차 - 추돌 - 주정차중,안전거리미확보,습기,비,교차로 - 교차로부근,승용,남,64세,상해없음,승용,남,54세,경상
2014060400100048,2014년 6월 4일 01시,수요일,울산광역시 남구 달동,중상사고,0,1,0,0,차량단독 - 공작물충돌,안전운전불이행,습기,비,교차로 - 교차로부근,승용,남,40세,중상,,,,
2014060400100078,2014년 6월 4일 03시,수요일,울산광역시 울주군 청량면,경상사고,0,0,1,0,차대차 - 추돌 - 진행중,안전거리미확보,습기,비,단일로 - 기타,승용,남,40세,상해없음,특수,남,35세,경상
2014060400100104,2014년 6월 4일 05시,수요일,울산광역시 남구 삼산동,중상사고,0,1,0,0,차대차 - 기타,신호위반,건조,맑음,교차로 - 교차로안,승용,남,24세,상해없음,승용,남,35세,중상
2014060400100132,2014년 6월 4일 07시,수요일,울산광역시 동구 방어동,경상사고,0,0,1,0,차대차 - 측면직각충돌,신호위반,건조,맑음,교차로 - 교차로안,승용,남,38세,상해없음,이륜,남,34세,경상
2014060400100133,2014년 6월 4일 07시,수요일,울산광역시 북구 염포동,중상사고,0,1,1,0,차량단독 - 기타,안전운전불이행,건조,맑음,단일로 - 기타,승용,남,23세,경상,,,,
2014060400100284,2014년 6월 4일 12시,수요일,울산광역시 동구 서부동,중상사고,0,1,0,0,차대차 - 정면충돌,중앙선침범,습기,흐림,단일로 - 기타,승용,남,53세,상해없음,화물,남,34세,중상
2014060400100315,2014년 6월 4일 13시,수요일,울산광역시 남구 신정동,경상사고,0,0,1,0,차대차 - 측면직각충돌,교차로운행방법위반,건조,맑음,교차로 - 교차로안,이륜,남,34세,경상,승용,여,66세,상해없음
2014060400100410,2014년 6월 4일 16시,수요일,울산광역시 동구 동부동,경상사고,0,0,2,0,차대차 - 정면충돌,안전운전불이행,건조,맑음,단일로 - 기타,화물,남,41세,상해없음,이륜,남,55세,경상
2014060400100491,2014년 6월 4일 18시,수요일,울산광역시 남구 신정동,부상신고사고,0,0,0,1,차대차 - 추돌 - 주정차중,안전거리미확보,건조,맑음,단일로 - 기타,자전거,여,16세,부상신고,승용,남,53세,상해없음
2014060400100492,2014년 6월 4일 18시,수요일,울산광역시 남구 삼산동,경상사고,0,0,1,0,차대차 - 기타,교차로운행방법위반,습기,비,교차로 - 교차로안,승용,남,65세,상해없음,승용,남,29세,경상
2014060400100528,2014년 6월 4일 19시,수요일,울산광역시 남구 신정동,경상사고,0,0,2,0,차대차 - 기타,안전운전불이행,습기,비,기타 - 기타,승용,남,34세,상해없음,승용,남,33세,경상
2014060400100529,2014년 6월 4일 19시,수요일,울산광역시 남구 삼산동,경상사고,0,0,2,0,차대차 - 기타,차로위반,건조,맑음,단일로 - 기타,승용,남,68세,상해없음,승용,남,42세,경상
2014060400100599,2014년 6월 4일 21시,수요일,울산광역시 남구 매암동,중상사고,0,1,0,0,차량단독 - 공작물충돌,안전운전불이행,건조,맑음,단일로 - 기타,승용,여,38세,중상,,,,
2014060400100662,2014년 6월 4일 23시,수요일,울산광역시 남구 삼산동,중상사고,0,1,0,0,차대차 - 추돌 - 진행중,안전운전불이행,습기,비,단일로 - 교량,승용,남,36세,상해없음,자전거,남,40세,중상
2014060500100025,2014년 6월 5일 01시,목요일,울산광역시 남구 신정동,중상사고,0,1,0,0,차대차 - 추돌 - 주정차중,안전거리미확보,습기,비,교차로 - 교차로안,승용,남,55세,상해없음,화물,남,33세,중상
2014060500100092,2014년 6월 5일 06시,목요일,울산광역시 동구 방어동,중상사고,0,1,0,0,차대차 - 기타,기타,습기,비,단일로 - 기타,승용,남,40세,상해없음,이륜,남,36세,중상
2014060500100109,2014년 6월 5일 07시,목요일,울산광역시 동구 전하동,경상사고,0,0,1,0,차대차 - 기타,안전거리미확보,습기,비,단일로 - 기타,승용,여,55세,상해없음,이륜,남,27세,경상
2014060500100110,2014년 6월 5일 07시,목요일,울산광역시 울주군 상북면,경상사고,0,0,1,0,차대차 - 정면충돌,중앙선침범,건조,흐림,단일로 - 기타,승용,남,64세,상해없음,승용,남,44세,경상
2014060500100168,2014년 6월 5일 09시,목요일,울산광역시 남구 신정동,중상사고,0,1,0,0,차대사람 - 횡단중,안전운전불이행,습기,비,단일로 - 기타,화물,남,62세,상해없음,보행자,여,77세,중상
2014060500100179,2014년 6월 5일 10시,목요일,울산광역시 울주군 온양읍,경상사고,0,0,1,0,차대차 - 기타,안전거리미확보,습기,비,단일로 - 기타,승합,남,53세,상해없음,승용,남,29세,경상
2014060500100331,2014년 6월 5일 14시,목요일,울산광역시 중구 태화동,부상신고사고,0,0,0,1,차대차 - 측면직각충돌,안전거리미확보,습기,비,단일로 - 기타,승용,남,68세,부상신고,승합,남,41세,상해없음
2014060500100391,2014년 6월 5일 16시,목요일,울산광역시 중구 학성동,경상사고,0,0,1,0,차량단독 - 공작물충돌,안전운전불이행,건조,흐림,단일로 - 기타,승용,남,26세,상해없음,,,,
2014060500100392,2014년 6월 5일 16시,목요일,울산광역시 북구 연암동,경상사고,0,0,2,0,차대차 - 추돌 - 주정차중,안전운전불이행,습기,비,단일로 - 기타,화물,남,31세,상해없음,승용,남,45세,경상
2014060500100393,2014년 6월 5일 16시,목요일,울산광역시 북구 호계동,중상사고,0,1,0,0,차대사람 - 횡단중,신호위반,습기,비,교차로 - 교차로안,승용,여,49세,상해없음,보행자,남,31세,중상
2014060500100449,2014년 6월 5일 18시,목요일,울산광역시 중구 유곡동,중상사고,0,1,0,1,차대차 - 측면직각충돌,직진우회전진행방해,습기,비,교차로 - 교차로안,승용,여,47세,부상신고,화물,남,35세,중상
2014060500100450,2014년 6월 5일 18시,목요일,울산광역시 울주군 청량면,중상사고,0,1,0,0,차대차 - 측면직각충돌,안전운전불이행,건조,맑음,단일로 - 기타,이륜,남,70세,중상,승용,남,59세,상해없음
2014060500100526,2014년 6월 5일 20시,목요일,울산광역시 동구 동부동,경상사고,0,0,1,0,차대사람 - 횡단중,보행자보호의무위반,습기,비,단일로 - 기타,이륜,남,22세,상해없음,보행자,여,60세,경상
2014060500100564,2014년 6월 5일 21시,목요일,울산광역시 남구 무거동,경상사고,0,0,1,0,차대차 - 추돌 - 진행중,안전운전불이행,건조,맑음,교차로 - 교차로안,승용,남,40세,상해없음,승용,여,27세,경상
2014060500100598,2014년 6월 5일 22시,목요일,울산광역시 남구 무거동,경상사고,0,0,1,0,차대사람 - 횡단중,안전운전불이행,습기,흐림,단일로 - 기타,승용,남,56세,상해없음,보행자,여,20세,경상
2014060500100599,2014년 6월 5일 22시,목요일,울산광역시 남구 무거동,경상사고,0,0,1,0,차대사람 - 횡단중,보행자보호의무위반,습기,비,교차로 - 교차로부근,승용,여,43세,상해없음,보행자,여,25세,경상
2014060500100600,2014년 6월 5일 22시,목요일,울산광역시 남구 달동,경상사고,0,0,1,0,차대차 - 추돌 - 주정차중,안전운전불이행,건조,맑음,단일로 - 기타,승용,남,43세,상해없음,승용,여,53세,기타불명
2014060500100601,2014년 6월 5일 22시,목요일,울산광역시 동구 방어동,경상사고,0,0,1,0,차대사람 - 횡단중,안전운전불이행,습기,비,단일로 - 기타,승용,남,38세,상해없음,보행자,여,4세,경상
2014060500100602,2014년 6월 5일 22시,목요일,울산광역시 울주군 언양읍,중상사고,0,1,0,0,차대차 - 측면직각충돌,교차로운행방법위반,습기,비,교차로 - 교차로안,승용,남,25세,상해없음,이륜,남,58세,중상
2014060500100635,2014년 6월 5일 23시,목요일,울산광역시 동구 방어동,경상사고,0,0,1,0,차대차 - 추돌 - 진행중,안전운전불이행,기타,비,기타 - 기타,승용,남,38세,기타불명,승합,남,52세,경상
2014060600100018,2014년 6월 6일 00시,금요일,울산광역시 울주군 웅촌면,중상사고,0,1,0,0,차량단독 - 공작물충돌,안전운전불이행,습기,비,단일로 - 기타,승용,남,65세,중상,,,,
2014060600100052,2014년 6월 6일 02시,금요일,울산광역시 동구 동부동,경상사고,0,0,1,0,차대차 - 추돌 - 진행중,안전운전불이행,기타,비,기타 - 기타,기타불명,기타불명,기타불명,기타불명,승용,여,47세,경상
2014060600100093,2014년 6월 6일 06시,금요일,울산광역시 울주군 범서읍,경상사고,0,0,1,1,차대차 - 기타,안전거리미확보,건조,맑음,단일로 - 기타,승용,여,46세,상해없음,화물,남,55세,경상
2014060600100141,2014년 6월 6일 08시,금요일,울산광역시 중구 다운동,중상사고,0,1,0,0,차대사람 - 기타,안전운전불이행,건조,맑음,단일로 - 기타,승용,여,48세,상해없음,보행자,남,68세,중상
2014060600100247,2014년 6월 6일 13시,금요일,울산광역시 울주군 언양읍,경상사고,0,0,3,0,차대차 - 추돌 - 주정차중,안전운전불이행,건조,맑음,단일로 - 기타,승용,남,48세,상해없음,화물,남,33세,경상
2014060600100393,2014년 6월 6일 16시,금요일,울산광역시 북구 염포동,경상사고,0,0,1,0,차대차 - 기타,안전운전불이행,건조,맑음,단일로 - 기타,승용,남,56세,상해없음,승용,남,24세,상해없음
2014060600100571,2014년 6월 6일 21시,금요일,울산광역시 남구 무거동,경상사고,0,0,1,0,차대차 - 추돌 - 주정차중,안전거리미확보,건조,맑음,단일로 - 기타,승용,남,50세,상해없음,승합,남,63세,상해없음
2014060600100600,2014년 6월 6일 22시,금요일,울산광역시 북구 화봉동,중상사고,0,1,0,0,차대차 - 기타,불법유턴,건조,맑음,교차로 - 교차로부근,자전거,남,39세,중상,승합,남,48세,상해없음
2014060700100030,2014년 6월 7일 01시,토요일,울산광역시 중구 남외동,중상사고,0,3,3,0,차량단독 - 공작물충돌,중앙선침범,건조,맑음,단일로 - 기타,승합,여,53세,경상,,,,
2014060700100040,2014년 6월 7일 02시,토요일,울산광역시 북구 신천동,경상사고,0,0,1,0,차대차 - 추돌 - 주정차중,안전운전불이행,건조,맑음,교차로 - 교차로부근,승용,여,43세,상해없음,승용,남,34세,경상
2014060700100061,2014년 6월 7일 04시,토요일,울산광역시 남구 야음동,중상사고,0,1,0,0,차대사람 - 횡단중,안전운전불이행,건조,맑음,단일로 - 기타,승용,남,43세,상해없음,보행자,여,36세,중상
2014060700100062,2014년 6월 7일 04시,토요일,울산광역시 남구 무거동,경상사고,0,0,1,0,차대사람 - 기타,안전운전불이행,건조,맑음,단일로 - 기타,승용,남,25세,상해없음,보행자,여,22세,경상
2014060700100256,2014년 6월 7일 12시,토요일,울산광역시 중구 다운동,경상사고,0,0,1,0,차대차 - 기타,안전운전불이행,건조,맑음,단일로 - 기타,승용,여,45세,상해없음,승용,남,39세,경상
2014060700100333,2014년 6월 7일 14시,토요일,울산광역시 북구 진장동,경상사고,0,0,1,0,차대차 - 측면직각충돌,직진우회전진행방해,건조,맑음,교차로 - 교차로안,이륜,남,25세,경상,승용,남,27세,상해없음
2014060700100373,2014년 6월 7일 15시,토요일,울산광역시 북구 창평동,중상사고,0,1,0,0,차대차 - 기타,안전운전불이행,건조,맑음,단일로 - 기타,자전거,남,29세,중상,자전거,남,67세,상해없음
2014060700100374,2014년 6월 7일 15시,토요일,울산광역시 남구 옥동,중상사고,0,1,0,0,차대사람 - 길가장자리구역통행중,안전운전불이행,건조,맑음,단일로 - 기타,자전거,남,13세,상해없음,보행자,남,67세,중상
2014060700100459,2014년 6월 7일 17시,토요일,울산광역시 북구 효문동,경상사고,0,0,2,0,차대차 - 측면직각충돌,직진우회전진행방해,건조,맑음,교차로 - 교차로안,승용,남,44세,경상,승용,여,29세,경상
2014060700100493,2014년 6월 7일 18시,토요일,울산광역시 북구 매곡동,중상사고,0,1,0,1,차대차 - 측면직각충돌,안전운전불이행,건조,흐림,교차로 - 교차로부근,이륜,남,16세,부상신고,이륜,남,64세,중상
2014060700100520,2014년 6월 7일 19시,토요일,울산광역시 남구 달동,중상사고,0,1,0,0,차대차 - 측면직각충돌,신호위반,건조,맑음,교차로 - 교차로안,자전거,남,24세,중상,승용,남,55세,상해없음
2014060700100558,2014년 6월 7일 20시,토요일,울산광역시 북구 연암동,경상사고,0,0,2,0,차대차 - 측면직각충돌,교차로운행방법위반,건조,맑음,교차로 - 교차로안,승용,남,52세,상해없음,승용,남,40세,경상
2014060700100559,2014년 6월 7일 20시,토요일,울산광역시 중구 반구동,중상사고,0,2,0,0,차대차 - 측면직각충돌,신호위반,건조,맑음,교차로 - 교차로안,이륜,남,20세,중상,승용,남,61세,중상
2014060700100628,2014년 6월 7일 22시,토요일,울산광역시 울주군 서생면,부상신고사고,0,0,0,1,차대차 - 기타,안전운전불이행,건조,맑음,단일로 - 기타,승용,남,29세,부상신고,승용,남,19세,상해없음
2014060700100665,2014년 6월 7일 23시,토요일,울산광역시 울주군 온산읍,중상사고,0,1,0,0,차대사람 - 차도통행중,중앙선침범,습기,흐림,단일로 - 기타,승용,남,22세,상해없음,보행자,남,18세,중상
2014060800100018,2014년 6월 8일 00시,일요일,울산광역시 남구 삼산동,경상사고,0,0,1,0,차대사람 - 횡단중,보행자보호의무위반,건조,맑음,단일로 - 기타,기타불명,기타불명,기타불명,기타불명,보행자,남,25세,경상
2014060800100036,2014년 6월 8일 01시,일요일,울산광역시 울주군 언양읍,중상사고,0,1,0,0,차대차 - 정면충돌,교차로운행방법위반,건조,맑음,교차로 - 교차로안,승용,남,62세,상해없음,이륜,남,17세,중상
2014060800100051,2014년 6월 8일 02시,일요일,울산광역시 남구 달동,중상사고,0,1,2,0,차대차 - 기타,신호위반,기타,기타,교차로 - 교차로안,화물,남,58세,상해없음,승용,남,56세,중상
2014060800100052,2014년 6월 8일 02시,일요일,울산광역시 울주군 온양읍,부상신고사고,0,0,0,1,차량단독 - 공작물충돌,안전거리미확보,건조,맑음,교차로 - 교차로안,승용,남,36세,부상신고,,,,
2014060800100171,2014년 6월 8일 11시,일요일,울산광역시 남구 달동,중상사고,0,1,1,1,차대차 - 측면직각충돌,신호위반,건조,맑음,교차로 - 교차로안,승합,남,58세,상해없음,승용,남,60세,중상
2014060800100340,2014년 6월 8일 17시,일요일,울산광역시 남구 매암동,중상사고,0,1,0,0,차대사람 - 기타,보행자보호의무위반,건조,맑음,교차로 - 교차로안,승용,남,55세,상해없음,보행자,남,59세,중상
2014060800100360,2014년 6월 8일 18시,일요일,울산광역시 동구 주전동,중상사고,0,1,0,0,차대차 - 기타,안전운전불이행,건조,맑음,교차로 - 교차로안,승용,여,64세,상해없음,승합,남,44세,상해없음
2014060800100417,2014년 6월 8일 20시,일요일,울산광역시 북구 호계동,경상사고,0,0,1,0,차대차 - 추돌 - 진행중,안전거리미확보,건조,맑음,단일로 - 기타,원동기,남,23세,경상,승용,남,48세,상해없음
2014060800100418,2014년 6월 8일 20시,일요일,울산광역시 남구 달동,중상사고,0,1,0,0,차대차 - 추돌 - 주정차중,안전운전불이행,건조,맑음,교차로 - 교차로부근,승용,여,30세,상해없음,승용,남,30세,중상
2014060800100460,2014년 6월 8일 22시,일요일,울산광역시 동구 방어동,경상사고,0,0,1,0,차대사람 - 기타,안전운전불이행,건조,맑음,단일로 - 기타,승합,남,55세,상해없음,보행자,남,35세,경상
2014060800100472,2014년 6월 8일 23시,일요일,울산광역시 동구 동부동,중상사고,0,1,2,0,차대차 - 추돌 - 주정차중,안전운전불이행,건조,맑음,단일로 - 기타,승용,남,68세,상해없음,승용,남,52세,경상
2014060900100027,2014년 6월 9일 02시,월요일,울산광역시 남구 삼산동,경상사고,0,0,2,0,차대차 - 추돌 - 주정차중,안전운전불이행,습기,비,교차로 - 교차로부근,승용,남,36세,상해없음,승용,남,46세,경상
2014060900100028,2014년 6월 9일 02시,월요일,울산광역시 동구 방어동,사망사고,1,1,1,0,차량단독 - 기타,안전운전불이행,건조,맑음,단일로 - 기타,이륜,남,23세,경상,,,,
2014060900100255,2014년 6월 9일 13시,월요일,울산광역시 울주군 온양읍,경상사고,0,0,1,1,차대차 - 추돌 - 주정차중,안전거리미확보,건조,맑음,교차로 - 교차로부근,이륜,남,22세,부상신고,승용,남,37세,경상
2014060900100331,2014년 6월 9일 15시,월요일,울산광역시 동구 동부동,경상사고,0,0,1,0,차대차 - 기타,중앙선침범,건조,맑음,단일로 - 기타,자전거,남,62세,경상,이륜,남,16세,상해없음
2014060900100504,2014년 6월 9일 19시,월요일,울산광역시 북구 연암동,경상사고,0,0,1,0,차대차 - 기타,안전운전불이행,건조,맑음,단일로 - 기타,승용,여,60세,상해없음,자전거,남,54세,경상
2014060900100541,2014년 6월 9일 20시,월요일,울산광역시 중구 태화동,경상사고,0,0,1,0,차대차 - 기타,안전거리미확보,건조,맑음,단일로 - 기타,기타불명,기타불명,기타불명,기타불명,이륜,남,32세,경상
2014060900100605,2014년 6월 9일 22시,월요일,울산광역시 중구 복산동,중상사고,0,2,0,0,차대차 - 기타,안전운전불이행,건조,흐림,단일로 - 기타,승용,남,70세,중상,화물,남,50세,상해없음
2014060900100606,2014년 6월 9일 22시,월요일,울산광역시 중구 학성동,중상사고,0,2,0,0,차대차 - 정면충돌,중앙선침범,건조,맑음,단일로 - 기타,승용,남,24세,기타불명,승용,남,57세,중상
2014061000100074,2014년 6월 10일 06시,화요일,울산광역시 북구 중산동,사망사고,1,0,0,0,차량단독 - 도로외이탈 - 기타,안전운전불이행,건조,맑음,단일로 - 기타,승용,남,45세,사망,,,,
2014061000100075,2014년 6월 10일 06시,화요일,울산광역시 북구 양정동,중상사고,0,1,0,0,차대차 - 추돌 - 진행중,안전거리미확보,습기,흐림,단일로 - 기타,승합,남,59세,상해없음,이륜,남,35세,중상
2014061000100094,2014년 6월 10일 07시,화요일,울산광역시 동구 일산동,중상사고,0,1,1,0,차대차 - 측면직각충돌,교차로운행방법위반,건조,맑음,교차로 - 교차로안,원동기,남,32세,상해없음,승용,남,47세,경상
2014061000100095,2014년 6월 10일 07시,화요일,울산광역시 울주군 온산읍,경상사고,0,0,1,0,차대사람 - 횡단중,안전운전불이행,건조,맑음,교차로 - 교차로안,승용,남,43세,상해없음,보행자,여,39세,경상
2014061000100193,2014년 6월 10일 10시,화요일,울산광역시 남구 야음동,중상사고,0,1,0,0,차대사람 - 기타,안전운전불이행,건조,맑음,교차로 - 교차로안,승용,남,66세,상해없음,보행자,여,57세,중상
2014061000100194,2014년 6월 10일 10시,화요일,울산광역시 울주군 범서읍,경상사고,0,0,1,0,차대차 - 기타,안전거리미확보,건조,맑음,교차로 - 교차로안,화물,남,52세,기타불명,승용,여,59세,경상
2014061000100218,2014년 6월 10일 11시,화요일,울산광역시 동구 전하동,경상사고,0,0,2,0,차대차 - 측면직각충돌,교차로운행방법위반,건조,맑음,교차로 - 교차로안,승용,여,49세,경상,화물,남,43세,경상
2014061000100341,2014년 6월 10일 15시,화요일,울산광역시 북구 호계동,경상사고,0,0,2,0,차대차 - 측면직각충돌,중앙선침범,건조,맑음,단일로 - 기타,화물,남,71세,경상,승용,남,42세,경상
2014061000100430,2014년 6월 10일 17시,화요일,울산광역시 남구 두왕동,중상사고,0,1,0,0,차량단독 - 전도전복,안전운전불이행,건조,맑음,단일로 - 기타,화물,남,57세,중상,,,,
2014061000100468,2014년 6월 10일 18시,화요일,울산광역시 북구 연암동,경상사고,0,0,1,0,차대사람 - 차도통행중,보행자보호의무위반,건조,맑음,단일로 - 기타,승용,남,49세,상해없음,보행자,남,6세,경상
2014061000100540,2014년 6월 10일 20시,화요일,울산광역시 남구 여천동,사망사고,2,2,1,0,차대차 - 측면직각충돌,신호위반,건조,맑음,교차로 - 교차로안,건설기계,남,58세,상해없음,승용,남,61세,경상
2014061000100591,2014년 6월 10일 21시,화요일,울산광역시 북구 신천동,경상사고,0,0,1,0,차대차 - 측면직각충돌,중앙선침범,건조,맑음,단일로 - 기타,승용,남,24세,상해없음,자전거,남,15세,경상
2014061000100592,2014년 6월 10일 21시,화요일,울산광역시 동구 화정동,경상사고,0,0,1,0,차대차 - 기타,교차로운행방법위반,기타,비,교차로 - 교차로안,승용,남,37세,상해없음,원동기,남,18세,경상
2014061000100641,2014년 6월 10일 22시,화요일,울산광역시 중구 남외동,경상사고,0,0,1,0,차대차 - 측면직각충돌,직진우회전진행방해,건조,맑음,교차로 - 교차로안,승용,남,32세,상해없음,자전거,남,25세,경상
2014061000100642,2014년 6월 10일 22시,화요일,울산광역시 남구 무거동,중상사고,0,1,0,0,차대사람 - 기타,안전운전불이행,건조,맑음,교차로 - 교차로부근,승용,남,55세,상해없음,보행자,남,51세,중상
2014061100100023,2014년 6월 11일 00시,수요일,울산광역시 동구 방어동,중상사고,0,1,0,0,차대사람 - 횡단중,보행자보호의무위반,건조,맑음,단일로 - 기타,이륜,남,33세,상해없음,보행자,남,45세,중상
2014061100100040,2014년 6월 11일 01시,수요일,울산광역시 남구 신정동,중상사고,0,1,1,0,차대차 - 추돌 - 주정차중,안전거리미확보,습기,흐림,교차로 - 교차로부근,승용,여,36세,상해없음,승용,남,53세,경상
2014061100100139,2014년 6월 11일 07시,수요일,울산광역시 남구 선암동,경상사고,0,0,1,0,차대차 - 정면충돌,중앙선침범,건조,맑음,교차로 - 교차로안,승용,남,38세,상해없음,승용,남,36세,경상
2014061100100140,2014년 6월 11일 07시,수요일,울산광역시 울주군 온산읍,경상사고,0,0,2,0,차대차 - 기타,안전운전불이행,건조,맑음,교차로 - 교차로안,승용,남,56세,상해없음,승용,여,58세,경상
2014061100100168,2014년 6월 11일 08시,수요일,울산광역시 중구 학성동,경상사고,0,0,1,0,차대차 - 측면직각충돌,중앙선침범,건조,맑음,단일로 - 기타,승용,남,43세,상해없음,승용,여,49세,경상
2014061100100169,2014년 6월 11일 08시,수요일,울산광역시 북구 달천동,중상사고,0,1,0,0,차대차 - 측면직각충돌,중앙선침범,건조,맑음,단일로 - 기타,자전거,남,13세,중상,승용,남,44세,상해없음
2014061100100352,2014년 6월 11일 15시,수요일,울산광역시 중구 성남동,경상사고,0,0,1,0,차대사람 - 횡단중,보행자보호의무위반,건조,흐림,단일로 - 횡단보도상,승용,여,42세,상해없음,보행자,여,61세,경상
2014061100100353,2014년 6월 11일 15시,수요일,울산광역시 북구 양정동,경상사고,0,0,1,0,차대차 - 추돌 - 진행중,안전거리미확보,건조,맑음,단일로 - 기타,화물,남,37세,상해없음,승용,남,36세,경상
2014061100100397,2014년 6월 11일 16시,수요일,울산광역시 북구 효문동,경상사고,0,0,1,0,차대차 - 측면직각충돌,안전운전불이행,건조,맑음,교차로 - 교차로안,화물,남,42세,상해없음,화물,남,24세,경상
2014061100100466,2014년 6월 11일 18시,수요일,울산광역시 북구 명촌동,중상사고,0,1,0,0,차대차 - 추돌 - 진행중,안전운전불이행,건조,맑음,단일로 - 기타,자전거,기타불명,기타불명,기타불명,자전거,남,33세,중상
2014061100100467,2014년 6월 11일 18시,수요일,울산광역시 동구 화정동,부상신고사고,0,0,0,1,차대사람 - 기타,안전운전불이행,건조,맑음,교차로 - 교차로부근,원동기,남,53세,상해없음,보행자,남,8세,부상신고
2014061100100468,2014년 6월 11일 18시,수요일,울산광역시 울주군 온양읍,부상신고사고,0,0,0,1,차대차 - 기타,교차로운행방법위반,건조,맑음,교차로 - 교차로안,이륜,남,70세,부상신고,승용,남,33세,상해없음
2014061100100500,2014년 6월 11일 19시,수요일,울산광역시 동구 방어동,중상사고,0,1,0,0,차대사람 - 횡단중,보행자보호의무위반,건조,맑음,교차로 - 교차로부근,승용,여,55세,상해없음,보행자,여,11세,중상
2014061100100569,2014년 6월 11일 21시,수요일,울산광역시 남구 달동,경상사고,0,0,1,0,차대사람 - 기타,안전운전불이행,건조,맑음,교차로 - 교차로안,승용,남,46세,상해없음,보행자,남,32세,경상
2014061100100570,2014년 6월 11일 21시,수요일,울산광역시 동구 방어동,중상사고,0,1,0,0,차대차 - 기타,교차로운행방법위반,건조,맑음,교차로 - 교차로안,승용,남,31세,상해없음,승용,여,29세,중상
2014061100100571,2014년 6월 11일 21시,수요일,울산광역시 울주군 범서읍,중상사고,0,1,0,0,차대사람 - 횡단중,안전운전불이행,건조,맑음,단일로 - 기타,승용,남,31세,상해없음,보행자,남,4세,중상
2014061100100572,2014년 6월 11일 21시,수요일,울산광역시 울주군 온양읍,경상사고,0,0,3,0,차대차 - 측면직각충돌,안전운전불이행,건조,맑음,단일로 - 기타,승용,남,54세,상해없음,승용,남,47세,경상
2014061100100607,2014년 6월 11일 22시,수요일,울산광역시 동구 전하동,경상사고,0,0,1,0,차대차 - 기타,안전거리미확보,건조,맑음,단일로 - 기타,승용,남,66세,상해없음,이륜,남,30세,경상
2014061200100026,2014년 6월 12일 00시,목요일,울산광역시 중구 반구동,중상사고,0,1,0,0,차대차 - 기타,안전운전불이행,건조,맑음,단일로 - 기타,승용,남,53세,상해없음,자전거,남,16세,중상
2014061200100027,2014년 6월 12일 00시,목요일,울산광역시 남구 삼산동,경상사고,0,0,2,0,차대차 - 추돌 - 주정차중,안전운전불이행,건조,맑음,단일로 - 기타,승용,남,33세,상해없음,승용,남,41세,경상
2014061200100041,2014년 6월 12일 01시,목요일,울산광역시 울주군 범서읍,경상사고,0,0,2,0,차대차 - 기타,안전운전불이행,건조,맑음,기타 - 기타,승합,남,58세,상해없음,승용,여,48세,기타불명
2014061200100109,2014년 6월 12일 07시,목요일,울산광역시 울주군 상북면,중상사고,0,1,0,0,차대차 - 측면직각충돌,교차로운행방법위반,건조,맑음,단일로 - 기타,승용,남,39세,상해없음,이륜,남,57세,중상
2014061200100173,2014년 6월 12일 09시,목요일,울산광역시 북구 매곡동,경상사고,0,0,1,0,차대차 - 기타,신호위반,습기,비,교차로 - 교차로안,농기계,남,74세,상해없음,승용,여,33세,경상
2014061200100199,2014년 6월 12일 10시,목요일,울산광역시 남구 무거동,중상사고,0,1,0,0,차대차 - 기타,교차로운행방법위반,건조,맑음,교차로 - 교차로안,승용,여,49세,상해없음,승용,여,52세,중상
2014061200100200,2014년 6월 12일 10시,목요일,울산광역시 울주군 온산읍,경상사고,0,0,1,0,차대차 - 기타,안전운전불이행,건조,맑음,교차로 - 교차로안,승용,남,53세,상해없음,화물,남,43세,상해없음
2014061200100233,2014년 6월 12일 11시,목요일,울산광역시 북구 산하동,경상사고,0,0,1,0,차대차 - 측면직각충돌,교차로운행방법위반,기타,비,교차로 - 교차로부근,건설기계,남,63세,상해없음,승용,여,39세,경상
2014061200100286,2014년 6월 12일 13시,목요일,울산광역시 남구 옥동,중상사고,0,1,0,0,차대차 - 추돌 - 진행중,안전운전불이행,건조,맑음,교차로 - 교차로부근,승합,남,56세,상해없음,승용,여,50세,중상
2014061200100370,2014년 6월 12일 16시,목요일,울산광역시 남구 신정동,경상사고,0,0,3,0,차대차 - 기타,안전운전불이행,건조,맑음,교차로 - 교차로안,승합,남,42세,상해없음,화물,남,63세,경상
2014061200100371,2014년 6월 12일 16시,목요일,울산광역시 울주군 청량면,중상사고,0,1,0,0,차대차 - 기타,중앙선침범,건조,맑음,단일로 - 기타,자전거,여,60세,중상,승용,남,44세,상해없음
2014061200100419,2014년 6월 12일 17시,목요일,울산광역시 남구 달동,경상사고,0,0,1,0,차대차 - 기타,안전운전불이행,건조,맑음,교차로 - 교차로부근,승용,여,58세,상해없음,자전거,남,13세,경상
2014061200100420,2014년 6월 12일 17시,목요일,울산광역시 동구 화정동,경상사고,0,0,1,0,차대차 - 기타,안전운전불이행,건조,맑음,단일로 - 기타,승용,남,70세,상해없음,자전거,남,81세,경상