사고번호,사고일시,요일,시군구,사고내용,사망자수,중상자수,경상자수,부상신고자수,사고유형,법규위반,노면상태,기상상태,도로형태,가해운전자 차종,가해운전자 성별,가해운전자 연령,가해운전자 상해정도,피해운전자 차종,피해운전자 성별,피해운전자 연령,피해운전자 상해정도
2014062000100665,2014년 6월 20일 22시,금요일,울산광역시 남구 신정동,경상사고,0,0,2,0,차대차 - 추돌 - 주정차중,안전운전불이행,건조,맑음,교차로 - 교차로부근,승용,남,31세,상해없음,승용,남,43세,상해없음
2014062000100713,2014년 6월 20일 23시,금요일,울산광역시 북구 진장동,경상사고,0,0,1,0,차대차 - 기타,안전운전불이행,건조,흐림,단일로 - 기타,화물,남,50세,상해없음,승용,여,46세,경상
2014062000100714,2014년 6월 20일 23시,금요일,울산광역시 남구 무거동,경상사고,0,0,2,0,차대차 - 추돌 - 주정차중,안전거리미확보,건조,맑음,교차로 - 교차로부근,이륜,남,59세,경상,승용,여,39세,경상
2014062000100715,2014년 6월 20일 23시,금요일,울산광역시 울주군 언양읍,중상사고,0,1,1,0,차대차 - 측면직각충돌,신호위반,건조,맑음,교차로 - 교차로안,이륜,남,16세,중상,승용,여,40세,경상
2014062100100037,2014년 6월 21일 00시,토요일,울산광역시 동구 화정동,중상사고,0,1,1,0,차대차 - 기타,교차로운행방법위반,건조,맑음,교차로 - 교차로안,승용,남,36세,상해없음,이륜,남,16세,중상
2014062100100073,2014년 6월 21일 01시,토요일,울산광역시 북구 신천동,경상사고,0,0,2,1,차대차 - 측면직각충돌,중앙선침범,건조,맑음,단일로 - 기타,승용,남,23세,부상신고,승용,남,38세,경상
2014062100100092,2014년 6월 21일 02시,토요일,울산광역시 중구 성안동,중상사고,0,1,1,0,차대차 - 측면직각충돌,직진우회전진행방해,건조,맑음,교차로 - 교차로안,승용,여,36세,상해없음,승용,남,65세,경상
2014062100100121,2014년 6월 21일 03시,토요일,울산광역시 중구 옥교동,경상사고,0,0,1,0,차대차 - 기타,안전운전불이행,건조,맑음,교차로 - 교차로부근,승용,남,49세,상해없음,승용,남,53세,경상
2014062100100122,2014년 6월 21일 03시,토요일,울산광역시 북구 중산동,중상사고,0,1,0,1,차대차 - 추돌 - 진행중,안전운전불이행,건조,흐림,단일로 - 기타,이륜,남,31세,부상신고,자전거,남,32세,중상
2014062100100123,2014년 6월 21일 03시,토요일,울산광역시 남구 야음동,중상사고,0,1,0,0,차대차 - 측면직각충돌,신호위반,건조,맑음,교차로 - 교차로안,승용,여,44세,상해없음,자전거,남,67세,중상
2014062100100124,2014년 6월 21일 03시,토요일,울산광역시 북구 신현동,중상사고,0,1,0,0,차대사람 - 기타,안전운전불이행,건조,맑음,단일로 - 기타,승용,남,25세,상해없음,보행자,남,27세,중상
2014062100100160,2014년 6월 21일 06시,토요일,울산광역시 북구 명촌동,중상사고,0,1,0,0,차대차 - 측면직각충돌,안전운전불이행,건조,맑음,단일로 - 횡단보도상,승용,남,53세,상해없음,자전거,남,51세,중상
2014062100100161,2014년 6월 21일 06시,토요일,울산광역시 남구 삼산동,경상사고,0,0,1,0,차대차 - 측면직각충돌,교차로운행방법위반,건조,맑음,교차로 - 교차로안,이륜,남,17세,상해없음,승합,남,43세,상해없음
2014062100100162,2014년 6월 21일 06시,토요일,울산광역시 남구 야음동,중상사고,0,1,0,0,차대차 - 기타,중앙선침범,건조,맑음,교차로 - 교차로부근,자전거,남,75세,중상,승용,남,59세,상해없음
2014062100100163,2014년 6월 21일 06시,토요일,울산광역시 동구 일산동,경상사고,0,0,4,0,차대차 - 기타,안전운전불이행,건조,맑음,단일로 - 기타,승용,남,24세,상해없음,이륜,남,56세,경상
2014062100100330,2014년 6월 21일 13시,토요일,울산광역시 울주군 청량면,중상사고,0,1,1,0,차대차 - 추돌 - 진행중,안전운전불이행,건조,맑음,교차로 - 교차로안,화물,남,29세,상해없음,승용,남,34세,상해없음
2014062100100366,2014년 6월 21일 14시,토요일,울산광역시 북구 달천동,경상사고,0,0,1,0,차대사람 - 기타,안전운전불이행,건조,맑음,단일로 - 기타,승합,남,57세,상해없음,보행자,여,77세,경상
2014062100100427,2014년 6월 21일 16시,토요일,울산광역시 북구 명촌동,중상사고,0,1,0,0,차대차 - 측면직각충돌,안전운전불이행,건조,맑음,단일로 - 기타,이륜,남,30세,중상,승용,남,32세,상해없음
2014062100100471,2014년 6월 21일 17시,토요일,울산광역시 남구 옥동,중상사고,0,2,0,0,차대차 - 정면충돌,과속,건조,맑음,교차로 - 교차로안,승용,남,29세,중상,승용,남,38세,중상
2014062100100507,2014년 6월 21일 18시,토요일,울산광역시 중구 다운동,부상신고사고,0,0,0,1,차대차 - 추돌 - 주정차중,안전운전불이행,습기,비,단일로 - 기타,이륜,남,38세,부상신고,승용,여,47세,상해없음
2014062100100508,2014년 6월 21일 18시,토요일,울산광역시 동구 방어동,경상사고,0,0,1,0,차대차 - 측면직각충돌,안전운전불이행,습기,비,교차로 - 교차로부근,화물,남,61세,상해없음,승용,남,30세,상해없음
2014062100100509,2014년 6월 21일 18시,토요일,울산광역시 울주군 범서읍,부상신고사고,0,0,0,1,차대차 - 기타,중앙선침범,습기,흐림,교차로 - 교차로부근,화물,남,42세,상해없음,화물,남,48세,부상신고
2014062100100539,2014년 6월 21일 19시,토요일,울산광역시 북구 호계동,중상사고,0,1,0,0,차대차 - 기타,안전운전불이행,건조,맑음,단일로 - 기타,승용,남,37세,상해없음,이륜,남,22세,중상
2014062100100575,2014년 6월 21일 20시,토요일,울산광역시 남구 삼산동,경상사고,0,0,2,0,차대차 - 측면직각충돌,차로위반,습기,비,교차로 - 교차로안,승용,남,31세,상해없음,승용,여,35세,경상
2014062100100633,2014년 6월 21일 21시,토요일,울산광역시 북구 염포동,경상사고,0,0,1,0,차대차 - 추돌 - 진행중,안전운전불이행,습기,비,단일로 - 기타,승용,남,25세,상해없음,승용,남,29세,경상
2014062100100670,2014년 6월 21일 22시,토요일,울산광역시 북구 매곡동,중상사고,0,1,0,0,차대차 - 측면직각충돌,신호위반,습기,비,교차로 - 교차로안,승용,남,49세,상해없음,원동기,남,47세,중상
2014062200100023,2014년 6월 22일 00시,일요일,울산광역시 남구 달동,중상사고,0,1,0,0,차대차 - 측면직각충돌,신호위반,습기,비,교차로 - 교차로안,승합,남,42세,상해없음,승용,남,53세,중상
2014062200100040,2014년 6월 22일 01시,일요일,울산광역시 남구 달동,경상사고,0,0,1,0,차대사람 - 기타,안전운전불이행,건조,맑음,단일로 - 기타,승용,기타불명,기타불명,기타불명,보행자,남,29세,경상
2014062200100136,2014년 6월 22일 08시,일요일,울산광역시 중구 남외동,중상사고,0,1,0,0,차대차 - 정면충돌,신호위반,건조,맑음,교차로 - 교차로안,승용,남,42세,기타불명,승용,남,70세,중상
2014062200100147,2014년 6월 22일 09시,일요일,울산광역시 남구 신정동,경상사고,0,0,1,0,차대차 - 기타,차로위반,건조,맑음,교차로 - 교차로부근,승용,여,31세,상해없음,승용,여,42세,경상
2014062200100291,2014년 6월 22일 15시,일요일,울산광역시 남구 여천동,중상사고,0,1,0,0,차대차 - 기타,차로위반,건조,맑음,교차로 - 교차로부근,원동기,남,58세,중상,화물,남,46세,상해없음
2014062200100326,2014년 6월 22일 16시,일요일,울산광역시 남구 야음동,중상사고,0,1,2,0,차대차 - 측면직각충돌,안전운전불이행,건조,맑음,교차로 - 교차로안,화물,남,61세,상해없음,승용,남,34세,상해없음
2014062200100388,2014년 6월 22일 18시,일요일,울산광역시 중구 성안동,경상사고,0,0,2,0,차대차 - 측면직각충돌,직진우회전진행방해,건조,맑음,교차로 - 교차로안,이륜,남,75세,경상,승용,남,31세,상해없음
2014062200100389,2014년 6월 22일 18시,일요일,울산광역시 남구 야음동,중상사고,0,1,0,0,차대사람 - 횡단중,보행자보호의무위반,건조,맑음,교차로 - 교차로안,승용,남,38세,상해없음,보행자,여,75세,중상
2014062200100413,2014년 6월 22일 19시,일요일,울산광역시 중구 남외동,중상사고,0,1,0,0,차량단독 - 공작물충돌,안전운전불이행,건조,맑음,교차로 - 교차로부근,승용,남,47세,중상,,,,
2014062200100438,2014년 6월 22일 20시,일요일,울산광역시 남구 신정동,경상사고,0,0,3,0,차대차 - 기타,안전운전불이행,기타,기타,교차로 - 교차로안,승용,남,57세,상해없음,승용,남,63세,경상
2014062200100508,2014년 6월 22일 23시,일요일,울산광역시 북구 상안동,중상사고,0,1,1,0,차대차 - 측면직각충돌,안전운전불이행,건조,맑음,단일로 - 기타,승용,남,43세,상해없음,승합,남,64세,중상
2014062300100045,2014년 6월 23일 03시,월요일,울산광역시 동구 전하동,경상사고,0,0,1,0,차대차 - 기타,직진우회전진행방해,건조,맑음,교차로 - 교차로안,승용,남,61세,상해없음,승용,남,50세,상해없음
2014062300100078,2014년 6월 23일 06시,월요일,울산광역시 북구 양정동,경상사고,0,0,1,0,차대차 - 측면직각충돌,안전운전불이행,건조,맑음,단일로 - 기타,원동기,남,49세,상해없음,승용,남,58세,경상
2014062300100101,2014년 6월 23일 07시,월요일,울산광역시 중구 성남동,경상사고,0,0,1,0,차대사람 - 횡단중,보행자보호의무위반,건조,맑음,단일로 - 횡단보도상,승용,남,33세,상해없음,보행자,남,57세,경상
2014062300100134,2014년 6월 23일 08시,월요일,울산광역시 울주군 웅촌면,중상사고,0,1,0,1,차대차 - 기타,안전운전불이행,건조,맑음,단일로 - 기타,건설기계,남,47세,상해없음,원동기,남,52세,중상
2014062300100195,2014년 6월 23일 10시,월요일,울산광역시 동구 서부동,중상사고,0,1,0,0,차대차 - 기타,안전거리미확보,건조,맑음,교차로 - 교차로부근,승합,남,48세,상해없음,이륜,남,22세,중상
2014062300100331,2014년 6월 23일 15시,월요일,울산광역시 남구 삼산동,경상사고,0,0,1,0,차대차 - 측면직각충돌,중앙선침범,건조,흐림,단일로 - 기타,승합,남,38세,상해없음,원동기,남,51세,경상
2014062300100374,2014년 6월 23일 16시,월요일,울산광역시 북구 화봉동,경상사고,0,0,1,0,차대차 - 기타,교차로운행방법위반,건조,맑음,교차로 - 교차로안,승용,남,69세,상해없음,승합,남,44세,상해없음
2014062300100375,2014년 6월 23일 16시,월요일,울산광역시 남구 신정동,중상사고,0,1,0,0,차량단독 - 기타,안전운전불이행,건조,맑음,단일로 - 기타,승합,남,47세,상해없음,,,,
2014062300100416,2014년 6월 23일 17시,월요일,울산광역시 중구 태화동,사망사고,1,0,0,0,차량단독 - 전도전복,안전운전불이행,건조,맑음,단일로 - 기타,자전거,여,9세,상해없음,,,,
2014062300100488,2014년 6월 23일 19시,월요일,울산광역시 북구 호계동,경상사고,0,0,1,0,차대사람 - 횡단중,안전운전불이행,습기,비,단일로 - 횡단보도부근,승용,여,54세,상해없음,보행자,남,25세,경상
2014062300100489,2014년 6월 23일 19시,월요일,울산광역시 북구 화봉동,경상사고,0,0,2,0,차대차 - 기타,신호위반,습기,비,교차로 - 교차로부근,승용,남,55세,경상,승용,여,34세,상해없음
2014062300100490,2014년 6월 23일 19시,월요일,울산광역시 동구 전하동,경상사고,0,0,1,0,차대사람 - 기타,안전운전불이행,습기,비,교차로 - 교차로부근,기타불명,기타불명,기타불명,기타불명,보행자,남,26세,경상
2014062300100529,2014년 6월 23일 20시,월요일,울산광역시 울주군 청량면,중상사고,0,1,0,0,차대차 - 추돌 - 진행중,안전거리미확보,습기,비,단일로 - 기타,원동기,남,21세,중상,화물,여,43세,상해없음
2014062300100564,2014년 6월 23일 21시,월요일,울산광역시 남구 달동,경상사고,0,0,3,0,차대사람 - 횡단중,안전운전불이행,습기,비,단일로 - 기타,승용,남,33세,상해없음,보행자,여,24세,경상
2014062300100565,2014년 6월 23일 21시,월요일,울산광역시 울주군 서생면,중상사고,0,2,1,0,차대차 - 추돌 - 진행중,중앙선침범,습기,비,단일로 - 기타,승용,남,30세,경상,승용,여,54세,중상
2014062300100588,2014년 6월 23일 22시,월요일,울산광역시 남구 삼산동,중상사고,0,1,0,0,차대차 - 정면충돌,중앙선침범,습기,비,교차로 - 교차로부근,승용,남,46세,상해없음,승용,남,33세,중상
2014062300100610,2014년 6월 23일 23시,월요일,울산광역시 중구 학성동,경상사고,0,0,1,0,차대사람 - 차도통행중,안전운전불이행,습기,비,단일로 - 기타,승용,남,60세,상해없음,보행자,여,48세,경상
2014062300100611,2014년 6월 23일 23시,월요일,울산광역시 남구 달동,경상사고,0,0,2,0,차대차 - 추돌 - 주정차중,안전운전불이행,습기,비,단일로 - 기타,승용,남,46세,상해없음,승용,남,46세,경상
2014062400100098,2014년 6월 24일 07시,화요일,울산광역시 남구 용잠동,중상사고,0,2,3,0,차대차 - 추돌 - 진행중,안전운전불이행,건조,맑음,교차로 - 교차로부근,승용,남,22세,상해없음,화물,남,40세,중상
2014062400100209,2014년 6월 24일 11시,화요일,울산광역시 중구 유곡동,경상사고,0,0,1,0,차대차 - 기타,안전운전불이행,건조,맑음,단일로 - 기타,화물,남,48세,상해없음,승용,남,46세,경상
2014062400100238,2014년 6월 24일 12시,화요일,울산광역시 동구 방어동,경상사고,0,0,2,0,차대차 - 측면직각충돌,안전운전불이행,건조,맑음,교차로 - 교차로안,이륜,남,24세,상해없음,이륜,남,43세,경상
2014062400100239,2014년 6월 24일 12시,화요일,울산광역시 울주군 온산읍,경상사고,0,0,1,1,차대차 - 정면충돌,중앙선침범,건조,맑음,단일로 - 기타,승용,여,53세,부상신고,승용,남,55세,경상
2014062400100300,2014년 6월 24일 14시,화요일,울산광역시 울주군 서생면,경상사고,0,0,1,0,차대차 - 기타,교차로운행방법위반,건조,맑음,교차로 - 교차로안,승합,남,45세,상해없음,승용,여,37세,경상
2014062400100343,2014년 6월 24일 15시,화요일,울산광역시 울주군 청량면,중상사고,0,2,0,0,차대차 - 추돌 - 진행중,안전운전불이행,건조,맑음,단일로 - 기타,승용,여,47세,상해없음,승용,남,32세,상해없음
2014062400100379,2014년 6월 24일 16시,화요일,울산광역시 북구 중산동,중상사고,0,2,0,0,차대차 - 측면직각충돌,안전거리미확보,건조,맑음,단일로 - 기타,화물,남,40세,상해없음,승용,여,51세,중상
2014062400100452,2014년 6월 24일 18시,화요일,울산광역시 울주군 온산읍,부상신고사고,0,0,0,1,차대사람 - 기타,교차로운행방법위반,건조,맑음,교차로 - 교차로부근,승합,남,66세,상해없음,보행자,남,31세,부상신고
2014062400100508,2014년 6월 24일 20시,화요일,울산광역시 울주군 온양읍,경상사고,0,0,3,0,차대차 - 기타,중앙선침범,건조,맑음,교차로 - 교차로부근,승용,남,53세,경상,승용,남,20세,경상
2014062400100541,2014년 6월 24일 21시,화요일,울산광역시 북구 명촌동,중상사고,0,1,0,0,차대차 - 측면직각충돌,안전운전불이행,건조,맑음,교차로 - 교차로부근,이륜,남,41세,중상,승합,여,30세,상해없음
2014062400100542,2014년 6월 24일 21시,화요일,울산광역시 중구 복산동,경상사고,0,0,2,1,차대차 - 기타,신호위반,건조,맑음,교차로 - 교차로안,승합,남,61세,부상신고,승용,여,46세,경상
2014062400100572,2014년 6월 24일 22시,화요일,울산광역시 울주군 온양읍,경상사고,0,0,3,0,차대차 - 기타,안전운전불이행,건조,맑음,단일로 - 기타,승용,남,19세,경상,승용,남,32세,상해없음
2014062500100020,2014년 6월 25일 00시,수요일,울산광역시 북구 명촌동,중상사고,0,1,0,0,차대차 - 기타,안전거리미확보,건조,맑음,단일로 - 기타,승용,남,66세,상해없음,원동기,남,48세,중상
2014062500100021,2014년 6월 25일 00시,수요일,울산광역시 남구 신정동,경상사고,0,0,2,0,차대차 - 기타,안전운전불이행,건조,맑음,교차로 - 교차로부근,승용,남,41세,상해없음,승용,남,34세,경상
2014062500100048,2014년 6월 25일 02시,수요일,울산광역시 남구 삼산동,경상사고,0,0,1,0,차대사람 - 기타,안전운전불이행,건조,맑음,교차로 - 교차로부근,승용,남,58세,상해없음,보행자,남,42세,경상
2014062500100054,2014년 6월 25일 03시,수요일,울산광역시 울주군 청량면,사망사고,1,1,0,0,차대차 - 정면충돌,중앙선침범,습기,비,단일로 - 기타,승용,남,35세,중상,승용,남,48세,사망
2014062500100107,2014년 6월 25일 07시,수요일,울산광역시 울주군 온산읍,경상사고,0,0,3,0,차대차 - 기타,신호위반,건조,맑음,교차로 - 교차로안,화물,남,59세,상해없음,승용,남,28세,경상
2014062500100173,2014년 6월 25일 09시,수요일,울산광역시 남구 선암동,사망사고,1,0,0,0,차대차 - 기타,차로위반,건조,맑음,단일로 - 기타,이륜,남,55세,사망,화물,남,45세,상해없음
2014062500100236,2014년 6월 25일 11시,수요일,울산광역시 남구 야음동,중상사고,0,1,1,0,차대차 - 기타,중앙선침범,건조,맑음,교차로 - 교차로안,승용,남,25세,상해없음,승합,남,34세,상해없음
2014062500100299,2014년 6월 25일 13시,수요일,울산광역시 북구 효문동,중상사고,0,1,0,0,차량단독 - 전도전복,안전운전불이행,건조,맑음,단일로 - 기타,이륜,남,54세,중상,,,,
2014062500100300,2014년 6월 25일 13시,수요일,울산광역시 북구 신천동,경상사고,0,0,1,0,차대차 - 측면직각충돌,직진우회전진행방해,건조,맑음,교차로 - 교차로안,승용,남,38세,상해없음,화물,남,57세,경상
2014062500100363,2014년 6월 25일 15시,수요일,울산광역시 중구 다운동,경상사고,0,0,1,0,차대사람 - 횡단중,보행자보호의무위반,건조,맑음,단일로 - 횡단보도상,기타불명,기타불명,기타불명,기타불명,보행자,여,46세,경상
2014062500100364,2014년 6월 25일 15시,수요일,울산광역시 중구 다운동,중상사고,0,1,0,0,차대차 - 기타,안전운전불이행,건조,맑음,단일로 - 기타,승용,여,59세,상해없음,승합,남,46세,상해없음
2014062500100467,2014년 6월 25일 18시,수요일,울산광역시 북구 호계동,경상사고,0,0,1,0,차대사람 - 기타,안전운전불이행,건조,맑음,단일로 - 기타,승용,여,43세,상해없음,보행자,여,56세,경상
2014062500100500,2014년 6월 25일 19시,수요일,울산광역시 남구 야음동,중상사고,0,1,0,0,차대차 - 측면직각충돌,신호위반,건조,맑음,교차로 - 교차로안,이륜,남,44세,중상,승용,남,36세,상해없음
2014062500100501,2014년 6월 25일 19시,수요일,울산광역시 울주군 언양읍,중상사고,0,1,1,1,차대차 - 기타,교차로운행방법위반,건조,맑음,교차로 - 교차로안,승용,여,52세,부상신고,화물,남,39세,경상
2014062500100632,2014년 6월 25일 23시,수요일,울산광역시 남구 삼산동,경상사고,0,0,1,0,차대차 - 추돌 - 주정차중,안전운전불이행,건조,맑음,교차로 - 교차로부근,승용,남,65세,상해없음,승용,남,53세,경상
2014062600100031,2014년 6월 26일 01시,목요일,울산광역시 동구 서부동,경상사고,0,0,1,0,차대사람 - 보도통행중,중앙선침범,건조,맑음,단일로 - 기타,승용,남,61세,상해없음,보행자,여,22세,경상
2014062600100032,2014년 6월 26일 01시,목요일,울산광역시 울주군 범서읍,경상사고,0,0,1,0,차대차 - 추돌 - 진행중,안전거리미확보,건조,맑음,단일로 - 기타,화물,남,34세,경상,특수,남,38세,상해없음
2014062600100065,2014년 6월 26일 05시,목요일,울산광역시 울주군 범서읍,중상사고,0,1,0,0,차대차 - 추돌 - 주정차중,안전운전불이행,건조,맑음,교차로 - 교차로부근,승용,여,51세,상해없음,승용,남,51세,중상
2014062600100169,2014년 6월 26일 09시,목요일,울산광역시 동구 전하동,중상사고,0,1,0,0,차대사람 - 기타,안전운전불이행,건조,맑음,단일로 - 기타,승용,여,67세,상해없음,보행자,여,72세,중상
2014062600100170,2014년 6월 26일 09시,목요일,울산광역시 울주군 두서면,중상사고,0,2,1,0,차대차 - 추돌 - 진행중,안전운전불이행,건조,맑음,교차로 - 교차로부근,건설기계,남,34세,상해없음,화물,남,36세,경상
2014062600100230,2014년 6월 26일 11시,목요일,울산광역시 동구 일산동,경상사고,0,0,1,0,차대사람 - 기타,안전운전불이행,건조,맑음,교차로 - 교차로안,화물,남,39세,상해없음,보행자,여,62세,경상
2014062600100246,2014년 6월 26일 12시,목요일,울산광역시 남구 달동,중상사고,0,1,0,0,차대차 - 측면직각충돌,교차로운행방법위반,건조,맑음,교차로 - 교차로안,승용,여,44세,상해없음,이륜,남,50세,중상
2014062600100278,2014년 6월 26일 13시,목요일,울산광역시 동구 일산동,중상사고,0,1,0,0,차대차 - 측면직각충돌,신호위반,건조,맑음,교차로 - 교차로안,승합,남,34세,상해없음,원동기,남,22세,중상
2014062600100375,2014년 6월 26일 16시,목요일,울산광역시 동구 일산동,경상사고,0,0,1,0,차량단독 - 기타,기타,건조,맑음,단일로 - 기타,승합,남,48세,상해없음,,,,
2014062600100376,2014년 6월 26일 16시,목요일,울산광역시 울주군 온산읍,중상사고,0,1,0,0,차대차 - 추돌 - 진행중,교차로운행방법위반,건조,맑음,교차로 - 교차로안,화물,남,52세,상해없음,이륜,남,36세,중상
2014062600100419,2014년 6월 26일 17시,목요일,울산광역시 남구 신정동,경상사고,0,0,1,0,차대차 - 추돌 - 진행중,안전운전불이행,건조,맑음,단일로 - 기타,자전거,남,28세,경상,승합,남,40세,상해없음
2014062600100496,2014년 6월 26일 19시,목요일,울산광역시 동구 전하동,경상사고,0,0,1,0,차대차 - 추돌 - 주정차중,안전운전불이행,건조,맑음,단일로 - 기타,이륜,남,57세,경상,승용,여,56세,상해없음
2014062600100497,2014년 6월 26일 19시,목요일,울산광역시 동구 일산동,경상사고,0,0,2,0,차대차 - 기타,안전운전불이행,건조,맑음,교차로 - 교차로부근,승용,남,30세,상해없음,승합,남,46세,상해없음
2014062600100589,2014년 6월 26일 22시,목요일,울산광역시 동구 동부동,중상사고,0,1,1,0,차대차 - 측면직각충돌,중앙선침범,건조,맑음,단일로 - 기타,승용,남,49세,상해없음,승용,여,30세,중상
2014062600100613,2014년 6월 26일 23시,목요일,울산광역시 울주군 청량면,부상신고사고,0,0,0,1,차량단독 - 공작물충돌,안전운전불이행,건조,맑음,단일로 - 기타,승용,남,27세,상해없음,,,,
2014062700100112,2014년 6월 27일 07시,금요일,울산광역시 북구 화봉동,경상사고,0,0,2,0,차대차 - 추돌 - 진행중,안전거리미확보,건조,맑음,단일로 - 기타,승용,남,29세,상해없음,승용,남,64세,경상
2014062700100113,2014년 6월 27일 07시,금요일,울산광역시 울주군 웅촌면,중상사고,0,1,0,0,차대차 - 기타,안전거리미확보,건조,맑음,단일로 - 기타,승용,남,36세,상해없음,승용,남,48세,중상
2014062700100114,2014년 6월 27일 07시,금요일,울산광역시 울주군 범서읍,경상사고,0,0,1,0,차대차 - 정면충돌,중앙선침범,건조,맑음,단일로 - 기타,승용,남,33세,상해없음,승용,여,46세,경상
2014062700100219,2014년 6월 27일 11시,금요일,울산광역시 울주군 삼남면,경상사고,0,0,1,0,차대차 - 기타,안전운전불이행,건조,맑음,교차로 - 교차로안,승용,남,21세,기타불명,특수,남,32세,경상
2014062700100241,2014년 6월 27일 11시,금요일,울산광역시 동구 주전동,중상사고,0,2,0,0,차량단독 - 기타,안전운전불이행,건조,맑음,단일로 - 기타,이륜,남,30세,중상,,,,
2014062700100242,2014년 6월 27일 11시,금요일,울산광역시 울주군 삼동면,중상사고,0,1,2,0,차량단독 - 도로외이탈 - 추락,안전운전불이행,건조,맑음,단일로 - 기타,승용,여,58세,경상,,,,
2014062700100313,2014년 6월 27일 14시,금요일,울산광역시 울주군 범서읍,중상사고,0,1,0,0,차량단독 - 전도전복,안전운전불이행,건조,맑음,단일로 - 기타,승용,여,66세,상해없음,,,,
2014062700100385,2014년 6월 27일 16시,금요일,울산광역시 중구 우정동,경상사고,0,0,1,0,차대차 - 측면직각충돌,교차로운행방법위반,건조,맑음,교차로 - 교차로안,화물,남,31세,상해없음,승용,남,36세,경상
2014062700100425,2014년 6월 27일 17시,금요일,울산광역시 울주군 서생면,부상신고사고,0,0,0,1,차량단독 - 기타,안전운전불이행,건조,맑음,단일로 - 기타,원동기,남,32세,부상신고,,,,
2014062700100474,2014년 6월 27일 18시,금요일,울산광역시 남구 달동,중상사고,0,1,0,0,차대사람 - 길가장자리구역통행중,안전운전불이행,건조,맑음,단일로 - 기타,승용,여,38세,상해없음,보행자,여,67세,중상
2014062700100475,2014년 6월 27일 18시,금요일,울산광역시 남구 신정동,경상사고,0,0,1,0,차대차 - 추돌 - 주정차중,안전운전불이행,건조,맑음,단일로 - 기타,승용,남,49세,상해없음,승용,남,69세,경상
2014062700100503,2014년 6월 27일 19시,금요일,울산광역시 남구 신정동,경상사고,0,0,1,0,차대차 - 기타,안전운전불이행,건조,맑음,교차로 - 교차로안,승용,남,49세,상해없음,자전거,남,17세,경상
2014062700100542,2014년 6월 27일 20시,금요일,울산광역시 울주군 삼동면,중상사고,0,2,0,1,차대차 - 정면충돌,중앙선침범,건조,맑음,단일로 - 기타,승용,남,59세,부상신고,승용,남,39세,중상
2014062700100578,2014년 6월 27일 21시,금요일,울산광역시 남구 옥동,경상사고,0,0,1,0,차대차 - 기타,안전운전불이행,건조,맑음,단일로 - 기타,승용,여,65세,상해없음,승용,남,31세,경상
2014062700100579,2014년 6월 27일 21시,금요일,울산광역시 동구 일산동,중상사고,0,1,0,0,차대사람 - 횡단중,보행자보호의무위반,건조,맑음,단일로 - 횡단보도상,승용,남,29세,상해없음,보행자,남,54세,중상
2014062700100580,2014년 6월 27일 21시,금요일,울산광역시 동구 일산동,경상사고,0,0,1,0,차대사람 - 기타,안전운전불이행,건조,맑음,단일로 - 기타,승용,남,58세,상해없음,보행자,남,33세,경상
2014062700100616,2014년 6월 27일 22시,금요일,울산광역시 남구 야음동,경상사고,0,0,1,0,차대사람 - 기타,안전운전불이행,건조,맑음,교차로 - 교차로안,승용,남,62세,상해없음,보행자,여,53세,경상
2014062700100647,2014년 6월 27일 23시,금요일,울산광역시 중구 우정동,경상사고,0,0,1,0,차대사람 - 기타,안전운전불이행,건조,맑음,단일로 - 기타,승용,남,65세,상해없음,보행자,남,45세,경상
2014062800100027,2014년 6월 28일 00시,토요일,울산광역시 남구 달동,경상사고,0,0,1,0,차대차 - 기타,안전운전불이행,건조,맑음,단일로 - 횡단보도상,자전거,여,27세,경상,승용,남,61세,상해없음
2014062800100048,2014년 6월 28일 01시,토요일,울산광역시 울주군 언양읍,부상신고사고,0,0,0,1,차량단독 - 공작물충돌,교차로운행방법위반,건조,맑음,교차로 - 교차로안,승용,남,46세,부상신고,,,,
2014062800100253,2014년 6월 28일 11시,토요일,울산광역시 남구 달동,경상사고,0,0,1,0,차대사람 - 횡단중,신호위반,건조,맑음,교차로 - 교차로부근,화물,남,52세,상해없음,보행자,남,56세,경상
2014062800100322,2014년 6월 28일 13시,토요일,울산광역시 울주군 청량면,중상사고,0,1,5,0,차대차 - 추돌 - 주정차중,안전운전불이행,건조,맑음,단일로 - 기타,화물,남,33세,상해없음,승합,남,47세,경상
2014062800100423,2014년 6월 28일 16시,토요일,울산광역시 남구 야음동,경상사고,0,0,1,0,차대차 - 측면직각충돌,차로위반,건조,맑음,교차로 - 교차로부근,건설기계,남,46세,상해없음,승용,남,64세,경상
2014062800100424,2014년 6월 28일 16시,토요일,울산광역시 동구 전하동,중상사고,0,1,0,0,차대차 - 측면직각충돌,신호위반,건조,맑음,교차로 - 교차로안,이륜,남,59세,중상,이륜,남,42세,상해없음
2014062800100461,2014년 6월 28일 17시,토요일,울산광역시 북구 화봉동,경상사고,0,0,1,0,차대차 - 측면직각충돌,안전운전불이행,건조,맑음,교차로 - 교차로부근,자전거,남,81세,경상,승용,남,30세,상해없음
2014062800100492,2014년 6월 28일 18시,토요일,울산광역시 중구 학성동,경상사고,0,0,1,0,차대차 - 기타,중앙선침범,건조,맑음,단일로 - 기타,승용,남,38세,상해없음,승용,여,32세,경상
2014062800100579,2014년 6월 28일 21시,토요일,울산광역시 남구 야음동,경상사고,0,0,1,0,차대차 - 측면직각충돌,불법유턴,건조,맑음,단일로 - 횡단보도상,승용,남,32세,상해없음,이륜,남,35세,경상