사고번호,사고일시,요일,시군구,사고내용,사망자수,중상자수,경상자수,부상신고자수,사고유형,법규위반,노면상태,기상상태,도로형태,가해운전자 차종,가해운전자 성별,가해운전자 연령,가해운전자 상해정도,피해운전자 차종,피해운전자 성별,피해운전자 연령,피해운전자 상해정도
2014070600100238,2014년 7월 6일 12시,일요일,울산광역시 울주군 상북면,경상사고,0,0,1,0,차대차 - 정면충돌,중앙선침범,습기,비,단일로 - 기타,승용,남,49세,상해없음,승용,여,52세,경상
2014070600100320,2014년 7월 6일 15시,일요일,울산광역시 중구 우정동,경상사고,0,0,2,1,차대차 - 측면직각충돌,기타,건조,맑음,단일로 - 기타,승용,여,46세,부상신고,승용,남,48세,경상
2014070600100321,2014년 7월 6일 15시,일요일,울산광역시 울주군 서생면,중상사고,0,4,0,0,차대차 - 정면충돌,중앙선침범,습기,비,단일로 - 기타,승용,남,53세,상해없음,승용,여,51세,중상
2014070600100330,2014년 7월 6일 16시,일요일,울산광역시 울주군 삼남면,경상사고,0,0,3,0,차대차 - 추돌 - 진행중,안전운전불이행,습기,흐림,단일로 - 기타,승용,남,35세,상해없음,승용,남,50세,경상
2014070600100401,2014년 7월 6일 17시,일요일,울산광역시 남구 신정동,경상사고,0,0,2,0,차대차 - 추돌 - 진행중,안전운전불이행,건조,맑음,교차로 - 교차로부근,승용,남,51세,상해없음,승용,여,50세,경상
2014070600100402,2014년 7월 6일 17시,일요일,울산광역시 동구 전하동,부상신고사고,0,0,0,1,차대차 - 기타,직진우회전진행방해,건조,맑음,교차로 - 교차로안,승용,여,37세,상해없음,이륜,남,59세,부상신고
2014070600100403,2014년 7월 6일 17시,일요일,울산광역시 울주군 두동면,부상신고사고,0,0,0,1,차대차 - 기타,안전운전불이행,습기,비,단일로 - 기타,승용,여,48세,부상신고,승용,남,47세,상해없음
2014070600100434,2014년 7월 6일 18시,일요일,울산광역시 울주군 온양읍,경상사고,0,0,1,0,차대차 - 기타,교차로운행방법위반,건조,맑음,교차로 - 교차로안,승용,남,27세,상해없음,승용,남,52세,경상
2014070600100516,2014년 7월 6일 21시,일요일,울산광역시 중구 서동,경상사고,0,0,1,0,차대차 - 기타,기타,습기,비,단일로 - 기타,원동기,남,34세,경상,기타불명,기타불명,기타불명,기타불명
2014070600100554,2014년 7월 6일 23시,일요일,울산광역시 북구 양정동,중상사고,0,1,2,0,차대차 - 기타,중앙선침범,건조,맑음,단일로 - 기타,승용,남,71세,상해없음,이륜,남,18세,중상
2014070700100013,2014년 7월 7일 00시,월요일,울산광역시 남구 무거동,부상신고사고,0,0,0,1,차대사람 - 횡단중,보행자보호의무위반,습기,흐림,단일로 - 횡단보도상,승용,남,26세,상해없음,보행자,남,20세,부상신고
2014070700100153,2014년 7월 7일 08시,월요일,울산광역시 북구 호계동,경상사고,0,0,1,0,차대차 - 기타,교차로운행방법위반,건조,맑음,교차로 - 교차로안,승용,여,52세,상해없음,화물,남,44세,경상
2014070700100154,2014년 7월 7일 08시,월요일,울산광역시 남구 삼산동,경상사고,0,0,1,0,차대사람 - 횡단중,보행자보호의무위반,건조,흐림,교차로 - 교차로부근,승용,여,64세,상해없음,보행자,여,43세,경상
2014070700100155,2014년 7월 7일 08시,월요일,울산광역시 남구 무거동,경상사고,0,0,1,0,차대차 - 추돌 - 진행중,안전거리미확보,건조,흐림,단일로 - 기타,화물,남,46세,상해없음,승용,여,32세,경상
2014070700100217,2014년 7월 7일 10시,월요일,울산광역시 중구 우정동,경상사고,0,0,1,0,차대차 - 추돌 - 주정차중,안전운전불이행,건조,맑음,단일로 - 기타,승용,남,56세,상해없음,승용,남,65세,경상
2014070700100247,2014년 7월 7일 11시,월요일,울산광역시 동구 전하동,중상사고,0,1,0,0,차대차 - 측면직각충돌,교차로운행방법위반,건조,맑음,교차로 - 교차로안,승용,여,62세,상해없음,원동기,남,53세,중상
2014070700100248,2014년 7월 7일 11시,월요일,울산광역시 울주군 상북면,경상사고,0,0,3,0,차대차 - 측면직각충돌,교차로운행방법위반,건조,맑음,교차로 - 교차로안,승합,남,25세,상해없음,승용,여,40세,경상
2014070700100281,2014년 7월 7일 12시,월요일,울산광역시 북구 화봉동,중상사고,0,6,0,0,차대차 - 추돌 - 주정차중,안전운전불이행,건조,맑음,단일로 - 기타,화물,남,43세,상해없음,승용,여,46세,중상
2014070700100310,2014년 7월 7일 13시,월요일,울산광역시 북구 염포동,경상사고,0,0,1,0,차대차 - 기타,안전거리미확보,건조,맑음,단일로 - 기타,승용,남,26세,상해없음,이륜,남,38세,경상
2014070700100332,2014년 7월 7일 14시,월요일,울산광역시 남구 삼산동,중상사고,0,1,0,0,차대사람 - 횡단중,안전운전불이행,건조,맑음,교차로 - 교차로부근,승합,남,52세,상해없음,보행자,여,86세,중상
2014070700100361,2014년 7월 7일 15시,월요일,울산광역시 남구 옥동,경상사고,0,0,1,0,차대사람 - 횡단중,기타,습기,비,교차로 - 교차로부근,승용,여,41세,상해없음,보행자,남,7세,경상
2014070700100396,2014년 7월 7일 16시,월요일,울산광역시 남구 무거동,중상사고,0,1,2,0,차대차 - 기타,안전운전불이행,건조,흐림,교차로 - 교차로부근,화물,남,30세,상해없음,승합,남,58세,중상
2014070700100425,2014년 7월 7일 17시,월요일,울산광역시 북구 호계동,부상신고사고,0,0,0,1,차대차 - 정면충돌,신호위반,건조,맑음,교차로 - 교차로안,원동기,남,41세,부상신고,승용,남,31세,상해없음
2014070700100514,2014년 7월 7일 20시,월요일,울산광역시 중구 다운동,경상사고,0,0,1,0,차대차 - 추돌 - 주정차중,안전운전불이행,건조,흐림,단일로 - 기타,승용,남,54세,상해없음,승용,여,59세,경상
2014070700100574,2014년 7월 7일 22시,월요일,울산광역시 중구 남외동,경상사고,0,0,1,0,차대차 - 측면직각충돌,안전운전불이행,건조,맑음,교차로 - 교차로안,승용,남,71세,상해없음,자전거,남,53세,경상
2014070700100575,2014년 7월 7일 22시,월요일,울산광역시 중구 반구동,경상사고,0,0,2,0,차대차 - 추돌 - 주정차중,안전운전불이행,건조,맑음,단일로 - 기타,승용,남,46세,상해없음,승용,남,46세,경상
2014070700100576,2014년 7월 7일 22시,월요일,울산광역시 남구 삼산동,경상사고,0,0,1,0,차대차 - 추돌 - 진행중,안전거리미확보,건조,맑음,단일로 - 기타,승용,남,35세,상해없음,승용,여,66세,경상
2014070700100598,2014년 7월 7일 23시,월요일,울산광역시 중구 다운동,경상사고,0,0,1,0,차량단독 - 공작물충돌,안전운전불이행,습기,비,단일로 - 기타,승용,여,34세,경상,,,,
2014070700100599,2014년 7월 7일 23시,월요일,울산광역시 울주군 청량면,중상사고,0,1,0,0,차대사람 - 횡단중,안전운전불이행,습기,흐림,단일로 - 기타,승용,남,30세,상해없음,보행자,남,52세,중상
2014070800100019,2014년 7월 8일 00시,화요일,울산광역시 남구 선암동,중상사고,0,1,0,0,차대사람 - 기타,안전운전불이행,기타,기타,단일로 - 기타,승용,남,33세,기타불명,보행자,남,22세,중상
2014070800100020,2014년 7월 8일 00시,화요일,울산광역시 동구 방어동,경상사고,0,0,1,0,차대차 - 측면직각충돌,안전운전불이행,건조,맑음,교차로 - 교차로부근,승용,남,34세,상해없음,이륜,남,29세,경상
2014070800100030,2014년 7월 8일 01시,화요일,울산광역시 남구 삼산동,중상사고,0,1,1,0,차대차 - 기타,안전운전불이행,습기,비,단일로 - 기타,승용,남,35세,상해없음,승용,남,53세,상해없음
2014070800100031,2014년 7월 8일 01시,화요일,울산광역시 남구 삼산동,중상사고,0,1,1,0,차대차 - 측면직각충돌,신호위반,건조,맑음,교차로 - 교차로안,승용,남,45세,상해없음,승용,남,54세,중상
2014070800100064,2014년 7월 8일 04시,화요일,울산광역시 울주군 온양읍,부상신고사고,0,0,0,1,차대차 - 추돌 - 진행중,안전운전불이행,건조,맑음,교차로 - 교차로부근,승용,남,32세,부상신고,승용,남,37세,기타불명
2014070800100118,2014년 7월 8일 07시,화요일,울산광역시 울주군 온산읍,부상신고사고,0,0,0,1,차대차 - 기타,안전운전불이행,습기,흐림,교차로 - 교차로안,이륜,남,27세,부상신고,승용,남,38세,상해없음
2014070800100119,2014년 7월 8일 07시,화요일,울산광역시 울주군 온양읍,경상사고,0,0,2,0,차대차 - 기타,안전운전불이행,건조,맑음,교차로 - 교차로안,특수,남,41세,상해없음,승용,여,48세,경상
2014070800100120,2014년 7월 8일 07시,화요일,울산광역시 울주군 온산읍,경상사고,0,0,2,0,차대차 - 측면직각충돌,교차로운행방법위반,습기,비,교차로 - 교차로안,승용,남,23세,경상,승용,남,27세,상해없음
2014070800100219,2014년 7월 8일 10시,화요일,울산광역시 북구 호계동,중상사고,0,1,1,0,차량단독 - 기타,안전운전불이행,습기,비,단일로 - 기타,이륜,남,72세,경상,,,,
2014070800100220,2014년 7월 8일 10시,화요일,울산광역시 남구 신정동,경상사고,0,0,2,0,차대차 - 추돌 - 주정차중,안전운전불이행,건조,흐림,기타 - 기타,승용,여,51세,상해없음,승용,여,32세,경상
2014070800100357,2014년 7월 8일 14시,화요일,울산광역시 중구 장현동,사망사고,1,0,0,0,차대사람 - 횡단중,안전운전불이행,습기,비,단일로 - 기타,화물,남,32세,상해없음,보행자,여,46세,사망
2014070800100358,2014년 7월 8일 14시,화요일,울산광역시 중구 남외동,경상사고,0,0,1,0,차대사람 - 횡단중,보행자보호의무위반,습기,비,단일로 - 기타,승용,여,58세,상해없음,보행자,남,10세,경상
2014070800100359,2014년 7월 8일 14시,화요일,울산광역시 중구 태화동,경상사고,0,0,1,0,차대사람 - 보도통행중,안전운전불이행,건조,맑음,단일로 - 기타,승용,남,74세,상해없음,보행자,여,18세,경상
2014070800100360,2014년 7월 8일 14시,화요일,울산광역시 남구 무거동,중상사고,0,1,0,0,차대차 - 추돌 - 주정차중,안전운전불이행,습기,비,교차로 - 교차로부근,화물,남,59세,상해없음,승용,여,60세,중상
2014070800100402,2014년 7월 8일 15시,화요일,울산광역시 북구 진장동,경상사고,0,0,1,0,차대차 - 기타,안전거리미확보,습기,비,교차로 - 교차로부근,건설기계,남,52세,상해없음,이륜,남,45세,경상
2014070800100547,2014년 7월 8일 19시,화요일,울산광역시 남구 무거동,중상사고,0,1,0,0,차대차 - 측면직각충돌,교차로운행방법위반,건조,흐림,교차로 - 교차로안,승용,남,38세,상해없음,이륜,남,16세,중상
2014070800100590,2014년 7월 8일 20시,화요일,울산광역시 울주군 서생면,경상사고,0,0,1,0,차대사람 - 길가장자리구역통행중,안전운전불이행,건조,맑음,단일로 - 기타,승용,남,38세,상해없음,보행자,남,42세,경상
2014070800100613,2014년 7월 8일 21시,화요일,울산광역시 중구 반구동,경상사고,0,0,2,0,차대차 - 추돌 - 주정차중,안전운전불이행,습기,비,단일로 - 기타,승용,여,41세,상해없음,승용,여,29세,경상
2014070800100614,2014년 7월 8일 21시,화요일,울산광역시 남구 달동,경상사고,0,0,2,0,차대차 - 추돌 - 주정차중,안전운전불이행,건조,맑음,단일로 - 기타,승용,남,39세,상해없음,승용,남,28세,경상
2014070900100061,2014년 7월 9일 03시,수요일,울산광역시 동구 방어동,경상사고,0,0,1,0,차량단독 - 공작물충돌,안전운전불이행,건조,맑음,단일로 - 기타,승용,여,36세,경상,,,,
2014070900100238,2014년 7월 9일 11시,수요일,울산광역시 남구 무거동,중상사고,0,1,0,0,차대차 - 측면직각충돌,안전운전불이행,건조,흐림,교차로 - 교차로부근,이륜,남,64세,중상,화물,남,44세,상해없음
2014070900100239,2014년 7월 9일 11시,수요일,울산광역시 남구 무거동,중상사고,0,1,0,0,차대차 - 기타,차로위반,건조,맑음,단일로 - 기타,승용,남,30세,상해없음,화물,남,43세,상해없음
2014070900100255,2014년 7월 9일 12시,수요일,울산광역시 중구 태화동,경상사고,0,0,1,0,차대사람 - 기타,보행자보호의무위반,건조,맑음,단일로 - 횡단보도상,화물,남,67세,상해없음,보행자,남,76세,경상
2014070900100283,2014년 7월 9일 13시,수요일,울산광역시 울주군 상북면,중상사고,0,2,3,0,차량단독 - 공작물충돌,안전운전불이행,습기,비,단일로 - 기타,승용,남,19세,경상,,,,
2014070900100480,2014년 7월 9일 18시,수요일,울산광역시 남구 달동,중상사고,0,1,0,0,차대사람 - 차도통행중,안전운전불이행,습기,비,단일로 - 횡단보도부근,이륜,남,52세,상해없음,보행자,남,36세,중상
2014070900100481,2014년 7월 9일 18시,수요일,울산광역시 울주군 청량면,경상사고,0,0,1,0,차대차 - 추돌 - 주정차중,안전거리미확보,건조,맑음,단일로 - 기타,특수,남,54세,상해없음,승용,여,60세,경상
2014070900100518,2014년 7월 9일 19시,수요일,울산광역시 동구 일산동,경상사고,0,0,1,0,차대사람 - 기타,안전운전불이행,건조,맑음,단일로 - 기타,승용,여,62세,상해없음,보행자,남,36세,경상
2014070900100584,2014년 7월 9일 21시,수요일,울산광역시 동구 서부동,경상사고,0,0,1,0,차대사람 - 기타,신호위반,건조,맑음,단일로 - 기타,이륜,남,22세,상해없음,보행자,남,25세,경상
2014070900100619,2014년 7월 9일 22시,수요일,울산광역시 남구 달동,경상사고,0,0,1,0,차대차 - 기타,교차로운행방법위반,건조,맑음,교차로 - 교차로안,승용,남,34세,상해없음,승용,남,29세,경상
2014070900100620,2014년 7월 9일 22시,수요일,울산광역시 남구 삼산동,경상사고,0,0,1,0,차대차 - 측면직각충돌,신호위반,습기,비,교차로 - 교차로안,승용,여,47세,상해없음,승용,남,63세,경상
2014070900100644,2014년 7월 9일 23시,수요일,울산광역시 울주군 범서읍,경상사고,0,0,1,0,차대차 - 추돌 - 주정차중,안전운전불이행,습기,비,교차로 - 교차로부근,승합,남,44세,상해없음,승용,남,55세,경상
2014071000100127,2014년 7월 10일 07시,목요일,울산광역시 남구 무거동,경상사고,0,0,1,0,차대차 - 측면직각충돌,교차로운행방법위반,건조,맑음,교차로 - 교차로안,승용,여,24세,상해없음,승용,여,52세,경상
2014071000100212,2014년 7월 10일 09시,목요일,울산광역시 남구 신정동,경상사고,0,0,1,0,차대차 - 측면직각충돌,신호위반,건조,맑음,교차로 - 교차로안,승용,여,29세,상해없음,이륜,남,62세,경상
2014071000100295,2014년 7월 10일 12시,목요일,울산광역시 중구 태화동,경상사고,0,0,1,0,차대사람 - 횡단중,신호위반,건조,맑음,단일로 - 횡단보도상,승용,남,23세,상해없음,보행자,남,60세,경상
2014071000100296,2014년 7월 10일 12시,목요일,울산광역시 울주군 온양읍,경상사고,0,0,1,0,차대사람 - 길가장자리구역통행중,보행자보호의무위반,습기,흐림,단일로 - 기타,승용,여,44세,상해없음,보행자,여,24세,경상
2014071000100318,2014년 7월 10일 13시,목요일,울산광역시 중구 남외동,중상사고,0,1,1,0,차대차 - 정면충돌,안전운전불이행,건조,맑음,단일로 - 기타,이륜,남,34세,중상,이륜,남,23세,경상
2014071000100319,2014년 7월 10일 13시,목요일,울산광역시 중구 태화동,경상사고,0,0,1,0,차대차 - 기타,안전운전불이행,건조,맑음,교차로 - 교차로안,화물,남,68세,상해없음,승합,남,55세,상해없음
2014071000100462,2014년 7월 10일 17시,목요일,울산광역시 북구 신천동,중상사고,0,1,0,0,차대차 - 기타,신호위반,건조,맑음,교차로 - 교차로안,화물,남,48세,상해없음,자전거,남,68세,중상
2014071000100463,2014년 7월 10일 17시,목요일,울산광역시 중구 반구동,중상사고,0,1,0,0,차대차 - 측면직각충돌,신호위반,건조,맑음,교차로 - 교차로안,화물,남,50세,상해없음,자전거,남,57세,중상
2014071000100516,2014년 7월 10일 18시,목요일,울산광역시 중구 반구동,중상사고,0,1,0,0,차대사람 - 횡단중,신호위반,건조,맑음,단일로 - 기타,화물,남,56세,상해없음,보행자,남,14세,중상
2014071000100586,2014년 7월 10일 20시,목요일,울산광역시 중구 옥교동,중상사고,0,1,0,0,차대사람 - 횡단중,보행자보호의무위반,건조,맑음,단일로 - 기타,승용,남,48세,상해없음,보행자,여,52세,중상
2014071000100587,2014년 7월 10일 20시,목요일,울산광역시 남구 삼산동,경상사고,0,0,1,0,차대사람 - 기타,안전운전불이행,건조,흐림,교차로 - 교차로안,승용,여,50세,상해없음,보행자,남,62세,경상
2014071000100650,2014년 7월 10일 22시,목요일,울산광역시 남구 삼산동,경상사고,0,0,1,0,차대차 - 측면직각충돌,교차로운행방법위반,건조,흐림,교차로 - 교차로안,승용,남,41세,상해없음,승용,남,55세,경상
2014071000100651,2014년 7월 10일 22시,목요일,울산광역시 동구 일산동,경상사고,0,0,1,0,차대차 - 기타,안전운전불이행,건조,맑음,교차로 - 교차로부근,승용,남,18세,상해없음,승용,남,47세,경상
2014071000100652,2014년 7월 10일 22시,목요일,울산광역시 울주군 서생면,중상사고,0,1,0,0,차대차 - 기타,안전운전불이행,건조,맑음,교차로 - 교차로부근,승용,남,29세,상해없음,승용,남,57세,중상
2014071100100017,2014년 7월 11일 00시,금요일,울산광역시 중구 서동,경상사고,0,0,2,0,차대차 - 추돌 - 주정차중,안전운전불이행,습기,흐림,교차로 - 교차로부근,승용,남,41세,상해없음,승용,남,37세,경상
2014071100100018,2014년 7월 11일 00시,금요일,울산광역시 울주군 온양읍,중상사고,0,1,1,0,차대차 - 측면직각충돌,신호위반,건조,맑음,교차로 - 교차로안,승용,남,48세,상해없음,화물,남,34세,경상
2014071100100047,2014년 7월 11일 02시,금요일,울산광역시 남구 무거동,경상사고,0,0,1,0,차대차 - 추돌 - 주정차중,안전거리미확보,건조,맑음,교차로 - 교차로안,승용,남,36세,상해없음,승용,남,46세,경상
2014071100100048,2014년 7월 11일 02시,금요일,울산광역시 남구 삼산동,경상사고,0,0,2,0,차대차 - 측면직각충돌,안전운전불이행,건조,맑음,교차로 - 교차로안,화물,남,52세,상해없음,승용,남,64세,상해없음
2014071100100079,2014년 7월 11일 05시,금요일,울산광역시 남구 무거동,부상신고사고,0,0,0,1,차대차 - 추돌 - 진행중,교차로운행방법위반,건조,흐림,교차로 - 교차로안,승용,남,21세,부상신고,화물,남,43세,상해없음
2014071100100190,2014년 7월 11일 09시,금요일,울산광역시 중구 남외동,중상사고,0,1,0,0,차대차 - 측면직각충돌,교차로운행방법위반,건조,맑음,교차로 - 교차로안,승용,남,26세,상해없음,자전거,남,71세,중상
2014071100100259,2014년 7월 11일 11시,금요일,울산광역시 남구 무거동,중상사고,0,1,0,0,차대차 - 기타,안전운전불이행,건조,맑음,교차로 - 교차로부근,승용,여,33세,상해없음,원동기,남,16세,중상
2014071100100291,2014년 7월 11일 12시,금요일,울산광역시 중구 학산동,경상사고,0,0,1,0,차대차 - 추돌 - 주정차중,안전운전불이행,건조,맑음,단일로 - 기타,승용,남,37세,상해없음,자전거,남,58세,경상
2014071100100292,2014년 7월 11일 12시,금요일,울산광역시 울주군 언양읍,중상사고,0,2,2,0,차대차 - 추돌 - 주정차중,안전운전불이행,건조,맑음,단일로 - 기타,화물,남,44세,상해없음,화물,남,64세,경상
2014071100100315,2014년 7월 11일 13시,금요일,울산광역시 중구 학성동,경상사고,0,0,1,0,차대차 - 기타,중앙선침범,건조,맑음,단일로 - 기타,화물,남,35세,상해없음,승용,남,25세,경상
2014071100100316,2014년 7월 11일 13시,금요일,울산광역시 북구 염포동,경상사고,0,0,1,0,차대차 - 측면직각충돌,안전거리미확보,건조,맑음,기타 - 기타,화물,남,44세,상해없음,승용,남,62세,상해없음
2014071100100435,2014년 7월 11일 16시,금요일,울산광역시 중구 다운동,중상사고,0,1,0,0,차대차 - 정면충돌,안전운전불이행,건조,맑음,단일로 - 기타,승용,여,56세,상해없음,이륜,남,35세,중상
2014071100100436,2014년 7월 11일 16시,금요일,울산광역시 북구 신천동,중상사고,0,1,0,0,차대차 - 측면직각충돌,안전운전불이행,건조,맑음,교차로 - 교차로부근,이륜,남,56세,중상,승용,남,36세,상해없음
2014071100100494,2014년 7월 11일 17시,금요일,울산광역시 중구 반구동,경상사고,0,0,1,0,차대사람 - 기타,안전운전불이행,건조,맑음,단일로 - 기타,승합,남,44세,상해없음,보행자,여,66세,경상
2014071100100553,2014년 7월 11일 18시,금요일,울산광역시 중구 반구동,경상사고,0,0,1,0,차대차 - 기타,신호위반,건조,맑음,교차로 - 교차로안,승용,남,57세,상해없음,이륜,남,27세,경상
2014071100100590,2014년 7월 11일 19시,금요일,울산광역시 중구 남외동,경상사고,0,0,1,0,차대차 - 측면직각충돌,안전운전불이행,건조,맑음,단일로 - 기타,승용,남,56세,상해없음,이륜,남,38세,경상
2014071100100591,2014년 7월 11일 19시,금요일,울산광역시 북구 신천동,경상사고,0,0,1,0,차대차 - 정면충돌,중앙선침범,건조,맑음,단일로 - 기타,이륜,남,17세,경상,승용,남,54세,상해없음
2014071100100592,2014년 7월 11일 19시,금요일,울산광역시 남구 달동,경상사고,0,0,1,0,차대차 - 측면직각충돌,안전운전불이행,건조,맑음,교차로 - 교차로안,승용,남,56세,상해없음,자전거,남,17세,경상
2014071100100755,2014년 7월 11일 23시,금요일,울산광역시 중구 남외동,경상사고,0,0,1,1,차대차 - 기타,안전운전불이행,건조,맑음,교차로 - 교차로부근,원동기,남,23세,부상신고,원동기,남,50세,경상
2014071100100756,2014년 7월 11일 23시,금요일,울산광역시 중구 복산동,경상사고,0,0,1,0,차대차 - 기타,안전운전불이행,건조,맑음,교차로 - 교차로안,승용,남,34세,상해없음,승용,여,36세,경상
2014071200100027,2014년 7월 12일 00시,토요일,울산광역시 중구 서동,중상사고,0,1,0,0,차대사람 - 기타,안전운전불이행,건조,맑음,단일로 - 기타,화물,남,49세,상해없음,보행자,남,49세,중상
2014071200100028,2014년 7월 12일 00시,토요일,울산광역시 남구 선암동,중상사고,0,2,0,0,차대차 - 추돌 - 진행중,안전운전불이행,건조,맑음,단일로 - 기타,승용,여,49세,상해없음,승용,남,57세,중상
2014071200100029,2014년 7월 12일 00시,토요일,울산광역시 남구 삼산동,중상사고,0,2,3,0,차대차 - 측면직각충돌,신호위반,건조,맑음,교차로 - 교차로안,승용,남,49세,중상,승용,여,49세,중상
2014071200100051,2014년 7월 12일 01시,토요일,울산광역시 남구 달동,경상사고,0,0,1,0,차대사람 - 기타,보행자보호의무위반,건조,맑음,단일로 - 횡단보도상,원동기,기타불명,기타불명,기타불명,보행자,여,26세,경상
2014071200100052,2014년 7월 12일 01시,토요일,울산광역시 동구 일산동,경상사고,0,0,1,0,차대차 - 측면직각충돌,교차로운행방법위반,건조,맑음,교차로 - 교차로안,이륜,남,59세,상해없음,이륜,남,28세,경상
2014071200100053,2014년 7월 12일 01시,토요일,울산광역시 울주군 범서읍,경상사고,0,0,1,0,차량단독 - 공작물충돌,안전운전불이행,건조,맑음,단일로 - 기타,승용,여,36세,경상,,,,
2014071200100079,2014년 7월 12일 02시,토요일,울산광역시 북구 염포동,경상사고,0,0,1,0,차대차 - 측면직각충돌,신호위반,건조,흐림,교차로 - 교차로안,이륜,남,22세,상해없음,승용,남,27세,상해없음
2014071200100150,2014년 7월 12일 07시,토요일,울산광역시 북구 호계동,중상사고,0,1,1,0,차대차 - 추돌 - 주정차중,안전운전불이행,건조,맑음,단일로 - 기타,승용,남,25세,경상,승용,여,53세,중상
2014071200100151,2014년 7월 12일 07시,토요일,울산광역시 동구 미포동,경상사고,0,0,1,0,차대차 - 기타,안전운전불이행,건조,맑음,단일로 - 기타,이륜,남,54세,상해없음,이륜,남,43세,경상
2014071200100188,2014년 7월 12일 09시,토요일,울산광역시 울주군 언양읍,경상사고,0,0,1,0,차대차 - 측면직각충돌,안전운전불이행,건조,맑음,단일로 - 기타,승용,남,42세,상해없음,화물,남,42세,상해없음
2014071200100204,2014년 7월 12일 09시,토요일,울산광역시 북구 화봉동,경상사고,0,0,1,0,차대차 - 추돌 - 진행중,안전거리미확보,건조,맑음,교차로 - 교차로부근,특수,남,57세,상해없음,원동기,남,72세,경상
2014071200100239,2014년 7월 12일 10시,토요일,울산광역시 남구 신정동,경상사고,0,0,1,0,차대차 - 기타,안전거리미확보,건조,맑음,단일로 - 기타,승합,남,65세,상해없음,승용,여,51세,경상
2014071200100273,2014년 7월 12일 11시,토요일,울산광역시 동구 방어동,중상사고,0,1,0,0,차대차 - 측면직각충돌,기타,건조,맑음,교차로 - 교차로부근,승용,여,31세,상해없음,자전거,남,11세,중상
2014071200100389,2014년 7월 12일 15시,토요일,울산광역시 남구 달동,중상사고,0,1,0,0,차대차 - 기타,신호위반,건조,맑음,교차로 - 교차로안,승용,여,51세,상해없음,이륜,남,26세,중상
2014071200100390,2014년 7월 12일 15시,토요일,울산광역시 동구 전하동,중상사고,0,1,1,0,차대차 - 기타,중앙선침범,건조,맑음,단일로 - 기타,승용,여,53세,상해없음,승용,남,65세,경상
2014071200100441,2014년 7월 12일 17시,토요일,울산광역시 동구 일산동,중상사고,0,1,0,0,차대사람 - 횡단중,안전운전불이행,건조,맑음,단일로 - 기타,승용,남,34세,상해없음,보행자,여,6세,중상
2014071200100528,2014년 7월 12일 20시,토요일,울산광역시 남구 삼산동,경상사고,0,0,1,0,차대차 - 측면직각충돌,교차로운행방법위반,건조,맑음,교차로 - 교차로안,승용,남,52세,상해없음,승용,남,49세,상해없음
2014071200100529,2014년 7월 12일 20시,토요일,울산광역시 동구 일산동,경상사고,0,0,4,0,차대차 - 측면직각충돌,교차로운행방법위반,건조,맑음,교차로 - 교차로안,승용,남,35세,경상,승용,남,34세,경상
2014071200100564,2014년 7월 12일 21시,토요일,울산광역시 북구 화봉동,중상사고,0,1,0,0,차대사람 - 횡단중,안전운전불이행,건조,맑음,교차로 - 교차로부근,화물,남,45세,상해없음,보행자,남,39세,중상
2014071200100565,2014년 7월 12일 21시,토요일,울산광역시 동구 서부동,중상사고,0,1,0,0,차대차 - 측면직각충돌,교차로운행방법위반,건조,맑음,교차로 - 교차로안,원동기,남,46세,상해없음,원동기,남,16세,중상
2014071200100590,2014년 7월 12일 22시,토요일,울산광역시 중구 남외동,경상사고,0,0,1,0,차대차 - 측면직각충돌,교차로운행방법위반,건조,맑음,교차로 - 교차로안,이륜,남,19세,경상,승용,남,34세,상해없음
2014071200100591,2014년 7월 12일 22시,토요일,울산광역시 울주군 온산읍,부상신고사고,0,0,0,1,차량단독 - 공작물충돌,안전운전불이행,건조,맑음,교차로 - 교차로안,승용,남,57세,부상신고,,,,
2014071300100025,2014년 7월 13일 00시,일요일,울산광역시 중구 서동,경상사고,0,0,2,0,차대차 - 측면직각충돌,안전거리미확보,습기,비,교차로 - 교차로부근,승용,남,60세,상해없음,승용,남,48세,경상
2014071300100054,2014년 7월 13일 01시,일요일,울산광역시 남구 달동,중상사고,0,1,1,0,차대차 - 기타,신호위반,습기,비,교차로 - 교차로안,승용,남,56세,상해없음,승용,남,50세,경상
2014071300100055,2014년 7월 13일 01시,일요일,울산광역시 울주군 범서읍,경상사고,0,0,1,0,차량단독 - 기타,기타,습기,비,단일로 - 기타,이륜,남,45세,경상,,,,
2014071300100069,2014년 7월 13일 02시,일요일,울산광역시 북구 창평동,중상사고,0,2,0,0,차대차 - 추돌 - 주정차중,과속,습기,비,단일로 - 기타,승용,남,59세,중상,화물,남,44세,기타불명
2014071300100089,2014년 7월 13일 03시,일요일,울산광역시 울주군 청량면,부상신고사고,0,0,0,1,차량단독 - 공작물충돌,안전운전불이행,습기,비,단일로 - 기타,승용,남,39세,부상신고,,,,
2014071300100117,2014년 7월 13일 05시,일요일,울산광역시 남구 달동,경상사고,0,0,1,0,차대사람 - 기타,안전운전불이행,습기,비,교차로 - 교차로안,승용,남,48세,상해없음,보행자,남,26세,경상
2014071300100146,2014년 7월 13일 07시,일요일,울산광역시 동구 방어동,중상사고,0,1,0,0,차량단독 - 전도전복,안전운전불이행,습기,비,단일로 - 기타,승용,남,30세,상해없음,,,,