사고번호,사고일시,요일,시군구,사고내용,사망자수,중상자수,경상자수,부상신고자수,사고유형,법규위반,노면상태,기상상태,도로형태,가해운전자 차종,가해운전자 성별,가해운전자 연령,가해운전자 상해정도,피해운전자 차종,피해운전자 성별,피해운전자 연령,피해운전자 상해정도
2014073100100104,2014년 7월 31일 06시,목요일,울산광역시 동구 일산동,경상사고,0,0,1,0,차대차 - 기타,교차로운행방법위반,건조,맑음,교차로 - 교차로안,이륜,남,54세,경상,승용,남,31세,상해없음
2014073100100131,2014년 7월 31일 07시,목요일,울산광역시 남구 무거동,경상사고,0,0,1,0,차대차 - 추돌 - 진행중,안전운전불이행,건조,맑음,교차로 - 교차로부근,이륜,남,38세,경상,승용,남,48세,상해없음
2014073100100132,2014년 7월 31일 07시,목요일,울산광역시 동구 서부동,경상사고,0,0,1,0,차대차 - 기타,안전거리미확보,건조,맑음,단일로 - 기타,승용,남,63세,상해없음,승용,여,49세,경상
2014073100100167,2014년 7월 31일 08시,목요일,울산광역시 동구 방어동,경상사고,0,0,4,0,차대차 - 추돌 - 주정차중,안전운전불이행,건조,맑음,단일로 - 기타,화물,남,28세,경상,승합,남,44세,상해없음
2014073100100194,2014년 7월 31일 09시,목요일,울산광역시 남구 신정동,중상사고,0,1,0,0,차대사람 - 길가장자리구역통행중,안전운전불이행,건조,맑음,단일로 - 기타,승용,남,64세,상해없음,보행자,여,57세,중상
2014073100100195,2014년 7월 31일 09시,목요일,울산광역시 울주군 삼남면,중상사고,0,1,0,0,차대차 - 추돌 - 주정차중,안전운전불이행,건조,맑음,단일로 - 기타,원동기,남,86세,중상,화물,남,43세,기타불명
2014073100100262,2014년 7월 31일 11시,목요일,울산광역시 북구 염포동,경상사고,0,0,1,0,차대차 - 측면직각충돌,안전운전불이행,건조,맑음,단일로 - 기타,승용,여,35세,상해없음,자전거,남,74세,경상
2014073100100394,2014년 7월 31일 15시,목요일,울산광역시 남구 옥동,경상사고,0,0,1,0,차대차 - 측면직각충돌,안전운전불이행,건조,맑음,단일로 - 기타,승용,여,52세,상해없음,승합,남,43세,경상
2014073100100533,2014년 7월 31일 18시,목요일,울산광역시 북구 진장동,경상사고,0,0,2,2,차대차 - 추돌 - 주정차중,안전운전불이행,건조,맑음,단일로 - 기타,승용,남,37세,상해없음,승용,남,43세,경상
2014073100100534,2014년 7월 31일 18시,목요일,울산광역시 남구 신정동,중상사고,0,1,0,0,차대차 - 정면충돌,교차로운행방법위반,건조,맑음,교차로 - 교차로안,승용,남,56세,상해없음,이륜,남,30세,중상
2014073100100535,2014년 7월 31일 18시,목요일,울산광역시 남구 삼산동,경상사고,0,0,1,0,차대차 - 정면충돌,안전운전불이행,건조,맑음,교차로 - 교차로부근,승용,여,35세,상해없음,자전거,남,68세,경상
2014073100100568,2014년 7월 31일 19시,목요일,울산광역시 남구 신정동,중상사고,0,1,0,0,차대사람 - 기타,안전운전불이행,건조,맑음,단일로 - 횡단보도부근,승용,남,42세,상해없음,보행자,여,16세,중상
2014073100100641,2014년 7월 31일 21시,목요일,울산광역시 중구 학성동,중상사고,0,1,0,0,차대차 - 기타,안전거리미확보,건조,맑음,기타 - 기타,승용,남,56세,상해없음,이륜,남,17세,중상
2014073100100671,2014년 7월 31일 22시,목요일,울산광역시 동구 서부동,경상사고,0,0,1,0,차대사람 - 횡단중,신호위반,건조,맑음,교차로 - 교차로안,이륜,남,62세,상해없음,보행자,여,26세,경상
2014080100100058,2014년 8월 1일 02시,금요일,울산광역시 남구 부곡동,중상사고,0,1,0,0,차대차 - 추돌 - 진행중,안전운전불이행,건조,맑음,교차로 - 교차로부근,승용,남,29세,중상,화물,남,51세,상해없음
2014080100100065,2014년 8월 1일 03시,금요일,울산광역시 중구 반구동,경상사고,0,0,2,0,차대차 - 기타,안전운전불이행,건조,맑음,단일로 - 기타,승용,남,57세,상해없음,승용,남,54세,상해없음
2014080100100323,2014년 8월 1일 14시,금요일,울산광역시 남구 신정동,경상사고,0,0,3,0,차대차 - 기타,차로위반,건조,맑음,교차로 - 교차로부근,화물,남,78세,상해없음,승용,남,31세,경상
2014080100100324,2014년 8월 1일 14시,금요일,울산광역시 동구 화정동,경상사고,0,0,1,0,차대사람 - 기타,교차로운행방법위반,건조,맑음,교차로 - 교차로안,승용,남,41세,상해없음,보행자,여,67세,경상
2014080100100360,2014년 8월 1일 15시,금요일,울산광역시 중구 동동,부상신고사고,0,0,0,1,차대차 - 측면직각충돌,직진우회전진행방해,건조,맑음,교차로 - 교차로안,원동기,남,42세,부상신고,승용,남,62세,상해없음
2014080100100554,2014년 8월 1일 20시,금요일,울산광역시 남구 삼산동,중상사고,0,3,1,0,차대차 - 기타,신호위반,습기,비,교차로 - 교차로안,승용,남,24세,중상,승용,남,60세,중상
2014080100100555,2014년 8월 1일 20시,금요일,울산광역시 동구 일산동,경상사고,0,0,1,0,차대사람 - 기타,기타,습기,흐림,단일로 - 기타,승합,남,53세,상해없음,보행자,남,54세,경상
2014080100100593,2014년 8월 1일 21시,금요일,울산광역시 중구 복산동,부상신고사고,0,0,0,1,차대차 - 측면직각충돌,교차로운행방법위반,건조,맑음,교차로 - 교차로안,승용,남,41세,상해없음,승용,여,28세,상해없음
2014080100100594,2014년 8월 1일 21시,금요일,울산광역시 울주군 온산읍,부상신고사고,0,0,0,1,차대차 - 기타,안전운전불이행,건조,맑음,단일로 - 기타,승용,남,55세,부상신고,승용,남,44세,기타불명
2014080100100631,2014년 8월 1일 22시,금요일,울산광역시 울주군 청량면,경상사고,0,0,1,1,차대차 - 정면충돌,중앙선침범,습기,비,단일로 - 기타,승용,남,27세,부상신고,승용,남,39세,경상
2014080200100021,2014년 8월 2일 00시,토요일,울산광역시 북구 중산동,중상사고,0,1,0,0,차량단독 - 공작물충돌,안전운전불이행,습기,비,단일로 - 기타,승용,남,51세,중상,,,,
2014080200100022,2014년 8월 2일 00시,토요일,울산광역시 남구 신정동,중상사고,0,1,0,0,차대차 - 정면충돌,중앙선침범,습기,비,단일로 - 기타,승용,남,28세,상해없음,승용,남,33세,중상
2014080200100048,2014년 8월 2일 01시,토요일,울산광역시 동구 화정동,경상사고,0,0,1,0,차대사람 - 횡단중,신호위반,습기,비,교차로 - 교차로부근,승용,남,57세,상해없음,보행자,남,63세,경상
2014080200100090,2014년 8월 2일 03시,토요일,울산광역시 울주군 범서읍,사망사고,1,0,1,0,차대차 - 추돌 - 주정차중,안전운전불이행,건조,흐림,교차로 - 교차로부근,승용,남,29세,경상,화물,남,54세,상해없음
2014080200100091,2014년 8월 2일 03시,토요일,울산광역시 울주군 온산읍,부상신고사고,0,0,0,1,차대차 - 기타,안전운전불이행,건조,맑음,단일로 - 기타,승용,남,45세,부상신고,승용,남,53세,기타불명
2014080200100136,2014년 8월 2일 06시,토요일,울산광역시 남구 삼산동,중상사고,0,2,4,0,차대차 - 기타,안전운전불이행,기타,기타,단일로 - 기타,승용,남,53세,상해없음,승용,남,56세,중상
2014080200100229,2014년 8월 2일 10시,토요일,울산광역시 북구 효문동,경상사고,0,0,4,0,차대차 - 측면직각충돌,중앙선침범,건조,맑음,단일로 - 기타,승용,남,26세,상해없음,승용,여,53세,경상
2014080200100378,2014년 8월 2일 14시,토요일,울산광역시 중구 반구동,중상사고,0,1,0,0,차대차 - 측면직각충돌,중앙선침범,건조,맑음,단일로 - 기타,승용,남,34세,상해없음,자전거,남,70세,중상
2014080200100379,2014년 8월 2일 14시,토요일,울산광역시 울주군 언양읍,경상사고,0,0,3,0,차대차 - 추돌 - 주정차중,안전거리미확보,습기,비,단일로 - 기타,승용,남,65세,상해없음,승용,남,41세,경상
2014080200100419,2014년 8월 2일 15시,토요일,울산광역시 울주군 삼동면,부상신고사고,0,0,0,1,차량단독 - 공작물충돌,안전운전불이행,습기,비,단일로 - 기타,승용,남,77세,부상신고,,,,
2014080200100465,2014년 8월 2일 16시,토요일,울산광역시 동구 전하동,중상사고,0,1,0,0,차대사람 - 기타,안전운전불이행,건조,맑음,교차로 - 교차로안,승용,남,61세,상해없음,보행자,여,15세,중상
2014080200100510,2014년 8월 2일 17시,토요일,울산광역시 남구 신정동,경상사고,0,0,2,0,차대차 - 측면직각충돌,안전거리미확보,습기,흐림,단일로 - 기타,승용,남,55세,상해없음,승용,남,24세,경상
2014080200100511,2014년 8월 2일 17시,토요일,울산광역시 울주군 온산읍,중상사고,0,1,0,0,차대차 - 측면직각충돌,교차로운행방법위반,습기,흐림,교차로 - 교차로부근,승용,여,33세,상해없음,자전거,남,51세,중상
2014080200100543,2014년 8월 2일 18시,토요일,울산광역시 울주군 삼남면,경상사고,0,0,1,0,차대차 - 기타,안전운전불이행,습기,비,단일로 - 기타,승용,남,29세,상해없음,이륜,남,16세,경상
2014080200100586,2014년 8월 2일 19시,토요일,울산광역시 동구 전하동,중상사고,0,1,0,0,차대사람 - 횡단중,보행자보호의무위반,습기,비,교차로 - 교차로안,승용,여,33세,상해없음,보행자,남,60세,중상
2014080200100624,2014년 8월 2일 20시,토요일,울산광역시 중구 태화동,경상사고,0,0,2,0,차대차 - 정면충돌,신호위반,습기,비,교차로 - 교차로안,승용,여,54세,상해없음,승용,남,46세,경상
2014080200100625,2014년 8월 2일 20시,토요일,울산광역시 북구 진장동,중상사고,0,1,0,0,차대차 - 추돌 - 진행중,안전운전불이행,습기,비,교차로 - 교차로부근,승합,남,48세,상해없음,승용,남,28세,중상
2014080200100674,2014년 8월 2일 21시,토요일,울산광역시 울주군 온양읍,중상사고,0,1,0,0,차대차 - 추돌 - 주정차중,안전거리미확보,습기,비,교차로 - 교차로부근,승용,남,35세,상해없음,승용,여,39세,중상
2014080200100723,2014년 8월 2일 22시,토요일,울산광역시 남구 선암동,경상사고,0,0,2,0,차대차 - 기타,안전운전불이행,습기,비,교차로 - 교차로부근,승용,남,37세,상해없음,승용,남,43세,경상
2014080200100755,2014년 8월 2일 23시,토요일,울산광역시 중구 서동,경상사고,0,0,1,0,차대차 - 측면직각충돌,안전거리미확보,습기,비,단일로 - 기타,승용,남,48세,상해없음,승용,남,32세,경상
2014080300100035,2014년 8월 3일 00시,일요일,울산광역시 울주군 언양읍,중상사고,0,2,1,0,차대차 - 추돌 - 진행중,중앙선침범,습기,비,교차로 - 교차로부근,승용,여,49세,경상,승용,남,23세,중상
2014080300100099,2014년 8월 3일 03시,일요일,울산광역시 남구 달동,경상사고,0,0,1,0,차대사람 - 기타,안전운전불이행,습기,비,교차로 - 교차로부근,승용,남,22세,상해없음,보행자,여,60세,경상
2014080300100192,2014년 8월 3일 09시,일요일,울산광역시 울주군 두서면,중상사고,0,1,2,1,차대차 - 추돌 - 진행중,안전거리미확보,습기,비,교차로 - 교차로부근,화물,남,72세,부상신고,화물,남,27세,경상
2014080300100209,2014년 8월 3일 10시,일요일,울산광역시 울주군 온산읍,중상사고,0,2,0,0,차대차 - 정면충돌,중앙선침범,습기,비,단일로 - 기타,승용,남,29세,중상,화물,남,67세,중상
2014080300100227,2014년 8월 3일 11시,일요일,울산광역시 중구 학성동,경상사고,0,0,1,0,차대사람 - 기타,안전운전불이행,건조,맑음,단일로 - 기타,승합,남,54세,상해없음,보행자,남,74세,경상
2014080300100228,2014년 8월 3일 11시,일요일,울산광역시 울주군 상북면,경상사고,0,0,2,0,차대차 - 기타,중앙선침범,습기,비,단일로 - 기타,화물,남,42세,상해없음,승용,남,38세,경상
2014080300100248,2014년 8월 3일 12시,일요일,울산광역시 울주군 두동면,경상사고,0,0,1,0,차대차 - 기타,교차로운행방법위반,습기,비,교차로 - 교차로안,승용,남,32세,상해없음,승합,남,53세,상해없음
2014080300100342,2014년 8월 3일 15시,일요일,울산광역시 동구 서부동,중상사고,0,1,1,0,차대차 - 기타,안전운전불이행,건조,맑음,단일로 - 기타,승용,남,30세,상해없음,승용,여,53세,중상
2014080300100366,2014년 8월 3일 16시,일요일,울산광역시 북구 정자동,경상사고,0,0,2,0,차대차 - 기타,안전운전불이행,건조,맑음,교차로 - 교차로안,승용,남,56세,기타불명,승용,여,45세,경상
2014080300100367,2014년 8월 3일 16시,일요일,울산광역시 동구 일산동,경상사고,0,0,2,0,차대차 - 기타,안전운전불이행,건조,맑음,단일로 - 기타,이륜,남,43세,상해없음,자전거,남,25세,경상
2014080300100368,2014년 8월 3일 16시,일요일,울산광역시 울주군 온산읍,중상사고,0,1,0,0,차대사람 - 기타,안전운전불이행,습기,흐림,단일로 - 기타,승용,여,34세,상해없음,보행자,여,26세,중상
2014080300100396,2014년 8월 3일 17시,일요일,울산광역시 울주군 온양읍,경상사고,0,0,1,0,차대차 - 측면직각충돌,안전거리미확보,습기,비,단일로 - 기타,승용,남,26세,상해없음,승용,남,66세,상해없음
2014080300100418,2014년 8월 3일 18시,일요일,울산광역시 중구 태화동,부상신고사고,0,0,0,1,차대차 - 추돌 - 진행중,안전거리미확보,습기,비,교차로 - 교차로부근,승용,남,53세,상해없음,승용,남,55세,부상신고
2014080300100443,2014년 8월 3일 19시,일요일,울산광역시 북구 연암동,경상사고,0,0,5,0,차대차 - 측면직각충돌,중앙선침범,건조,맑음,단일로 - 기타,승용,남,54세,상해없음,승합,남,45세,경상
2014080300100484,2014년 8월 3일 20시,일요일,울산광역시 북구 진장동,경상사고,0,0,4,0,차대차 - 측면직각충돌,안전운전불이행,습기,비,단일로 - 기타,승용,남,36세,경상,승용,남,54세,경상
2014080300100485,2014년 8월 3일 20시,일요일,울산광역시 동구 미포동,경상사고,0,0,5,0,차대사람 - 기타,안전운전불이행,건조,맑음,기타 - 기타,승용,남,19세,상해없음,보행자,남,35세,경상
2014080300100537,2014년 8월 3일 21시,일요일,울산광역시 남구 신정동,중상사고,0,1,0,0,차대차 - 측면직각충돌,안전운전불이행,습기,비,교차로 - 교차로안,승용,남,29세,상해없음,이륜,남,24세,중상
2014080300100538,2014년 8월 3일 21시,일요일,울산광역시 북구 염포동,사망사고,1,2,0,0,차대차 - 정면충돌,중앙선침범,습기,흐림,단일로 - 기타,승용,남,28세,중상,승용,남,65세,사망
2014080300100582,2014년 8월 3일 23시,일요일,울산광역시 중구 우정동,경상사고,0,0,1,0,차량단독 - 기타,안전운전불이행,습기,흐림,단일로 - 기타,이륜,남,17세,경상,,,,
2014080300100583,2014년 8월 3일 23시,일요일,울산광역시 북구 염포동,중상사고,0,1,0,0,차대사람 - 기타,안전운전불이행,건조,흐림,기타 - 기타,승합,남,45세,상해없음,보행자,남,34세,중상
2014080400100027,2014년 8월 4일 01시,월요일,울산광역시 남구 달동,중상사고,0,1,2,0,차대차 - 기타,신호위반,습기,비,교차로 - 교차로안,승용,여,24세,상해없음,승용,남,49세,경상
2014080400100042,2014년 8월 4일 02시,월요일,울산광역시 동구 일산동,중상사고,0,1,0,0,차대차 - 추돌 - 주정차중,안전거리미확보,건조,맑음,교차로 - 교차로부근,승용,여,36세,상해없음,승용,여,51세,중상
2014080400100050,2014년 8월 4일 03시,월요일,울산광역시 남구 삼산동,경상사고,0,0,1,0,차대차 - 측면직각충돌,안전거리미확보,습기,비,교차로 - 교차로부근,승용,남,34세,상해없음,승용,남,55세,경상
2014080400100051,2014년 8월 4일 03시,월요일,울산광역시 울주군 웅촌면,경상사고,0,0,3,0,차대차 - 추돌 - 진행중,안전운전불이행,습기,비,단일로 - 기타,특수,남,49세,상해없음,승용,남,56세,경상
2014080400100076,2014년 8월 4일 05시,월요일,울산광역시 남구 삼산동,경상사고,0,0,2,0,차대차 - 기타,교차로운행방법위반,습기,비,교차로 - 교차로안,승용,남,30세,상해없음,승용,남,58세,경상
2014080400100092,2014년 8월 4일 06시,월요일,울산광역시 남구 신정동,중상사고,0,1,1,0,차대차 - 기타,중앙선침범,습기,비,단일로 - 기타,화물,남,42세,중상,승합,남,57세,경상
2014080400100093,2014년 8월 4일 06시,월요일,울산광역시 남구 삼산동,경상사고,0,0,1,0,차대차 - 측면직각충돌,차로위반,건조,맑음,단일로 - 기타,승용,남,66세,상해없음,승용,남,30세,경상
2014080400100168,2014년 8월 4일 09시,월요일,울산광역시 남구 달동,부상신고사고,0,0,0,1,차대차 - 기타,안전운전불이행,건조,맑음,교차로 - 교차로안,이륜,남,42세,부상신고,승용,남,62세,상해없음
2014080400100169,2014년 8월 4일 09시,월요일,울산광역시 울주군 범서읍,경상사고,0,0,1,0,차대차 - 추돌 - 주정차중,교차로운행방법위반,건조,맑음,교차로 - 교차로안,승용,남,52세,상해없음,자전거,남,13세,경상
2014080400100237,2014년 8월 4일 11시,월요일,울산광역시 남구 무거동,경상사고,0,0,3,0,차대차 - 측면직각충돌,교차로운행방법위반,건조,맑음,교차로 - 교차로안,승용,여,32세,경상,승용,남,51세,상해없음
2014080400100398,2014년 8월 4일 15시,월요일,울산광역시 중구 복산동,중상사고,0,1,4,0,차대차 - 측면직각충돌,안전운전불이행,건조,맑음,단일로 - 기타,승용,여,45세,경상,승용,남,34세,경상
2014080400100552,2014년 8월 4일 19시,월요일,울산광역시 남구 달동,경상사고,0,0,1,0,차대차 - 추돌 - 진행중,안전운전불이행,건조,맑음,단일로 - 기타,승용,남,24세,상해없음,이륜,남,36세,경상
2014080400100598,2014년 8월 4일 20시,월요일,울산광역시 북구 신천동,중상사고,0,1,0,1,차대사람 - 기타,안전운전불이행,건조,맑음,단일로 - 기타,자전거,남,31세,부상신고,보행자,여,58세,중상
2014080400100599,2014년 8월 4일 20시,월요일,울산광역시 남구 신정동,중상사고,0,1,0,0,차대사람 - 차도통행중,안전운전불이행,건조,맑음,교차로 - 교차로부근,이륜,남,18세,상해없음,보행자,남,54세,중상
2014080400100600,2014년 8월 4일 20시,월요일,울산광역시 동구 전하동,중상사고,0,1,0,0,차대차 - 기타,직진우회전진행방해,습기,흐림,교차로 - 교차로안,화물,남,43세,상해없음,이륜,남,39세,중상
2014080400100625,2014년 8월 4일 21시,월요일,울산광역시 북구 신천동,중상사고,0,1,0,0,차대차 - 측면직각충돌,안전운전불이행,습기,비,단일로 - 기타,승용,남,42세,상해없음,승용,남,56세,기타불명
2014080400100626,2014년 8월 4일 21시,월요일,울산광역시 남구 삼산동,경상사고,0,0,1,0,차대사람 - 차도통행중,안전운전불이행,습기,비,교차로 - 교차로안,승용,여,34세,상해없음,보행자,여,54세,경상
2014080400100672,2014년 8월 4일 23시,월요일,울산광역시 울주군 범서읍,경상사고,0,0,1,0,차대차 - 기타,중앙선침범,습기,비,단일로 - 기타,승용,남,32세,상해없음,승용,남,25세,경상
2014080500100057,2014년 8월 5일 02시,화요일,울산광역시 남구 신정동,경상사고,0,0,1,0,차대차 - 추돌 - 주정차중,안전운전불이행,건조,맑음,단일로 - 기타,승용,여,47세,상해없음,승용,남,50세,기타불명
2014080500100132,2014년 8월 5일 08시,화요일,울산광역시 북구 화봉동,중상사고,0,1,0,0,차량단독 - 공작물충돌,안전운전불이행,건조,맑음,단일로 - 기타,승용,여,52세,중상,,,,
2014080500100215,2014년 8월 5일 12시,화요일,울산광역시 울주군 두서면,중상사고,0,2,0,0,차대차 - 추돌 - 진행중,안전운전불이행,건조,맑음,단일로 - 기타,승용,여,48세,상해없음,승용,남,38세,중상
2014080500100317,2014년 8월 5일 14시,화요일,울산광역시 동구 화정동,경상사고,0,0,2,0,차대차 - 추돌 - 진행중,안전운전불이행,건조,맑음,교차로 - 교차로안,승용,남,57세,상해없음,승용,남,52세,경상
2014080500100353,2014년 8월 5일 15시,화요일,울산광역시 울주군 언양읍,부상신고사고,0,0,0,1,차대차 - 기타,안전운전불이행,건조,맑음,교차로 - 교차로안,자전거,남,19세,부상신고,승용,남,42세,상해없음
2014080500100469,2014년 8월 5일 18시,화요일,울산광역시 남구 무거동,경상사고,0,0,5,0,차대차 - 기타,안전운전불이행,건조,맑음,단일로 - 기타,승용,남,58세,상해없음,승합,남,40세,경상
2014080500100470,2014년 8월 5일 18시,화요일,울산광역시 울주군 웅촌면,부상신고사고,0,0,0,1,차대사람 - 기타,안전운전불이행,건조,맑음,단일로 - 기타,승용,남,43세,상해없음,보행자,여,9세,부상신고
2014080500100550,2014년 8월 5일 20시,화요일,울산광역시 남구 신정동,중상사고,0,1,0,0,차대사람 - 기타,안전운전불이행,건조,흐림,단일로 - 기타,승용,남,44세,상해없음,보행자,남,66세,중상
2014080500100629,2014년 8월 5일 23시,화요일,울산광역시 중구 태화동,중상사고,0,1,1,0,차대차 - 정면충돌,중앙선침범,건조,맑음,단일로 - 기타,승용,남,60세,경상,승용,여,41세,중상
2014080600100032,2014년 8월 6일 01시,수요일,울산광역시 울주군 범서읍,중상사고,0,1,0,0,차량단독 - 공작물충돌,안전운전불이행,건조,맑음,단일로 - 기타,승용,여,47세,중상,,,,
2014080600100049,2014년 8월 6일 03시,수요일,울산광역시 북구 진장동,경상사고,0,0,3,0,차대차 - 기타,안전운전불이행,건조,맑음,단일로 - 기타,승용,여,37세,경상,승용,남,22세,경상
2014080600100086,2014년 8월 6일 06시,수요일,울산광역시 동구 동부동,중상사고,0,1,0,0,차대차 - 측면직각충돌,교차로운행방법위반,건조,맑음,교차로 - 교차로안,승용,여,46세,상해없음,이륜,남,66세,중상
2014080600100158,2014년 8월 6일 09시,수요일,울산광역시 중구 학산동,중상사고,0,1,0,0,차대차 - 기타,안전운전불이행,건조,맑음,단일로 - 기타,자전거,남,54세,중상,승합,남,48세,상해없음
2014080600100159,2014년 8월 6일 09시,수요일,울산광역시 울주군 범서읍,경상사고,0,0,1,1,차대차 - 기타,안전운전불이행,건조,맑음,교차로 - 교차로부근,승용,여,35세,부상신고,승용,여,53세,경상
2014080600100183,2014년 8월 6일 10시,수요일,울산광역시 울주군 청량면,경상사고,0,0,1,0,차대차 - 기타,안전운전불이행,건조,맑음,교차로 - 교차로안,승용,남,56세,상해없음,승용,여,50세,경상
2014080600100211,2014년 8월 6일 11시,수요일,울산광역시 북구 신현동,중상사고,0,1,0,0,차대차 - 기타,안전운전불이행,건조,맑음,단일로 - 기타,승용,여,36세,상해없음,자전거,남,44세,중상
2014080600100458,2014년 8월 6일 18시,수요일,울산광역시 중구 유곡동,경상사고,0,0,2,0,차대차 - 측면직각충돌,교차로운행방법위반,건조,맑음,교차로 - 교차로안,승합,남,54세,상해없음,승용,여,44세,경상
2014080600100490,2014년 8월 6일 19시,수요일,울산광역시 울주군 온산읍,경상사고,0,0,3,1,차대차 - 추돌 - 진행중,안전거리미확보,건조,맑음,단일로 - 기타,승용,남,38세,부상신고,승용,남,32세,경상
2014080600100532,2014년 8월 6일 20시,수요일,울산광역시 울주군 서생면,중상사고,0,2,0,0,차대사람 - 횡단중,보행자보호의무위반,건조,맑음,단일로 - 기타,이륜,남,60세,기타불명,보행자,여,41세,중상
2014080600100599,2014년 8월 6일 22시,수요일,울산광역시 중구 장현동,경상사고,0,0,1,0,차대차 - 추돌 - 주정차중,안전운전불이행,건조,흐림,단일로 - 기타,승용,남,48세,상해없음,화물,남,53세,경상
2014080600100600,2014년 8월 6일 22시,수요일,울산광역시 북구 송정동,중상사고,0,1,0,0,차대사람 - 횡단중,신호위반,건조,맑음,교차로 - 교차로안,기타불명,기타불명,기타불명,기타불명,보행자,남,24세,중상
2014080600100620,2014년 8월 6일 23시,수요일,울산광역시 북구 명촌동,경상사고,0,0,2,0,차대차 - 추돌 - 진행중,안전거리미확보,건조,맑음,단일로 - 기타,승용,남,49세,상해없음,승용,남,30세,경상
2014080700100038,2014년 8월 7일 02시,목요일,울산광역시 북구 상안동,중상사고,0,1,0,0,차량단독 - 공작물충돌,안전운전불이행,습기,비,교차로 - 교차로부근,화물,남,52세,중상,,,,
2014080700100039,2014년 8월 7일 02시,목요일,울산광역시 남구 삼산동,경상사고,0,0,1,0,차대차 - 추돌 - 주정차중,안전운전불이행,건조,맑음,교차로 - 교차로부근,승용,여,35세,상해없음,승용,남,49세,경상
2014080700100040,2014년 8월 7일 02시,목요일,울산광역시 울주군 언양읍,부상신고사고,0,0,0,1,차량단독 - 공작물충돌,안전운전불이행,건조,맑음,교차로 - 교차로안,승용,남,44세,부상신고,,,,
2014080700100054,2014년 8월 7일 03시,목요일,울산광역시 중구 남외동,중상사고,0,1,0,0,차량단독 - 공작물충돌,안전운전불이행,건조,맑음,교차로 - 교차로안,이륜,남,41세,중상,,,,
2014080700100172,2014년 8월 7일 09시,목요일,울산광역시 중구 옥교동,부상신고사고,0,0,0,1,차대차 - 기타,신호위반,건조,맑음,단일로 - 기타,이륜,남,72세,부상신고,승용,여,35세,상해없음
2014080700100188,2014년 8월 7일 10시,목요일,울산광역시 남구 신정동,중상사고,0,1,0,0,차량단독 - 기타,기타,건조,맑음,교차로 - 교차로부근,승합,남,52세,상해없음,,,,
2014080700100246,2014년 8월 7일 12시,목요일,울산광역시 북구 진장동,경상사고,0,0,5,0,차대차 - 기타,안전거리미확보,건조,맑음,단일로 - 기타,승용,남,60세,상해없음,승용,남,28세,경상
2014080700100313,2014년 8월 7일 14시,목요일,울산광역시 북구 호계동,중상사고,0,1,3,0,차대차 - 측면직각충돌,직진우회전진행방해,건조,맑음,교차로 - 교차로안,승용,남,52세,상해없음,승용,남,50세,중상
2014080700100386,2014년 8월 7일 16시,목요일,울산광역시 남구 무거동,경상사고,0,0,2,0,차대차 - 기타,안전운전불이행,습기,비,단일로 - 기타,승용,여,46세,상해없음,승용,여,29세,경상
2014080700100387,2014년 8월 7일 16시,목요일,울산광역시 남구 달동,경상사고,0,0,1,0,차대차 - 추돌 - 진행중,안전운전불이행,습기,비,단일로 - 기타,승용,남,57세,상해없음,화물,남,66세,경상
2014080700100388,2014년 8월 7일 16시,목요일,울산광역시 울주군 상북면,중상사고,0,1,0,0,차량단독 - 공작물충돌,안전운전불이행,습기,비,단일로 - 기타,승합,남,36세,중상,,,,
2014080700100424,2014년 8월 7일 17시,목요일,울산광역시 중구 교동,경상사고,0,0,1,0,차대차 - 기타,안전거리미확보,습기,비,단일로 - 기타,기타불명,기타불명,기타불명,기타불명,원동기,남,19세,경상
2014080700100425,2014년 8월 7일 17시,목요일,울산광역시 남구 달동,경상사고,0,0,2,0,차대차 - 추돌 - 진행중,안전운전불이행,습기,비,교차로 - 교차로부근,승용,남,42세,상해없음,승용,남,32세,경상
2014080700100426,2014년 8월 7일 17시,목요일,울산광역시 울주군 온양읍,부상신고사고,0,0,0,1,차대차 - 기타,안전운전불이행,습기,비,교차로 - 교차로부근,원동기,남,18세,부상신고,승용,남,33세,상해없음
2014080700100573,2014년 8월 7일 21시,목요일,울산광역시 남구 신정동,경상사고,0,0,2,0,차대차 - 추돌 - 주정차중,안전운전불이행,습기,비,교차로 - 교차로부근,승용,남,25세,상해없음,승용,남,37세,경상
2014080700100574,2014년 8월 7일 21시,목요일,울산광역시 남구 신정동,경상사고,0,0,3,0,차대차 - 측면직각충돌,안전운전불이행,건조,맑음,단일로 - 기타,승용,여,66세,상해없음,승용,남,26세,경상
2014080700100614,2014년 8월 7일 22시,목요일,울산광역시 남구 신정동,경상사고,0,0,3,0,차대차 - 추돌 - 주정차중,안전운전불이행,건조,맑음,교차로 - 교차로부근,승용,남,57세,상해없음,승용,남,50세,경상
2014080800100071,2014년 8월 8일 04시,금요일,울산광역시 남구 신정동,중상사고,0,1,0,0,차대사람 - 횡단중,안전운전불이행,습기,비,교차로 - 교차로안,승용,남,44세,상해없음,보행자,남,47세,중상
2014080800100079,2014년 8월 8일 05시,금요일,울산광역시 남구 황성동,중상사고,0,2,1,0,차대차 - 기타,신호위반,습기,비,교차로 - 교차로안,화물,남,27세,상해없음,승합,남,36세,중상
2014080800100089,2014년 8월 8일 06시,금요일,울산광역시 남구 야음동,경상사고,0,0,1,0,차대차 - 기타,중앙선침범,습기,비,교차로 - 교차로안,승합,남,39세,상해없음,승용,남,53세,경상
2014080800100106,2014년 8월 8일 07시,금요일,울산광역시 남구 달동,경상사고,0,0,1,0,차대차 - 측면직각충돌,교차로운행방법위반,습기,맑음,교차로 - 교차로안,승합,남,33세,상해없음,승용,여,55세,경상