사고번호,사고일시,요일,시군구,사고내용,사망자수,중상자수,경상자수,부상신고자수,사고유형,법규위반,노면상태,기상상태,도로형태,가해운전자 차종,가해운전자 성별,가해운전자 연령,가해운전자 상해정도,피해운전자 차종,피해운전자 성별,피해운전자 연령,피해운전자 상해정도
2014091300100558,2014년 9월 13일 20시,토요일,울산광역시 울주군 온양읍,사망사고,1,0,0,0,차량단독 - 전도전복,안전운전불이행,기타,맑음,기타 - 기타,농기계,남,77세,사망,,,,
2014091300100578,2014년 9월 13일 21시,토요일,울산광역시 중구 남외동,경상사고,0,0,1,0,차대차 - 측면직각충돌,안전거리미확보,건조,맑음,단일로 - 기타,승용,남,61세,상해없음,이륜,남,16세,경상
2014091400100053,2014년 9월 14일 03시,일요일,울산광역시 남구 신정동,경상사고,0,0,1,0,차대사람 - 보도통행중,안전운전불이행,건조,맑음,교차로 - 교차로안,승용,남,56세,상해없음,보행자,남,22세,경상
2014091400100065,2014년 9월 14일 04시,일요일,울산광역시 남구 달동,경상사고,0,0,1,0,차대사람 - 기타,안전운전불이행,건조,맑음,교차로 - 교차로부근,승용,남,19세,상해없음,보행자,남,52세,경상
2014091400100104,2014년 9월 14일 07시,일요일,울산광역시 울주군 삼남면,중상사고,0,1,0,0,차대사람 - 기타,안전운전불이행,건조,맑음,교차로 - 교차로안,승용,남,75세,상해없음,보행자,여,62세,중상
2014091400100223,2014년 9월 14일 13시,일요일,울산광역시 북구 정자동,경상사고,0,0,1,0,차대사람 - 기타,안전운전불이행,건조,맑음,단일로 - 기타,화물,남,54세,상해없음,보행자,남,59세,경상
2014091400100276,2014년 9월 14일 15시,일요일,울산광역시 울주군 삼동면,사망사고,1,0,0,0,차량단독 - 전도전복,안전운전불이행,건조,맑음,단일로 - 기타,농기계,남,71세,사망,,,,
2014091400100351,2014년 9월 14일 17시,일요일,울산광역시 북구 염포동,중상사고,0,3,3,0,차대차 - 기타,안전운전불이행,건조,맑음,단일로 - 기타,승용,남,28세,상해없음,승용,여,27세,경상
2014091400100409,2014년 9월 14일 19시,일요일,울산광역시 남구 무거동,경상사고,0,0,1,0,차대차 - 기타,안전운전불이행,건조,맑음,교차로 - 교차로부근,이륜,남,36세,경상,승용,남,30세,상해없음
2014091400100426,2014년 9월 14일 20시,일요일,울산광역시 동구 일산동,경상사고,0,0,2,0,차대사람 - 기타,안전운전불이행,건조,맑음,단일로 - 기타,이륜,기타불명,기타불명,기타불명,보행자,남,61세,경상
2014091400100471,2014년 9월 14일 22시,일요일,울산광역시 남구 무거동,중상사고,0,1,3,0,차량단독 - 공작물충돌,안전운전불이행,건조,맑음,교차로 - 교차로부근,승합,남,32세,상해없음,,,,
2014091400100487,2014년 9월 14일 23시,일요일,울산광역시 북구 신천동,중상사고,0,1,0,1,차대차 - 기타,신호위반,건조,맑음,교차로 - 교차로안,특수,남,27세,부상신고,승용,남,36세,중상
2014091500100066,2014년 9월 15일 07시,월요일,울산광역시 북구 신천동,중상사고,0,1,2,0,차대차 - 추돌 - 진행중,안전거리미확보,건조,맑음,단일로 - 기타,승용,남,29세,상해없음,승합,여,37세,중상
2014091500100067,2014년 9월 15일 07시,월요일,울산광역시 남구 무거동,경상사고,0,0,1,0,차대차 - 정면충돌,신호위반,건조,맑음,교차로 - 교차로안,승용,남,29세,상해없음,승용,남,28세,경상
2014091500100141,2014년 9월 15일 09시,월요일,울산광역시 남구 무거동,경상사고,0,0,2,0,차대차 - 기타,안전운전불이행,건조,맑음,단일로 - 기타,건설기계,남,36세,기타불명,승용,여,41세,경상
2014091500100142,2014년 9월 15일 09시,월요일,울산광역시 동구 서부동,경상사고,0,0,2,2,차대차 - 추돌 - 진행중,안전운전불이행,건조,맑음,단일로 - 기타,화물,남,66세,상해없음,승용,여,35세,부상신고
2014091500100198,2014년 9월 15일 11시,월요일,울산광역시 울주군 언양읍,경상사고,0,0,1,0,차대차 - 추돌 - 진행중,안전거리미확보,건조,맑음,단일로 - 기타,원동기,남,16세,경상,화물,남,62세,상해없음
2014091500100345,2014년 9월 15일 16시,월요일,울산광역시 울주군 온산읍,중상사고,0,1,0,0,차대차 - 추돌 - 진행중,교차로운행방법위반,건조,맑음,교차로 - 교차로안,승용,남,44세,상해없음,승용,여,27세,중상
2014091500100382,2014년 9월 15일 17시,월요일,울산광역시 중구 학산동,경상사고,0,0,1,0,차대사람 - 횡단중,안전운전불이행,건조,맑음,교차로 - 교차로부근,특수,남,43세,상해없음,보행자,남,82세,경상
2014091500100383,2014년 9월 15일 17시,월요일,울산광역시 남구 달동,경상사고,0,0,2,0,차대차 - 측면직각충돌,안전운전불이행,건조,맑음,교차로 - 교차로안,승용,여,55세,상해없음,승용,남,76세,상해없음
2014091500100433,2014년 9월 15일 18시,월요일,울산광역시 남구 신정동,경상사고,0,0,1,0,차대차 - 기타,안전거리미확보,건조,맑음,교차로 - 교차로안,승합,남,44세,상해없음,승용,여,56세,경상
2014091500100474,2014년 9월 15일 19시,월요일,울산광역시 동구 화정동,중상사고,0,1,0,0,차대차 - 측면직각충돌,신호위반,건조,맑음,단일로 - 기타,승용,여,62세,상해없음,이륜,남,41세,중상
2014091500100507,2014년 9월 15일 20시,월요일,울산광역시 북구 명촌동,경상사고,0,0,1,0,차대차 - 측면직각충돌,교차로운행방법위반,건조,맑음,교차로 - 교차로안,승용,남,49세,상해없음,이륜,남,37세,경상
2014091500100508,2014년 9월 15일 20시,월요일,울산광역시 남구 무거동,중상사고,0,1,1,1,차대차 - 기타,안전운전불이행,건조,맑음,단일로 - 기타,승용,남,58세,경상,승용,남,61세,부상신고
2014091600100020,2014년 9월 16일 00시,화요일,울산광역시 중구 남외동,경상사고,0,0,2,0,차대차 - 추돌 - 주정차중,안전운전불이행,건조,맑음,교차로 - 교차로부근,화물,남,43세,상해없음,승용,남,62세,경상
2014091600100021,2014년 9월 16일 00시,화요일,울산광역시 남구 무거동,중상사고,0,1,0,0,차대사람 - 횡단중,안전운전불이행,건조,맑음,교차로 - 교차로안,화물,여,51세,상해없음,보행자,남,26세,중상
2014091600100053,2014년 9월 16일 03시,화요일,울산광역시 남구 달동,중상사고,0,1,0,0,차대사람 - 횡단중,안전운전불이행,건조,맑음,단일로 - 기타,승용,여,59세,상해없음,보행자,여,15세,중상
2014091600100054,2014년 9월 16일 03시,화요일,울산광역시 울주군 온양읍,중상사고,0,1,0,1,차량단독 - 공작물충돌,안전운전불이행,건조,맑음,단일로 - 기타,승용,남,24세,부상신고,,,,
2014091600100110,2014년 9월 16일 07시,화요일,울산광역시 중구 복산동,경상사고,0,0,1,0,차대차 - 측면직각충돌,안전운전불이행,건조,맑음,단일로 - 기타,승용,남,71세,상해없음,이륜,남,33세,경상
2014091600100208,2014년 9월 16일 10시,화요일,울산광역시 동구 방어동,경상사고,0,0,1,0,차대사람 - 기타,신호위반,건조,맑음,교차로 - 교차로안,화물,남,61세,상해없음,보행자,여,55세,경상
2014091600100249,2014년 9월 16일 12시,화요일,울산광역시 동구 일산동,경상사고,0,0,1,0,차대차 - 측면직각충돌,안전운전불이행,건조,맑음,교차로 - 교차로안,승용,여,38세,상해없음,이륜,여,45세,경상
2014091600100438,2014년 9월 16일 18시,화요일,울산광역시 중구 우정동,중상사고,0,1,1,0,차대차 - 추돌 - 주정차중,안전운전불이행,건조,맑음,단일로 - 기타,승용,남,52세,상해없음,승용,남,33세,중상
2014091600100499,2014년 9월 16일 20시,화요일,울산광역시 북구 화봉동,경상사고,0,0,1,0,차대차 - 기타,신호위반,건조,흐림,교차로 - 교차로안,승용,여,27세,상해없음,승용,남,58세,경상
2014091600100554,2014년 9월 16일 22시,화요일,울산광역시 남구 신정동,경상사고,0,0,1,0,차대사람 - 기타,안전운전불이행,건조,맑음,단일로 - 기타,승용,남,25세,상해없음,보행자,여,51세,경상
2014091600100555,2014년 9월 16일 22시,화요일,울산광역시 남구 선암동,경상사고,0,0,1,0,차대차 - 추돌 - 주정차중,안전운전불이행,건조,맑음,교차로 - 교차로부근,승용,여,59세,상해없음,승용,남,44세,경상
2014091700100030,2014년 9월 17일 01시,수요일,울산광역시 남구 신정동,경상사고,0,0,1,0,차대차 - 추돌 - 주정차중,안전운전불이행,건조,맑음,단일로 - 기타,승용,남,24세,상해없음,승용,남,26세,경상
2014091700100031,2014년 9월 17일 01시,수요일,울산광역시 남구 옥동,경상사고,0,0,1,0,차대차 - 측면직각충돌,신호위반,건조,맑음,교차로 - 교차로부근,승용,남,57세,상해없음,승용,남,29세,경상
2014091700100052,2014년 9월 17일 03시,수요일,울산광역시 남구 무거동,중상사고,0,2,0,0,차대차 - 기타,안전운전불이행,건조,맑음,교차로 - 교차로부근,원동기,남,14세,중상,승용,기타불명,기타불명,기타불명
2014091700100091,2014년 9월 17일 06시,수요일,울산광역시 동구 방어동,경상사고,0,0,1,0,차대차 - 기타,신호위반,건조,흐림,교차로 - 교차로안,승용,남,58세,상해없음,이륜,남,37세,경상
2014091700100155,2014년 9월 17일 08시,수요일,울산광역시 남구 무거동,경상사고,0,0,1,0,차대차 - 기타,안전거리미확보,건조,맑음,교차로 - 교차로안,승합,남,60세,상해없음,승용,남,41세,경상
2014091700100177,2014년 9월 17일 09시,수요일,울산광역시 북구 명촌동,경상사고,0,0,1,0,차량단독 - 기타,기타,건조,맑음,단일로 - 기타,승합,남,50세,상해없음,,,,
2014091700100198,2014년 9월 17일 10시,수요일,울산광역시 울주군 청량면,중상사고,0,4,2,0,차대차 - 측면직각충돌,교차로운행방법위반,습기,비,교차로 - 교차로안,화물,남,45세,경상,승용,남,59세,중상
2014091700100350,2014년 9월 17일 15시,수요일,울산광역시 울주군 언양읍,경상사고,0,0,1,0,차대사람 - 횡단중,안전운전불이행,건조,맑음,교차로 - 교차로부근,승용,여,56세,상해없음,보행자,남,19세,경상
2014091700100428,2014년 9월 17일 17시,수요일,울산광역시 북구 염포동,경상사고,0,0,1,0,차대차 - 기타,불법유턴,건조,맑음,단일로 - 기타,승용,여,39세,상해없음,이륜,남,31세,경상
2014091700100429,2014년 9월 17일 17시,수요일,울산광역시 울주군 언양읍,경상사고,0,0,1,0,차대차 - 추돌 - 진행중,차로위반,건조,맑음,교차로 - 교차로부근,승용,남,56세,상해없음,승용,남,58세,상해없음
2014091700100430,2014년 9월 17일 17시,수요일,울산광역시 울주군 청량면,경상사고,0,0,2,0,차대차 - 기타,중앙선침범,건조,맑음,단일로 - 기타,이륜,남,29세,경상,승용,여,64세,경상
2014091700100488,2014년 9월 17일 18시,수요일,울산광역시 북구 매곡동,중상사고,0,1,1,0,차대차 - 기타,안전거리미확보,건조,맑음,단일로 - 기타,승용,남,52세,상해없음,승용,여,30세,중상
2014091700100635,2014년 9월 17일 22시,수요일,울산광역시 남구 여천동,경상사고,0,0,2,0,차대차 - 추돌 - 주정차중,안전거리미확보,건조,흐림,교차로 - 교차로부근,승용,남,38세,상해없음,승용,남,54세,경상
2014091700100636,2014년 9월 17일 22시,수요일,울산광역시 동구 방어동,경상사고,0,0,1,0,차대사람 - 횡단중,보행자보호의무위반,건조,맑음,단일로 - 기타,승용,남,54세,상해없음,보행자,남,36세,경상
2014091700100661,2014년 9월 17일 23시,수요일,울산광역시 중구 반구동,경상사고,0,0,1,0,차대사람 - 기타,안전운전불이행,건조,흐림,단일로 - 기타,승용,남,23세,상해없음,보행자,남,34세,경상
2014091800100009,2014년 9월 18일 00시,목요일,울산광역시 울주군 언양읍,부상신고사고,0,0,0,1,차대사람 - 기타,안전운전불이행,건조,맑음,기타 - 기타,승용,남,46세,상해없음,보행자,남,25세,부상신고
2014091800100016,2014년 9월 18일 00시,목요일,울산광역시 울주군 청량면,중상사고,0,1,0,0,차대사람 - 기타,안전운전불이행,건조,흐림,단일로 - 기타,승용,남,55세,상해없음,보행자,남,40세,중상
2014091800100082,2014년 9월 18일 06시,목요일,울산광역시 북구 상안동,중상사고,0,2,0,0,차대차 - 기타,안전운전불이행,기타,맑음,단일로 - 기타,자전거,남,51세,중상,자전거,남,49세,중상
2014091800100177,2014년 9월 18일 09시,목요일,울산광역시 남구 옥동,중상사고,0,1,2,0,차대차 - 추돌 - 주정차중,안전운전불이행,건조,맑음,교차로 - 교차로부근,화물,남,77세,상해없음,승용,남,34세,경상
2014091800100178,2014년 9월 18일 09시,목요일,울산광역시 북구 산하동,중상사고,0,1,0,0,차대사람 - 기타,안전운전불이행,건조,맑음,단일로 - 기타,승용,여,54세,상해없음,보행자,남,33세,중상
2014091800100179,2014년 9월 18일 09시,목요일,울산광역시 울주군 온산읍,경상사고,0,0,1,1,차대차 - 측면직각충돌,신호위반,건조,맑음,교차로 - 교차로안,화물,남,60세,부상신고,화물,남,62세,경상
2014091800100180,2014년 9월 18일 09시,목요일,울산광역시 울주군 언양읍,중상사고,0,1,0,0,차대사람 - 기타,보행자보호의무위반,건조,맑음,교차로 - 교차로안,승용,여,34세,상해없음,보행자,여,74세,중상
2014091800100212,2014년 9월 18일 10시,목요일,울산광역시 울주군 온산읍,경상사고,0,0,1,0,차대차 - 기타,안전운전불이행,건조,맑음,단일로 - 기타,승합,남,66세,상해없음,이륜,남,75세,경상
2014091800100255,2014년 9월 18일 12시,목요일,울산광역시 동구 화정동,경상사고,0,0,1,0,차대차 - 정면충돌,교차로운행방법위반,건조,맑음,교차로 - 교차로안,이륜,남,34세,상해없음,승용,남,46세,상해없음
2014091800100256,2014년 9월 18일 12시,목요일,울산광역시 울주군 온산읍,중상사고,0,1,1,1,차대차 - 추돌 - 진행중,안전거리미확보,건조,맑음,교차로 - 교차로부근,승용,남,51세,부상신고,승용,남,29세,중상
2014091800100351,2014년 9월 18일 15시,목요일,울산광역시 북구 무룡동,경상사고,0,0,2,0,차대차 - 측면직각충돌,안전운전불이행,건조,맑음,단일로 - 기타,이륜,남,69세,경상,승용,남,35세,상해없음
2014091800100352,2014년 9월 18일 15시,목요일,울산광역시 남구 야음동,중상사고,0,1,0,0,차대사람 - 기타,안전운전불이행,건조,맑음,단일로 - 기타,승용,남,58세,상해없음,보행자,남,66세,중상
2014091800100396,2014년 9월 18일 16시,목요일,울산광역시 남구 야음동,경상사고,0,0,1,0,차대사람 - 횡단중,안전운전불이행,건조,맑음,교차로 - 교차로부근,승합,남,65세,상해없음,보행자,남,6세,경상
2014091800100430,2014년 9월 18일 17시,목요일,울산광역시 동구 동부동,경상사고,0,0,1,0,차대사람 - 기타,안전운전불이행,건조,맑음,단일로 - 기타,기타불명,기타불명,기타불명,기타불명,보행자,여,7세,경상
2014091900100089,2014년 9월 19일 06시,금요일,울산광역시 북구 어물동,중상사고,0,4,8,2,차대차 - 측면직각충돌,안전운전불이행,건조,맑음,단일로 - 기타,승합,남,56세,상해없음,승용,남,49세,경상
2014091900100134,2014년 9월 19일 07시,금요일,울산광역시 남구 야음동,경상사고,0,0,5,0,차대차 - 측면직각충돌,안전거리미확보,건조,맑음,단일로 - 기타,승용,여,34세,상해없음,승용,남,66세,경상
2014091900100135,2014년 9월 19일 07시,금요일,울산광역시 울주군 온산읍,경상사고,0,0,3,0,차대차 - 측면직각충돌,안전운전불이행,건조,맑음,단일로 - 기타,건설기계,남,47세,상해없음,승용,남,53세,경상
2014091900100238,2014년 9월 19일 10시,금요일,울산광역시 남구 달동,경상사고,0,0,4,0,차대차 - 측면직각충돌,교차로운행방법위반,건조,맑음,교차로 - 교차로안,승용,남,71세,경상,승용,남,44세,경상
2014091900100329,2014년 9월 19일 13시,금요일,울산광역시 중구 학성동,경상사고,0,0,1,0,차대사람 - 기타,안전운전불이행,건조,맑음,교차로 - 교차로안,승용,남,46세,상해없음,보행자,남,65세,경상
2014091900100330,2014년 9월 19일 13시,금요일,울산광역시 남구 야음동,경상사고,0,0,1,0,차대사람 - 기타,중앙선침범,기타,맑음,단일로 - 기타,이륜,남,52세,상해없음,보행자,남,60세,경상
2014091900100361,2014년 9월 19일 14시,금요일,울산광역시 남구 야음동,경상사고,0,0,1,0,차대차 - 측면직각충돌,안전거리미확보,건조,맑음,단일로 - 기타,승용,남,58세,상해없음,이륜,남,49세,경상
2014091900100480,2014년 9월 19일 17시,금요일,울산광역시 중구 복산동,경상사고,0,0,1,0,차대차 - 추돌 - 주정차중,안전거리미확보,건조,맑음,교차로 - 교차로부근,승용,남,49세,상해없음,승용,여,42세,경상
2014091900100591,2014년 9월 19일 19시,금요일,울산광역시 북구 달천동,중상사고,0,1,0,0,차대차 - 측면직각충돌,신호위반,건조,흐림,교차로 - 교차로안,승합,여,60세,상해없음,이륜,남,31세,중상
2014091900100592,2014년 9월 19일 19시,금요일,울산광역시 동구 방어동,중상사고,0,1,0,0,차대차 - 측면직각충돌,기타,건조,맑음,단일로 - 기타,승용,남,55세,상해없음,이륜,남,52세,중상
2014091900100627,2014년 9월 19일 20시,금요일,울산광역시 울주군 범서읍,경상사고,0,0,1,1,차대차 - 기타,직진우회전진행방해,건조,맑음,교차로 - 교차로안,승용,남,58세,상해없음,승용,여,26세,부상신고
2014091900100706,2014년 9월 19일 22시,금요일,울산광역시 동구 일산동,경상사고,0,0,1,0,차대차 - 기타,안전운전불이행,건조,맑음,단일로 - 기타,승합,남,46세,상해없음,이륜,남,40세,경상
2014091900100707,2014년 9월 19일 22시,금요일,울산광역시 울주군 온산읍,경상사고,0,0,1,0,차대차 - 측면직각충돌,안전운전불이행,건조,맑음,교차로 - 교차로부근,승용,남,26세,상해없음,승용,여,45세,경상
2014091900100708,2014년 9월 19일 22시,금요일,울산광역시 울주군 온양읍,중상사고,0,1,0,0,차대차 - 기타,중앙선침범,건조,맑음,단일로 - 기타,승용,남,59세,상해없음,이륜,남,17세,중상
2014092000100025,2014년 9월 20일 00시,토요일,울산광역시 남구 삼산동,중상사고,0,1,0,0,차대사람 - 횡단중,안전운전불이행,건조,맑음,교차로 - 교차로부근,승용,여,20세,상해없음,보행자,남,30세,중상
2014092000100071,2014년 9월 20일 02시,토요일,울산광역시 북구 연암동,부상신고사고,0,0,0,1,차량단독 - 공작물충돌,안전운전불이행,건조,맑음,단일로 - 기타,승용,남,24세,부상신고,,,,
2014092000100072,2014년 9월 20일 02시,토요일,울산광역시 중구 복산동,경상사고,0,0,1,0,차대차 - 추돌 - 진행중,안전운전불이행,건조,맑음,단일로 - 기타,승용,남,41세,상해없음,승용,여,40세,경상
2014092000100073,2014년 9월 20일 02시,토요일,울산광역시 동구 방어동,중상사고,0,1,1,0,차대차 - 기타,신호위반,건조,맑음,교차로 - 교차로안,승용,남,32세,상해없음,승용,남,52세,중상
2014092000100117,2014년 9월 20일 05시,토요일,울산광역시 남구 용연동,경상사고,0,0,1,0,차대차 - 정면충돌,신호위반,건조,맑음,교차로 - 교차로안,승용,남,57세,상해없음,승용,남,64세,경상
2014092000100223,2014년 9월 20일 09시,토요일,울산광역시 남구 여천동,중상사고,0,2,0,0,차대차 - 추돌 - 주정차중,안전운전불이행,건조,맑음,교차로 - 교차로부근,승용,남,30세,상해없음,승용,남,54세,중상
2014092000100224,2014년 9월 20일 09시,토요일,울산광역시 울주군 상북면,부상신고사고,0,0,0,1,차대차 - 추돌 - 진행중,중앙선침범,건조,맑음,단일로 - 기타,승용,여,55세,부상신고,특수,남,52세,상해없음
2014092000100225,2014년 9월 20일 09시,토요일,울산광역시 울주군 청량면,중상사고,0,1,0,0,차대차 - 기타,안전운전불이행,건조,맑음,단일로 - 기타,자전거,남,18세,중상,승용,남,41세,상해없음
2014092000100417,2014년 9월 20일 14시,토요일,울산광역시 북구 연암동,경상사고,0,0,2,1,차대차 - 기타,교차로운행방법위반,건조,맑음,교차로 - 교차로안,승용,남,58세,경상,승용,여,67세,경상
2014092000100418,2014년 9월 20일 14시,토요일,울산광역시 동구 주전동,경상사고,0,0,1,0,차대사람 - 기타,안전운전불이행,건조,맑음,단일로 - 기타,승용,남,61세,상해없음,보행자,남,56세,경상
2014092000100459,2014년 9월 20일 15시,토요일,울산광역시 남구 신정동,중상사고,0,1,2,0,차대차 - 기타,차로위반,건조,맑음,교차로 - 교차로부근,화물,남,43세,상해없음,승용,남,49세,중상
2014092000100487,2014년 9월 20일 16시,토요일,울산광역시 남구 삼산동,중상사고,0,1,2,0,차대차 - 측면직각충돌,직진우회전진행방해,건조,맑음,교차로 - 교차로안,승용,남,53세,상해없음,승용,남,70세,중상
2014092000100488,2014년 9월 20일 16시,토요일,울산광역시 울주군 온양읍,부상신고사고,0,0,0,1,차량단독 - 기타,안전운전불이행,건조,맑음,단일로 - 기타,화물,남,26세,상해없음,,,,
2014092000100533,2014년 9월 20일 17시,토요일,울산광역시 북구 화봉동,경상사고,0,0,1,0,차대사람 - 기타,안전운전불이행,건조,맑음,교차로 - 교차로부근,승용,남,46세,상해없음,보행자,남,47세,경상
2014092000100575,2014년 9월 20일 18시,토요일,울산광역시 북구 양정동,경상사고,0,0,1,0,차대차 - 기타,안전운전불이행,건조,맑음,단일로 - 기타,승용,남,53세,상해없음,승용,남,41세,경상
2014092000100586,2014년 9월 20일 19시,토요일,울산광역시 울주군 범서읍,경상사고,0,0,3,0,차대차 - 추돌 - 진행중,안전거리미확보,건조,맑음,단일로 - 기타,승용,남,27세,상해없음,승용,남,27세,경상
2014092000100626,2014년 9월 20일 19시,토요일,울산광역시 북구 송정동,경상사고,0,0,2,0,차대차 - 측면직각충돌,안전운전불이행,건조,맑음,단일로 - 기타,화물,남,63세,경상,승용,여,54세,경상
2014092000100659,2014년 9월 20일 20시,토요일,울산광역시 남구 무거동,중상사고,0,1,0,0,차대차 - 기타,신호위반,기타,기타,단일로 - 기타,승용,남,72세,상해없음,자전거,남,20세,중상
2014092000100660,2014년 9월 20일 20시,토요일,울산광역시 울주군 온양읍,경상사고,0,0,2,1,차대차 - 정면충돌,교차로운행방법위반,건조,맑음,교차로 - 교차로안,화물,남,64세,기타불명,화물,남,30세,경상
2014092000100698,2014년 9월 20일 21시,토요일,울산광역시 동구 동부동,경상사고,0,0,8,0,차대차 - 기타,안전운전불이행,건조,맑음,단일로 - 기타,승용,남,63세,상해없음,승용,남,57세,경상
2014092000100731,2014년 9월 20일 22시,토요일,울산광역시 중구 북정동,경상사고,0,0,1,0,차대차 - 측면직각충돌,중앙선침범,건조,맑음,미분류 - 미분류,이륜,남,16세,상해없음,승용,남,48세,상해없음
2014092000100761,2014년 9월 20일 23시,토요일,울산광역시 북구 화봉동,경상사고,0,0,5,0,차대차 - 추돌 - 진행중,안전운전불이행,건조,맑음,단일로 - 기타,승용,남,26세,상해없음,승용,남,42세,경상
2014092100100026,2014년 9월 21일 00시,일요일,울산광역시 중구 태화동,중상사고,0,1,0,0,차대차 - 측면직각충돌,안전운전불이행,건조,맑음,단일로 - 기타,화물,남,41세,중상,이륜,남,45세,기타불명
2014092100100055,2014년 9월 21일 02시,일요일,울산광역시 남구 삼산동,중상사고,0,2,0,0,차대사람 - 기타,보행자보호의무위반,기타,기타,교차로 - 교차로안,승용,남,51세,상해없음,보행자,남,29세,중상
2014092100100056,2014년 9월 21일 02시,일요일,울산광역시 남구 신정동,중상사고,0,1,0,0,차량단독 - 전도전복,안전운전불이행,건조,맑음,단일로 - 교량,원동기,남,19세,상해없음,,,,
2014092100100080,2014년 9월 21일 04시,일요일,울산광역시 중구 반구동,사망사고,1,0,0,0,차대차 - 측면직각충돌,신호위반,건조,맑음,교차로 - 교차로안,이륜,남,21세,사망,승용,남,60세,상해없음
2014092100100106,2014년 9월 21일 06시,일요일,울산광역시 북구 연암동,중상사고,0,1,0,0,차량단독 - 전도전복,안전운전불이행,건조,맑음,단일로 - 기타,승용,남,35세,중상,,,,
2014092100100141,2014년 9월 21일 08시,일요일,울산광역시 울주군 청량면,중상사고,0,2,0,0,차대차 - 기타,안전운전불이행,건조,맑음,단일로 - 기타,화물,남,73세,상해없음,승용,남,47세,중상
2014092100100180,2014년 9월 21일 10시,일요일,울산광역시 중구 학산동,경상사고,0,0,1,0,차대사람 - 기타,안전운전불이행,건조,맑음,단일로 - 기타,승합,남,39세,상해없음,보행자,남,58세,경상
2014092100100202,2014년 9월 21일 11시,일요일,울산광역시 남구 두왕동,경상사고,0,0,1,0,차대차 - 기타,안전운전불이행,건조,맑음,교차로 - 교차로부근,이륜,남,43세,상해없음,이륜,남,38세,경상
2014092100100218,2014년 9월 21일 12시,일요일,울산광역시 남구 야음동,경상사고,0,0,1,0,차대차 - 기타,중앙선침범,건조,맑음,교차로 - 교차로부근,자전거,남,60세,경상,승용,남,28세,상해없음
2014092100100219,2014년 9월 21일 12시,일요일,울산광역시 동구 전하동,경상사고,0,0,1,0,차대차 - 측면직각충돌,교차로운행방법위반,건조,맑음,교차로 - 교차로안,승용,여,60세,상해없음,자전거,여,14세,경상
2014092100100328,2014년 9월 21일 15시,일요일,울산광역시 중구 남외동,경상사고,0,0,1,0,차대차 - 추돌 - 진행중,안전거리미확보,건조,맑음,교차로 - 교차로부근,승용,남,51세,상해없음,승용,여,58세,경상
2014092100100359,2014년 9월 21일 16시,일요일,울산광역시 남구 무거동,경상사고,0,0,2,0,차량단독 - 공작물충돌,안전운전불이행,건조,맑음,기타 - 기타,승용,여,56세,상해없음,,,,
2014092100100386,2014년 9월 21일 17시,일요일,울산광역시 남구 야음동,중상사고,0,1,0,0,차대차 - 기타,교차로운행방법위반,건조,맑음,교차로 - 교차로안,승용,남,28세,상해없음,이륜,남,40세,중상
2014092100100498,2014년 9월 21일 20시,일요일,울산광역시 북구 염포동,경상사고,0,0,1,0,차대차 - 측면직각충돌,중앙선침범,건조,맑음,단일로 - 기타,승용,남,30세,상해없음,이륜,남,30세,경상
2014092100100530,2014년 9월 21일 21시,일요일,울산광역시 중구 남외동,중상사고,0,1,1,0,차대차 - 정면충돌,중앙선침범,건조,맑음,단일로 - 기타,이륜,남,24세,경상,자전거,남,16세,중상
2014092100100531,2014년 9월 21일 21시,일요일,울산광역시 남구 무거동,경상사고,0,0,1,0,차대차 - 기타,안전운전불이행,건조,흐림,교차로 - 교차로안,승용,남,42세,상해없음,승용,남,31세,경상
2014092200100014,2014년 9월 22일 00시,월요일,울산광역시 북구 양정동,중상사고,0,1,1,0,차대차 - 추돌 - 진행중,안전운전불이행,건조,맑음,단일로 - 기타,이륜,남,16세,상해없음,승용,남,62세,경상
2014092200100016,2014년 9월 22일 01시,월요일,울산광역시 울주군 웅촌면,경상사고,0,0,1,1,차대차 - 추돌 - 주정차중,안전거리미확보,건조,맑음,교차로 - 교차로부근,화물,남,36세,상해없음,승용,남,44세,부상신고
2014092200100041,2014년 9월 22일 05시,월요일,울산광역시 동구 화정동,중상사고,0,1,1,0,차대차 - 측면직각충돌,신호위반,건조,맑음,교차로 - 교차로안,이륜,남,16세,중상,승용,남,32세,경상
2014092200100088,2014년 9월 22일 07시,월요일,울산광역시 북구 명촌동,중상사고,0,1,0,0,차대차 - 기타,안전거리미확보,건조,맑음,단일로 - 교량,건설기계,남,48세,상해없음,승용,여,42세,중상
2014092200100131,2014년 9월 22일 08시,월요일,울산광역시 중구 태화동,중상사고,0,1,2,0,차대차 - 추돌 - 주정차중,안전운전불이행,건조,맑음,단일로 - 기타,승용,남,30세,상해없음,승용,여,34세,경상
2014092200100132,2014년 9월 22일 08시,월요일,울산광역시 울주군 온산읍,중상사고,0,1,0,0,차대사람 - 횡단중,안전운전불이행,건조,맑음,교차로 - 교차로부근,승용,남,28세,상해없음,보행자,남,53세,중상
2014092200100166,2014년 9월 22일 09시,월요일,울산광역시 남구 삼산동,경상사고,0,0,1,0,차대사람 - 횡단중,안전운전불이행,건조,맑음,교차로 - 교차로부근,승용,남,22세,상해없음,보행자,남,52세,경상
2014092200100167,2014년 9월 22일 09시,월요일,울산광역시 북구 양정동,경상사고,0,0,1,0,차대차 - 측면직각충돌,안전운전불이행,건조,맑음,단일로 - 횡단보도부근,화물,남,48세,상해없음,자전거,남,57세,경상