사고번호,사고일시,요일,시군구,사고내용,사망자수,중상자수,경상자수,부상신고자수,사고유형,법규위반,노면상태,기상상태,도로형태,가해운전자 차종,가해운전자 성별,가해운전자 연령,가해운전자 상해정도,피해운전자 차종,피해운전자 성별,피해운전자 연령,피해운전자 상해정도
2014101600100299,2014년 10월 16일 12시,목요일,울산광역시 북구 명촌동,중상사고,0,1,1,0,차대차 - 추돌 - 주정차중,안전운전불이행,건조,맑음,단일로 - 기타,승용,남,58세,상해없음,승용,남,25세,경상
2014101600100324,2014년 10월 16일 13시,목요일,울산광역시 중구 학성동,경상사고,0,0,2,0,차대차 - 기타,신호위반,건조,맑음,교차로 - 교차로안,승용,여,47세,상해없음,이륜,남,70세,경상
2014101600100357,2014년 10월 16일 14시,목요일,울산광역시 남구 신정동,경상사고,0,0,1,0,차대차 - 기타,안전운전불이행,건조,맑음,단일로 - 기타,승용,남,75세,상해없음,이륜,남,28세,경상
2014101600100454,2014년 10월 16일 16시,목요일,울산광역시 중구 복산동,중상사고,0,1,0,0,차대사람 - 보도통행중,기타,건조,맑음,단일로 - 기타,승용,여,42세,상해없음,보행자,여,52세,중상
2014101600100455,2014년 10월 16일 16시,목요일,울산광역시 남구 삼산동,경상사고,0,0,1,0,차대차 - 측면직각충돌,안전거리미확보,건조,맑음,단일로 - 기타,자전거,남,16세,경상,승용,남,55세,상해없음
2014101600100456,2014년 10월 16일 16시,목요일,울산광역시 남구 신정동,경상사고,0,0,1,0,차대차 - 기타,안전운전불이행,건조,맑음,교차로 - 교차로안,승합,여,54세,상해없음,자전거,남,7세,경상
2014101600100457,2014년 10월 16일 16시,목요일,울산광역시 울주군 서생면,경상사고,0,0,1,0,차대사람 - 기타,안전운전불이행,건조,맑음,단일로 - 기타,기타불명,기타불명,기타불명,기타불명,보행자,남,80세,경상
2014101600100502,2014년 10월 16일 17시,목요일,울산광역시 북구 매곡동,중상사고,0,1,0,0,차량단독 - 기타,안전운전불이행,건조,맑음,단일로 - 기타,자전거,남,13세,중상,,,,
2014101600100559,2014년 10월 16일 18시,목요일,울산광역시 북구 호계동,경상사고,0,0,1,0,차대차 - 추돌 - 주정차중,안전운전불이행,건조,맑음,교차로 - 교차로부근,화물,남,59세,경상,승합,남,39세,상해없음
2014101600100597,2014년 10월 16일 19시,목요일,울산광역시 남구 무거동,경상사고,0,0,1,0,차대차 - 기타,안전거리미확보,건조,맑음,단일로 - 기타,승용,여,55세,상해없음,승용,여,33세,경상
2014101600100624,2014년 10월 16일 20시,목요일,울산광역시 남구 삼산동,부상신고사고,0,0,0,1,차대사람 - 횡단중,안전운전불이행,건조,맑음,단일로 - 기타,승용,기타불명,기타불명,기타불명,보행자,여,27세,부상신고
2014101600100625,2014년 10월 16일 20시,목요일,울산광역시 동구 방어동,경상사고,0,0,1,0,차대사람 - 횡단중,안전운전불이행,건조,맑음,단일로 - 횡단보도상,이륜,남,20세,상해없음,보행자,남,58세,경상
2014101600100626,2014년 10월 16일 20시,목요일,울산광역시 울주군 서생면,경상사고,0,0,1,1,차대차 - 정면충돌,중앙선침범,건조,맑음,단일로 - 기타,화물,남,58세,상해없음,승합,남,59세,부상신고
2014101600100652,2014년 10월 16일 21시,목요일,울산광역시 남구 삼산동,중상사고,0,1,0,0,차대차 - 기타,차로위반,건조,맑음,교차로 - 교차로부근,승합,남,53세,상해없음,승용,남,27세,상해없음
2014101600100653,2014년 10월 16일 21시,목요일,울산광역시 동구 방어동,경상사고,0,0,1,0,차대차 - 측면직각충돌,신호위반,건조,맑음,교차로 - 교차로안,승용,여,56세,상해없음,이륜,남,63세,경상
2014101600100681,2014년 10월 16일 22시,목요일,울산광역시 중구 복산동,부상신고사고,0,0,0,1,차대차 - 추돌 - 진행중,안전운전불이행,건조,맑음,교차로 - 교차로부근,원동기,남,19세,부상신고,승용,남,33세,상해없음
2014101600100682,2014년 10월 16일 22시,목요일,울산광역시 남구 달동,중상사고,0,2,0,0,차대사람 - 횡단중,안전운전불이행,건조,맑음,단일로 - 기타,승용,남,59세,상해없음,보행자,남,32세,중상
2014101600100683,2014년 10월 16일 22시,목요일,울산광역시 동구 전하동,중상사고,0,1,0,0,차대차 - 기타,직진우회전진행방해,건조,맑음,단일로 - 기타,이륜,여,49세,상해없음,자전거,남,14세,중상
2014101600100717,2014년 10월 16일 23시,목요일,울산광역시 남구 야음동,경상사고,0,0,2,0,차대차 - 기타,중앙선침범,건조,맑음,교차로 - 교차로부근,승용,남,27세,상해없음,승용,남,69세,경상
2014101700100152,2014년 10월 17일 07시,금요일,울산광역시 남구 신정동,경상사고,0,0,1,0,차대차 - 측면직각충돌,직진우회전진행방해,건조,맑음,교차로 - 교차로안,승용,남,26세,상해없음,승합,남,51세,경상
2014101700100212,2014년 10월 17일 08시,금요일,울산광역시 남구 매암동,중상사고,0,1,0,0,차대차 - 추돌 - 주정차중,안전운전불이행,건조,맑음,단일로 - 기타,이륜,남,50세,중상,화물,남,45세,기타불명
2014101700100253,2014년 10월 17일 09시,금요일,울산광역시 동구 일산동,중상사고,0,1,1,0,차대차 - 측면직각충돌,교차로운행방법위반,건조,맑음,교차로 - 교차로부근,승용,여,40세,상해없음,이륜,여,41세,경상
2014101700100623,2014년 10월 17일 18시,금요일,울산광역시 울주군 범서읍,부상신고사고,0,0,0,2,차대차 - 측면직각충돌,교차로운행방법위반,건조,맑음,교차로 - 교차로안,승용,남,39세,상해없음,화물,남,36세,부상신고
2014101700100694,2014년 10월 17일 19시,금요일,울산광역시 남구 삼산동,경상사고,0,0,1,1,차대차 - 기타,안전운전불이행,건조,맑음,단일로 - 기타,승용,남,45세,상해없음,승용,남,19세,부상신고
2014101700100695,2014년 10월 17일 19시,금요일,울산광역시 동구 서부동,경상사고,0,0,1,0,차대차 - 기타,기타,건조,맑음,교차로 - 교차로안,승용,남,40세,상해없음,이륜,남,59세,경상
2014101700100696,2014년 10월 17일 19시,금요일,울산광역시 울주군 범서읍,경상사고,0,0,1,0,차대차 - 추돌 - 주정차중,안전거리미확보,건조,맑음,교차로 - 교차로부근,승용,남,75세,경상,승합,남,66세,상해없음
2014101700100727,2014년 10월 17일 20시,금요일,울산광역시 남구 선암동,사망사고,1,0,1,0,차대차 - 측면직각충돌,신호위반,건조,맑음,교차로 - 교차로안,승용,남,23세,경상,승합,남,42세,사망
2014101700100728,2014년 10월 17일 20시,금요일,울산광역시 울주군 두동면,경상사고,0,0,1,0,차량단독 - 공작물충돌,안전운전불이행,건조,맑음,교차로 - 교차로안,승용,남,30세,경상,,,,
2014101800100029,2014년 10월 18일 00시,토요일,울산광역시 중구 성남동,경상사고,0,0,1,0,차대사람 - 기타,안전운전불이행,건조,맑음,단일로 - 기타,승용,남,35세,상해없음,보행자,남,19세,경상
2014101800100051,2014년 10월 18일 01시,토요일,울산광역시 남구 무거동,경상사고,0,0,1,0,차대차 - 측면직각충돌,안전거리미확보,건조,맑음,단일로 - 기타,화물,남,27세,상해없음,승용,여,40세,경상
2014101800100267,2014년 10월 18일 11시,토요일,울산광역시 남구 옥동,중상사고,0,1,0,0,차대사람 - 횡단중,안전운전불이행,건조,맑음,단일로 - 기타,화물,남,49세,상해없음,보행자,여,61세,중상
2014101800100305,2014년 10월 18일 12시,토요일,울산광역시 중구 서동,경상사고,0,0,1,0,차대차 - 기타,안전거리미확보,건조,맑음,단일로 - 기타,승용,남,61세,상해없음,승용,남,35세,경상
2014101800100306,2014년 10월 18일 12시,토요일,울산광역시 북구 명촌동,경상사고,0,0,1,0,차대사람 - 보도통행중,기타,건조,맑음,단일로 - 기타,자전거,남,10세,상해없음,보행자,남,55세,경상
2014101800100338,2014년 10월 18일 13시,토요일,울산광역시 남구 삼산동,경상사고,0,0,1,0,차대사람 - 횡단중,안전운전불이행,건조,맑음,교차로 - 교차로부근,승용,남,39세,상해없음,보행자,여,60세,경상
2014101800100378,2014년 10월 18일 14시,토요일,울산광역시 중구 우정동,부상신고사고,0,0,0,1,차대차 - 추돌 - 주정차중,안전운전불이행,건조,맑음,단일로 - 기타,이륜,남,24세,부상신고,승용,남,31세,상해없음
2014101800100430,2014년 10월 18일 15시,토요일,울산광역시 중구 우정동,경상사고,0,0,1,0,차대사람 - 횡단중,보행자보호의무위반,건조,맑음,단일로 - 횡단보도상,승용,여,47세,상해없음,보행자,남,48세,경상
2014101800100577,2014년 10월 18일 18시,토요일,울산광역시 동구 서부동,경상사고,0,0,1,0,차대차 - 측면직각충돌,안전거리미확보,건조,맑음,단일로 - 기타,승용,기타불명,기타불명,기타불명,화물,남,64세,상해없음
2014101800100615,2014년 10월 18일 19시,토요일,울산광역시 중구 북정동,경상사고,0,0,1,0,차대차 - 측면직각충돌,직진우회전진행방해,건조,맑음,교차로 - 교차로안,승용,남,52세,상해없음,승용,여,45세,경상
2014101800100616,2014년 10월 18일 19시,토요일,울산광역시 남구 무거동,경상사고,0,0,1,0,차대차 - 추돌 - 주정차중,안전거리미확보,건조,맑음,교차로 - 교차로안,화물,남,52세,상해없음,승용,여,46세,경상
2014101800100658,2014년 10월 18일 20시,토요일,울산광역시 북구 신천동,중상사고,0,1,0,0,차대차 - 기타,신호위반,건조,맑음,교차로 - 교차로안,승용,여,37세,상해없음,이륜,여,51세,중상
2014101800100659,2014년 10월 18일 20시,토요일,울산광역시 중구 남외동,경상사고,0,0,2,0,차대차 - 추돌 - 주정차중,안전운전불이행,건조,맑음,단일로 - 기타,승합,남,41세,상해없음,승용,여,25세,경상
2014101800100734,2014년 10월 18일 22시,토요일,울산광역시 울주군 온양읍,경상사고,0,0,2,0,차대차 - 측면직각충돌,신호위반,건조,맑음,교차로 - 교차로안,승용,남,17세,상해없음,승용,여,59세,경상
2014101800100754,2014년 10월 18일 23시,토요일,울산광역시 중구 태화동,경상사고,0,0,2,0,차대차 - 추돌 - 주정차중,안전운전불이행,건조,맑음,단일로 - 기타,승용,남,53세,상해없음,승용,여,52세,경상
2014101800100755,2014년 10월 18일 23시,토요일,울산광역시 중구 학성동,중상사고,0,1,1,0,차대차 - 측면직각충돌,신호위반,건조,맑음,교차로 - 교차로안,승용,남,53세,중상,승용,여,29세,경상
2014101800100756,2014년 10월 18일 23시,토요일,울산광역시 울주군 온양읍,부상신고사고,0,0,0,1,차대사람 - 길가장자리구역통행중,안전운전불이행,건조,맑음,단일로 - 기타,승용,남,46세,기타불명,보행자,여,16세,부상신고
2014101900100023,2014년 10월 19일 00시,일요일,울산광역시 중구 복산동,경상사고,0,0,1,0,차대사람 - 길가장자리구역통행중,안전운전불이행,건조,맑음,단일로 - 기타,승용,남,47세,상해없음,보행자,남,47세,경상
2014101900100024,2014년 10월 19일 00시,일요일,울산광역시 동구 화정동,중상사고,0,1,0,0,차대차 - 측면직각충돌,안전거리미확보,건조,맑음,교차로 - 교차로부근,승용,남,23세,상해없음,이륜,남,18세,중상
2014101900100061,2014년 10월 19일 02시,일요일,울산광역시 중구 학성동,중상사고,0,1,0,0,차대차 - 측면직각충돌,안전운전불이행,건조,맑음,단일로 - 기타,승용,여,56세,상해없음,승용,남,27세,기타불명
2014101900100102,2014년 10월 19일 05시,일요일,울산광역시 남구 달동,경상사고,0,0,1,0,차대사람 - 기타,안전운전불이행,건조,맑음,교차로 - 교차로부근,승용,남,61세,상해없음,보행자,여,32세,경상
2014101900100226,2014년 10월 19일 11시,일요일,울산광역시 남구 야음동,사망사고,1,0,0,0,차대사람 - 횡단중,보행자보호의무위반,건조,맑음,교차로 - 교차로안,승용,여,42세,상해없음,보행자,남,6세,사망
2014101900100227,2014년 10월 19일 11시,일요일,울산광역시 북구 염포동,경상사고,0,0,3,0,차대차 - 측면직각충돌,안전운전불이행,건조,맑음,단일로 - 기타,승용,남,28세,상해없음,승용,남,28세,경상
2014101900100294,2014년 10월 19일 13시,일요일,울산광역시 남구 무거동,중상사고,0,1,0,0,차대차 - 기타,신호위반,건조,맑음,교차로 - 교차로부근,승합,남,55세,상해없음,자전거,여,22세,중상
2014101900100350,2014년 10월 19일 15시,일요일,울산광역시 남구 달동,경상사고,0,0,1,0,차대차 - 추돌 - 진행중,안전거리미확보,건조,맑음,교차로 - 교차로부근,승합,남,35세,상해없음,승용,남,44세,경상
2014101900100351,2014년 10월 19일 15시,일요일,울산광역시 동구 전하동,경상사고,0,0,4,0,차대차 - 추돌 - 주정차중,안전운전불이행,건조,맑음,교차로 - 교차로부근,승용,남,48세,상해없음,승용,남,32세,경상
2014101900100382,2014년 10월 19일 16시,일요일,울산광역시 북구 천곡동,경상사고,0,0,1,0,차대사람 - 기타,안전운전불이행,건조,맑음,교차로 - 교차로안,승합,남,50세,상해없음,보행자,남,48세,경상
2014101900100383,2014년 10월 19일 16시,일요일,울산광역시 남구 무거동,경상사고,0,0,1,0,차대차 - 기타,안전거리미확보,건조,맑음,단일로 - 기타,승용,남,28세,상해없음,원동기,남,19세,경상
2014101900100543,2014년 10월 19일 20시,일요일,울산광역시 남구 무거동,경상사고,0,0,3,0,차대차 - 추돌 - 주정차중,안전운전불이행,건조,맑음,단일로 - 교량,승용,남,29세,상해없음,승용,남,33세,경상
2014101900100544,2014년 10월 19일 20시,일요일,울산광역시 남구 옥동,중상사고,0,1,0,0,차대사람 - 횡단중,안전운전불이행,건조,맑음,단일로 - 기타,승용,남,27세,상해없음,보행자,여,50세,중상
2014101900100545,2014년 10월 19일 20시,일요일,울산광역시 울주군 범서읍,중상사고,0,2,2,1,차대차 - 측면직각충돌,신호위반,건조,맑음,교차로 - 교차로안,승용,남,50세,부상신고,승용,남,38세,경상
2014101900100570,2014년 10월 19일 21시,일요일,울산광역시 남구 신정동,경상사고,0,0,2,0,차대차 - 추돌 - 주정차중,안전거리미확보,건조,맑음,교차로 - 교차로부근,승용,남,56세,상해없음,승합,남,46세,경상
2014101900100592,2014년 10월 19일 22시,일요일,울산광역시 중구 반구동,경상사고,0,0,2,1,차대차 - 기타,중앙선침범,건조,맑음,단일로 - 기타,원동기,남,27세,부상신고,승용,여,19세,경상
2014101900100593,2014년 10월 19일 22시,일요일,울산광역시 북구 신천동,경상사고,0,0,2,0,차대차 - 정면충돌,중앙선침범,건조,맑음,교차로 - 교차로안,승용,남,43세,상해없음,승용,여,49세,경상
2014101900100609,2014년 10월 19일 23시,일요일,울산광역시 중구 복산동,중상사고,0,2,2,0,차대차 - 측면직각충돌,신호위반,건조,맑음,교차로 - 교차로안,승용,여,48세,경상,승용,남,32세,중상
2014101900100610,2014년 10월 19일 23시,일요일,울산광역시 동구 전하동,중상사고,0,1,1,0,차대차 - 기타,교차로운행방법위반,건조,맑음,교차로 - 교차로안,승용,남,34세,상해없음,승용,남,61세,중상
2014102000100019,2014년 10월 20일 00시,월요일,울산광역시 남구 신정동,경상사고,0,0,1,0,차대차 - 추돌 - 주정차중,안전운전불이행,건조,맑음,교차로 - 교차로부근,승용,남,25세,상해없음,승용,남,43세,경상
2014102000100130,2014년 10월 20일 07시,월요일,울산광역시 북구 명촌동,경상사고,0,0,1,0,차대차 - 기타,안전운전불이행,건조,맑음,교차로 - 교차로부근,화물,남,58세,상해없음,원동기,남,44세,경상
2014102000100184,2014년 10월 20일 08시,월요일,울산광역시 울주군 온양읍,경상사고,0,0,1,0,차량단독 - 공작물충돌,안전거리미확보,습기,비,단일로 - 기타,승용,여,33세,경상,,,,
2014102000100260,2014년 10월 20일 10시,월요일,울산광역시 남구 신정동,경상사고,0,0,1,0,차대차 - 추돌 - 주정차중,안전운전불이행,습기,비,교차로 - 교차로부근,승용,여,31세,상해없음,승용,남,62세,경상
2014102000100293,2014년 10월 20일 11시,월요일,울산광역시 울주군 삼남면,경상사고,0,0,1,0,차대차 - 기타,교차로운행방법위반,습기,비,교차로 - 교차로안,승용,여,27세,상해없음,화물,남,46세,경상
2014102000100343,2014년 10월 20일 13시,월요일,울산광역시 중구 동동,중상사고,0,1,0,0,차대사람 - 기타,안전운전불이행,습기,비,교차로 - 교차로안,화물,남,75세,상해없음,보행자,여,9세,중상
2014102000100344,2014년 10월 20일 13시,월요일,울산광역시 남구 매암동,중상사고,0,1,0,0,차대차 - 추돌 - 진행중,차로위반,습기,흐림,단일로 - 기타,화물,남,54세,상해없음,화물,남,29세,중상
2014102000100345,2014년 10월 20일 13시,월요일,울산광역시 울주군 온산읍,경상사고,0,0,1,0,차대차 - 측면직각충돌,교차로운행방법위반,건조,맑음,교차로 - 교차로안,승용,남,31세,상해없음,승용,남,46세,경상
2014102000100378,2014년 10월 20일 14시,월요일,울산광역시 중구 반구동,부상신고사고,0,0,0,1,차량단독 - 공작물충돌,안전운전불이행,습기,흐림,교차로 - 교차로부근,화물,남,52세,부상신고,,,,
2014102000100444,2014년 10월 20일 16시,월요일,울산광역시 남구 신정동,경상사고,0,0,1,0,차대차 - 측면직각충돌,교차로운행방법위반,건조,맑음,교차로 - 교차로안,승용,남,59세,상해없음,승용,남,29세,경상
2014102000100485,2014년 10월 20일 17시,월요일,울산광역시 북구 연암동,중상사고,0,1,0,0,차량단독 - 공작물충돌,안전운전불이행,건조,맑음,교차로 - 교차로부근,화물,남,46세,중상,,,,
2014102000100486,2014년 10월 20일 17시,월요일,울산광역시 북구 천곡동,중상사고,0,1,0,0,차대사람 - 횡단중,신호위반,습기,비,단일로 - 횡단보도상,승용,여,56세,상해없음,보행자,여,9세,중상
2014102000100555,2014년 10월 20일 18시,월요일,울산광역시 남구 두왕동,경상사고,0,0,2,0,차대차 - 추돌 - 진행중,안전운전불이행,습기,비,단일로 - 기타,화물,남,54세,상해없음,승용,남,40세,경상
2014102000100556,2014년 10월 20일 18시,월요일,울산광역시 남구 신정동,경상사고,0,0,1,0,차대사람 - 횡단중,보행자보호의무위반,습기,흐림,교차로 - 교차로부근,승용,여,28세,상해없음,보행자,남,60세,경상
2014102000100557,2014년 10월 20일 18시,월요일,울산광역시 울주군 온양읍,경상사고,0,0,1,2,차대차 - 추돌 - 주정차중,안전거리미확보,습기,비,단일로 - 기타,승용,남,67세,상해없음,화물,남,42세,경상
2014102000100588,2014년 10월 20일 19시,월요일,울산광역시 북구 명촌동,중상사고,0,1,0,0,차대차 - 추돌 - 주정차중,안전운전불이행,습기,비,단일로 - 기타,승용,남,46세,상해없음,이륜,남,34세,중상
2014102000100589,2014년 10월 20일 19시,월요일,울산광역시 중구 학성동,중상사고,0,1,0,0,차대차 - 추돌 - 진행중,안전운전불이행,습기,비,단일로 - 기타,승용,여,52세,상해없음,승용,여,44세,중상
2014102000100625,2014년 10월 20일 20시,월요일,울산광역시 북구 진장동,중상사고,0,1,0,0,차대사람 - 횡단중,신호위반,습기,비,단일로 - 횡단보도상,승용,남,49세,상해없음,보행자,남,40세,중상
2014102000100626,2014년 10월 20일 20시,월요일,울산광역시 울주군 청량면,경상사고,0,0,1,0,차대차 - 기타,안전거리미확보,습기,비,단일로 - 기타,승용,남,48세,상해없음,승용,남,32세,경상
2014102000100661,2014년 10월 20일 21시,월요일,울산광역시 남구 달동,경상사고,0,0,2,0,차대차 - 추돌 - 주정차중,안전거리미확보,습기,비,교차로 - 교차로부근,승용,남,46세,상해없음,승용,남,37세,상해없음
2014102000100683,2014년 10월 20일 22시,월요일,울산광역시 북구 호계동,중상사고,0,1,0,0,차대사람 - 횡단중,안전운전불이행,건조,맑음,교차로 - 교차로안,이륜,남,16세,상해없음,보행자,남,42세,중상
2014102000100684,2014년 10월 20일 22시,월요일,울산광역시 남구 야음동,경상사고,0,0,1,0,차대차 - 추돌 - 주정차중,안전운전불이행,습기,비,교차로 - 교차로부근,승용,남,58세,상해없음,승용,여,45세,경상
2014102000100711,2014년 10월 20일 23시,월요일,울산광역시 남구 달동,중상사고,0,1,4,0,차대차 - 추돌 - 주정차중,안전운전불이행,습기,비,교차로 - 교차로부근,화물,남,38세,상해없음,승용,남,55세,중상
2014102000100712,2014년 10월 20일 23시,월요일,울산광역시 동구 서부동,경상사고,0,0,2,0,차대차 - 기타,안전운전불이행,습기,비,교차로 - 교차로안,이륜,남,44세,상해없음,승용,여,34세,경상
2014102100100017,2014년 10월 21일 00시,화요일,울산광역시 남구 무거동,경상사고,0,0,1,0,차대차 - 기타,중앙선침범,습기,비,단일로 - 기타,승용,남,46세,상해없음,승용,남,38세,경상
2014102100100045,2014년 10월 21일 02시,화요일,울산광역시 남구 달동,경상사고,0,0,1,0,차대사람 - 기타,안전운전불이행,건조,맑음,단일로 - 기타,승용,여,26세,상해없음,보행자,남,34세,경상
2014102100100054,2014년 10월 21일 03시,화요일,울산광역시 남구 달동,중상사고,0,1,0,0,차대사람 - 기타,안전운전불이행,습기,비,단일로 - 기타,승용,남,23세,상해없음,보행자,여,60세,중상
2014102100100081,2014년 10월 21일 05시,화요일,울산광역시 남구 야음동,중상사고,0,1,0,1,차대차 - 측면직각충돌,신호위반,습기,비,교차로 - 교차로안,화물,남,48세,부상신고,승용,남,75세,중상
2014102100100098,2014년 10월 21일 06시,화요일,울산광역시 울주군 온산읍,중상사고,0,1,0,1,차대사람 - 횡단중,안전운전불이행,건조,흐림,단일로 - 기타,승용,남,53세,부상신고,보행자,남,51세,중상
2014102100100123,2014년 10월 21일 07시,화요일,울산광역시 북구 신천동,경상사고,0,0,1,0,차대차 - 측면직각충돌,중앙선침범,습기,비,교차로 - 교차로부근,승용,남,48세,상해없음,승용,남,37세,경상
2014102100100124,2014년 10월 21일 07시,화요일,울산광역시 남구 달동,경상사고,0,0,1,0,차대차 - 측면직각충돌,안전운전불이행,건조,흐림,교차로 - 교차로안,승용,남,42세,상해없음,화물,남,34세,경상
2014102100100242,2014년 10월 21일 11시,화요일,울산광역시 동구 서부동,중상사고,0,1,0,0,차대사람 - 기타,안전운전불이행,건조,맑음,교차로 - 교차로부근,승용,남,57세,상해없음,보행자,여,55세,중상
2014102100100243,2014년 10월 21일 11시,화요일,울산광역시 울주군 온산읍,경상사고,0,0,1,0,차대차 - 기타,교차로운행방법위반,건조,맑음,교차로 - 교차로안,화물,남,35세,상해없음,원동기,남,50세,경상
2014102100100266,2014년 10월 21일 12시,화요일,울산광역시 중구 태화동,경상사고,0,0,1,0,차대사람 - 횡단중,보행자보호의무위반,습기,비,교차로 - 교차로안,승용,여,55세,상해없음,보행자,여,49세,경상
2014102100100267,2014년 10월 21일 12시,화요일,울산광역시 중구 우정동,경상사고,0,0,1,0,차대차 - 측면직각충돌,안전거리미확보,습기,비,단일로 - 기타,승용,남,66세,기타불명,승용,여,34세,경상
2014102100100332,2014년 10월 21일 14시,화요일,울산광역시 남구 신정동,중상사고,0,1,0,0,차대차 - 기타,중앙선침범,습기,비,단일로 - 기타,승용,남,58세,상해없음,승용,남,66세,중상
2014102100100379,2014년 10월 21일 15시,화요일,울산광역시 남구 삼산동,경상사고,0,0,1,1,차대차 - 측면직각충돌,신호위반,습기,비,교차로 - 교차로안,승용,여,50세,부상신고,승용,남,37세,경상
2014102100100584,2014년 10월 21일 19시,화요일,울산광역시 동구 방어동,중상사고,0,1,0,0,차대차 - 측면직각충돌,신호위반,습기,비,교차로 - 교차로안,승용,남,30세,상해없음,이륜,남,32세,중상
2014102100100585,2014년 10월 21일 19시,화요일,울산광역시 남구 무거동,경상사고,0,0,1,0,차대차 - 기타,안전거리미확보,습기,비,단일로 - 기타,승용,남,41세,상해없음,승용,남,28세,경상
2014102100100743,2014년 10월 21일 22시,화요일,울산광역시 북구 명촌동,중상사고,0,1,0,0,차량단독 - 공작물충돌,안전운전불이행,건조,맑음,교차로 - 교차로부근,승용,남,37세,중상,,,,
2014102100100744,2014년 10월 21일 22시,화요일,울산광역시 남구 삼산동,중상사고,0,1,0,0,차대차 - 추돌 - 주정차중,교차로운행방법위반,습기,비,교차로 - 교차로안,승용,남,42세,상해없음,원동기,남,21세,중상
2014102100100770,2014년 10월 21일 23시,화요일,울산광역시 중구 태화동,경상사고,0,0,3,0,차대차 - 측면직각충돌,직진우회전진행방해,습기,비,교차로 - 교차로안,승용,남,55세,상해없음,승용,남,55세,경상
2014102100100771,2014년 10월 21일 23시,화요일,울산광역시 북구 명촌동,중상사고,0,1,1,0,차대사람 - 차도통행중,안전운전불이행,습기,비,단일로 - 기타,이륜,남,18세,경상,보행자,여,56세,중상
2014102100100772,2014년 10월 21일 23시,화요일,울산광역시 남구 무거동,경상사고,0,0,4,0,차대차 - 측면직각충돌,교차로운행방법위반,습기,비,교차로 - 교차로안,승용,여,45세,상해없음,승용,남,35세,경상
2014102200100046,2014년 10월 22일 01시,수요일,울산광역시 남구 야음동,사망사고,1,0,0,0,차대차 - 기타,안전운전불이행,습기,비,교차로 - 교차로부근,승용,남,44세,사망,화물,남,40세,기타불명
2014102200100047,2014년 10월 22일 01시,수요일,울산광역시 동구 화정동,경상사고,0,0,1,0,차대차 - 추돌 - 주정차중,안전운전불이행,습기,비,단일로 - 기타,이륜,남,37세,경상,승용,남,57세,상해없음
2014102200100065,2014년 10월 22일 03시,수요일,울산광역시 울주군 범서읍,중상사고,0,2,0,0,차대차 - 기타,중앙선침범,습기,비,단일로 - 기타,승용,여,46세,상해없음,승용,남,46세,중상
2014102200100077,2014년 10월 22일 04시,수요일,울산광역시 동구 전하동,중상사고,0,1,0,0,차대사람 - 기타,안전운전불이행,습기,비,단일로 - 기타,승용,남,26세,상해없음,보행자,남,59세,중상
2014102200100259,2014년 10월 22일 11시,수요일,울산광역시 울주군 언양읍,부상신고사고,0,0,0,1,차대사람 - 차도통행중,안전운전불이행,건조,맑음,단일로 - 기타,승용,남,52세,상해없음,보행자,남,69세,부상신고
2014102200100521,2014년 10월 22일 18시,수요일,울산광역시 남구 달동,경상사고,0,0,1,0,차대차 - 추돌 - 주정차중,안전운전불이행,건조,맑음,교차로 - 교차로부근,승용,남,40세,상해없음,승용,남,51세,경상
2014102200100522,2014년 10월 22일 18시,수요일,울산광역시 남구 옥동,경상사고,0,0,1,0,차대사람 - 차도통행중,안전운전불이행,건조,맑음,단일로 - 기타,승용,여,33세,상해없음,보행자,남,8세,경상
2014102200100523,2014년 10월 22일 18시,수요일,울산광역시 울주군 온산읍,중상사고,0,1,0,1,차대차 - 측면직각충돌,안전운전불이행,건조,맑음,단일로 - 기타,승용,남,30세,상해없음,이륜,남,26세,중상
2014102200100573,2014년 10월 22일 19시,수요일,울산광역시 북구 명촌동,경상사고,0,0,1,0,차대차 - 추돌 - 진행중,안전운전불이행,건조,흐림,단일로 - 기타,승용,여,39세,상해없음,승용,여,30세,경상
2014102200100596,2014년 10월 22일 20시,수요일,울산광역시 남구 옥동,중상사고,0,1,1,0,차대차 - 추돌 - 주정차중,안전운전불이행,건조,흐림,교차로 - 교차로부근,승용,남,62세,상해없음,승용,남,61세,경상
2014102200100597,2014년 10월 22일 20시,수요일,울산광역시 남구 삼산동,중상사고,0,1,0,0,차대차 - 측면직각충돌,교차로운행방법위반,건조,맑음,교차로 - 교차로안,승용,남,47세,상해없음,자전거,남,60세,중상
2014102200100670,2014년 10월 22일 22시,수요일,울산광역시 남구 삼산동,경상사고,0,0,1,0,차대차 - 추돌 - 주정차중,안전거리미확보,건조,맑음,교차로 - 교차로부근,화물,남,45세,상해없음,승용,여,45세,경상
2014102200100671,2014년 10월 22일 22시,수요일,울산광역시 동구 일산동,경상사고,0,0,2,0,차대차 - 정면충돌,안전운전불이행,건조,맑음,교차로 - 교차로안,승용,여,27세,상해없음,이륜,남,41세,경상
2014102300100012,2014년 10월 23일 00시,목요일,울산광역시 남구 삼산동,중상사고,0,1,0,0,차대사람 - 기타,안전운전불이행,건조,흐림,교차로 - 교차로부근,승용,여,41세,상해없음,보행자,남,44세,중상