사고번호,사고일시,요일,시군구,사고내용,사망자수,중상자수,경상자수,부상신고자수,사고유형,법규위반,노면상태,기상상태,도로형태,가해운전자 차종,가해운전자 성별,가해운전자 연령,가해운전자 상해정도,피해운전자 차종,피해운전자 성별,피해운전자 연령,피해운전자 상해정도
2014102900100595,2014년 10월 29일 21시,수요일,울산광역시 동구 전하동,중상사고,0,1,0,0,차대차 - 측면직각충돌,안전거리미확보,건조,맑음,단일로 - 기타,승용,남,37세,상해없음,이륜,남,43세,중상
2014103000100042,2014년 10월 30일 02시,목요일,울산광역시 남구 삼산동,중상사고,0,1,0,0,차대차 - 추돌 - 진행중,안전운전불이행,건조,맑음,교차로 - 교차로부근,승용,여,28세,상해없음,이륜,남,36세,중상
2014103000100116,2014년 10월 30일 07시,목요일,울산광역시 울주군 상북면,부상신고사고,0,0,0,1,차량단독 - 공작물충돌,안전운전불이행,건조,맑음,단일로 - 기타,승용,여,53세,부상신고,,,,
2014103000100210,2014년 10월 30일 10시,목요일,울산광역시 중구 남외동,중상사고,0,1,0,0,차대차 - 기타,불법유턴,건조,맑음,단일로 - 기타,화물,남,66세,상해없음,원동기,남,75세,중상
2014103000100211,2014년 10월 30일 10시,목요일,울산광역시 남구 달동,중상사고,0,1,0,0,차대차 - 기타,교차로운행방법위반,건조,맑음,교차로 - 교차로안,승용,여,70세,상해없음,원동기,여,51세,중상
2014103000100296,2014년 10월 30일 13시,목요일,울산광역시 동구 일산동,중상사고,0,1,0,0,차대차 - 기타,안전거리미확보,건조,맑음,단일로 - 기타,이륜,남,34세,중상,승용,여,34세,상해없음
2014103000100323,2014년 10월 30일 14시,목요일,울산광역시 중구 우정동,부상신고사고,0,0,0,1,차대차 - 기타,안전거리미확보,건조,맑음,단일로 - 교량,원동기,남,50세,부상신고,승용,여,42세,상해없음
2014103000100397,2014년 10월 30일 16시,목요일,울산광역시 울주군 온양읍,경상사고,0,0,1,1,차대차 - 기타,신호위반,건조,맑음,단일로 - 기타,승용,여,49세,부상신고,승용,남,44세,경상
2014103000100495,2014년 10월 30일 18시,목요일,울산광역시 남구 신정동,중상사고,0,1,1,0,차대차 - 기타,교차로운행방법위반,기타,기타,교차로 - 교차로안,승용,남,54세,경상,승용,남,54세,중상
2014103000100496,2014년 10월 30일 18시,목요일,울산광역시 울주군 온산읍,중상사고,0,1,0,0,차대사람 - 횡단중,안전운전불이행,건조,맑음,단일로 - 기타,승용,여,31세,상해없음,보행자,남,56세,중상
2014103000100497,2014년 10월 30일 18시,목요일,울산광역시 울주군 온산읍,중상사고,0,1,0,0,차대차 - 추돌 - 진행중,안전거리미확보,건조,맑음,교차로 - 교차로안,승합,남,54세,상해없음,승용,남,40세,중상
2014103000100536,2014년 10월 30일 19시,목요일,울산광역시 북구 화봉동,경상사고,0,0,3,0,차대차 - 측면직각충돌,안전거리미확보,건조,맑음,교차로 - 교차로부근,승용,여,60세,경상,승용,남,29세,경상
2014103000100641,2014년 10월 30일 22시,목요일,울산광역시 남구 삼산동,경상사고,0,0,1,0,차대차 - 기타,안전운전불이행,기타,맑음,단일로 - 기타,승용,여,44세,상해없음,승용,남,51세,경상
2014103000100642,2014년 10월 30일 22시,목요일,울산광역시 울주군 언양읍,부상신고사고,0,0,0,1,차대차 - 기타,안전운전불이행,기타,흐림,단일로 - 기타,승용,남,37세,상해없음,승합,남,37세,부상신고
2014103000100686,2014년 10월 30일 23시,목요일,울산광역시 남구 달동,경상사고,0,0,2,0,차대차 - 추돌 - 진행중,안전운전불이행,건조,맑음,단일로 - 기타,승용,남,23세,상해없음,승용,남,33세,경상
2014103100100097,2014년 10월 31일 06시,금요일,울산광역시 중구 학산동,경상사고,0,0,2,0,차대차 - 측면직각충돌,신호위반,건조,맑음,교차로 - 교차로안,승용,여,24세,경상,승용,여,57세,경상
2014103100100124,2014년 10월 31일 07시,금요일,울산광역시 남구 삼산동,경상사고,0,0,1,0,차대차 - 추돌 - 진행중,안전운전불이행,습기,비,교차로 - 교차로부근,승용,남,25세,상해없음,승용,남,28세,경상
2014103100100186,2014년 10월 31일 09시,금요일,울산광역시 동구 동부동,중상사고,0,1,0,0,차대차 - 기타,안전운전불이행,습기,비,교차로 - 교차로부근,승용,여,44세,상해없음,원동기,남,28세,중상
2014103100100214,2014년 10월 31일 10시,금요일,울산광역시 울주군 청량면,중상사고,0,1,0,0,차량단독 - 전도전복,안전운전불이행,습기,비,단일로 - 기타,화물,남,49세,중상,,,,
2014103100100241,2014년 10월 31일 11시,금요일,울산광역시 남구 신정동,경상사고,0,0,1,0,차대사람 - 기타,안전운전불이행,습기,비,기타 - 기타,화물,남,51세,상해없음,보행자,여,62세,경상
2014103100100268,2014년 10월 31일 12시,금요일,울산광역시 동구 서부동,경상사고,0,0,2,0,차대차 - 기타,안전거리미확보,습기,비,단일로 - 기타,승합,남,40세,상해없음,화물,남,57세,경상
2014103100100291,2014년 10월 31일 13시,금요일,울산광역시 중구 태화동,경상사고,0,0,2,0,차대차 - 추돌 - 주정차중,안전운전불이행,건조,맑음,단일로 - 기타,승용,여,42세,상해없음,승용,남,69세,경상
2014103100100348,2014년 10월 31일 15시,금요일,울산광역시 남구 달동,중상사고,0,1,0,0,차대사람 - 횡단중,안전운전불이행,습기,비,단일로 - 기타,승용,남,33세,상해없음,보행자,남,22세,중상
2014103100100381,2014년 10월 31일 16시,금요일,울산광역시 남구 삼산동,중상사고,0,1,0,0,차대차 - 측면직각충돌,안전운전불이행,습기,비,교차로 - 교차로안,자전거,남,57세,중상,승용,여,43세,상해없음
2014103100100382,2014년 10월 31일 16시,금요일,울산광역시 북구 염포동,경상사고,0,0,1,0,차대차 - 추돌 - 진행중,안전운전불이행,습기,비,단일로 - 기타,승합,남,25세,상해없음,승용,여,35세,경상
2014103100100440,2014년 10월 31일 17시,금요일,울산광역시 남구 무거동,중상사고,0,1,0,0,차대차 - 기타,교차로운행방법위반,습기,비,교차로 - 교차로안,승합,남,50세,중상,승합,남,47세,상해없음
2014103100100441,2014년 10월 31일 17시,금요일,울산광역시 남구 삼산동,중상사고,0,1,0,0,차대사람 - 기타,안전운전불이행,습기,비,단일로 - 기타,승용,남,52세,상해없음,보행자,여,20세,중상
2014103100100527,2014년 10월 31일 18시,금요일,울산광역시 중구 복산동,경상사고,0,0,1,0,차대사람 - 횡단중,신호위반,습기,비,단일로 - 횡단보도상,화물,남,44세,상해없음,보행자,여,13세,경상
2014103100100528,2014년 10월 31일 18시,금요일,울산광역시 중구 약사동,중상사고,0,1,0,0,차대사람 - 기타,안전운전불이행,습기,비,단일로 - 횡단보도상,승합,남,49세,상해없음,보행자,남,16세,중상
2014103100100529,2014년 10월 31일 18시,금요일,울산광역시 동구 전하동,경상사고,0,0,1,0,차대차 - 기타,교차로운행방법위반,습기,비,교차로 - 교차로안,이륜,남,59세,경상,승용,남,35세,상해없음
2014103100100530,2014년 10월 31일 18시,금요일,울산광역시 동구 전하동,경상사고,0,0,1,0,차대사람 - 횡단중,안전운전불이행,습기,비,단일로 - 기타,승용,여,49세,상해없음,보행자,남,13세,경상
2014103100100531,2014년 10월 31일 18시,금요일,울산광역시 울주군 온산읍,경상사고,0,0,1,0,차량단독 - 공작물충돌,안전운전불이행,습기,비,단일로 - 기타,승용,남,32세,경상,,,,
2014103100100602,2014년 10월 31일 19시,금요일,울산광역시 중구 서동,중상사고,0,1,0,0,차대사람 - 기타,안전운전불이행,습기,비,교차로 - 교차로부근,승용,남,29세,상해없음,보행자,남,39세,중상
2014103100100603,2014년 10월 31일 19시,금요일,울산광역시 북구 명촌동,경상사고,0,0,2,0,차대차 - 추돌 - 진행중,안전운전불이행,습기,비,단일로 - 기타,승용,남,42세,상해없음,승용,남,55세,경상
2014103100100604,2014년 10월 31일 19시,금요일,울산광역시 울주군 온양읍,경상사고,0,0,1,0,차대차 - 기타,안전운전불이행,습기,비,기타 - 기타,승용,남,40세,기타불명,승용,여,51세,경상
2014103100100714,2014년 10월 31일 21시,금요일,울산광역시 남구 삼산동,경상사고,0,0,1,0,차대차 - 기타,안전운전불이행,습기,비,교차로 - 교차로안,화물,남,25세,상해없음,승용,남,51세,경상
2014103100100757,2014년 10월 31일 22시,금요일,울산광역시 북구 달천동,중상사고,0,1,0,0,차대사람 - 기타,신호위반,습기,비,교차로 - 교차로안,이륜,남,20세,상해없음,보행자,남,41세,중상
2014103100100758,2014년 10월 31일 22시,금요일,울산광역시 중구 학성동,중상사고,0,1,0,0,차대사람 - 기타,안전운전불이행,습기,비,교차로 - 교차로안,승용,여,51세,상해없음,보행자,남,51세,중상
2014103100100796,2014년 10월 31일 23시,금요일,울산광역시 중구 우정동,중상사고,0,1,0,0,차대사람 - 기타,안전운전불이행,습기,비,교차로 - 교차로안,승용,남,50세,상해없음,보행자,남,61세,중상
2014103100100797,2014년 10월 31일 23시,금요일,울산광역시 남구 야음동,경상사고,0,0,1,0,차대차 - 기타,안전운전불이행,습기,비,교차로 - 교차로부근,승용,남,48세,상해없음,승용,남,30세,경상
2014103100100798,2014년 10월 31일 23시,금요일,울산광역시 동구 화정동,경상사고,0,0,1,0,차대사람 - 횡단중,안전운전불이행,습기,비,교차로 - 교차로부근,승용,여,33세,상해없음,보행자,남,22세,경상
2014103100100799,2014년 10월 31일 23시,금요일,울산광역시 동구 화정동,중상사고,0,1,1,0,차대차 - 추돌 - 주정차중,안전운전불이행,습기,비,단일로 - 기타,승용,남,27세,상해없음,승합,남,48세,경상
2014110100100068,2014년 11월 1일 01시,토요일,울산광역시 북구 송정동,사망사고,1,2,0,0,차대차 - 기타,중앙선침범,습기,흐림,단일로 - 기타,승용,남,35세,중상,승용,남,53세,중상
2014110100100069,2014년 11월 1일 01시,토요일,울산광역시 남구 삼산동,중상사고,0,1,0,0,차대사람 - 횡단중,안전운전불이행,습기,비,교차로 - 교차로안,승용,남,41세,상해없음,보행자,남,49세,중상
2014110100100070,2014년 11월 1일 01시,토요일,울산광역시 동구 전하동,중상사고,0,1,3,0,차대차 - 추돌 - 진행중,안전운전불이행,건조,맑음,교차로 - 교차로부근,승용,남,25세,상해없음,승용,남,40세,중상
2014110100100096,2014년 11월 1일 02시,토요일,울산광역시 중구 남외동,경상사고,0,0,2,0,차대차 - 추돌 - 주정차중,안전운전불이행,습기,흐림,교차로 - 교차로안,승용,남,33세,상해없음,승용,남,34세,경상
2014110100100167,2014년 11월 1일 06시,토요일,울산광역시 동구 방어동,경상사고,0,0,1,0,차대차 - 측면직각충돌,직진우회전진행방해,습기,흐림,교차로 - 교차로안,승용,남,35세,상해없음,이륜,여,57세,경상
2014110100100168,2014년 11월 1일 06시,토요일,울산광역시 울주군 온산읍,중상사고,0,1,0,0,차대차 - 기타,신호위반,건조,맑음,교차로 - 교차로안,승합,남,55세,기타불명,승용,남,50세,중상
2014110100100204,2014년 11월 1일 08시,토요일,울산광역시 남구 달동,경상사고,0,0,1,0,차대차 - 측면직각충돌,안전운전불이행,건조,맑음,교차로 - 교차로안,승용,남,34세,상해없음,승용,남,61세,경상
2014110100100231,2014년 11월 1일 09시,토요일,울산광역시 중구 서동,중상사고,0,1,0,1,차대차 - 기타,신호위반,건조,맑음,교차로 - 교차로안,승용,여,41세,상해없음,승용,여,30세,중상
2014110100100232,2014년 11월 1일 09시,토요일,울산광역시 남구 야음동,경상사고,0,0,2,0,차대차 - 기타,중앙선침범,건조,맑음,교차로 - 교차로안,승용,남,34세,상해없음,승용,남,54세,경상
2014110100100318,2014년 11월 1일 12시,토요일,울산광역시 중구 태화동,중상사고,0,1,0,0,차대차 - 기타,직진우회전진행방해,건조,맑음,교차로 - 교차로안,이륜,남,70세,중상,승용,남,25세,상해없음
2014110100100419,2014년 11월 1일 15시,토요일,울산광역시 동구 일산동,경상사고,0,0,1,0,차대사람 - 기타,안전운전불이행,건조,맑음,교차로 - 교차로부근,승용,남,34세,상해없음,보행자,여,14세,경상
2014110100100493,2014년 11월 1일 17시,토요일,울산광역시 중구 약사동,중상사고,0,1,0,0,차대사람 - 차도통행중,안전운전불이행,건조,맑음,교차로 - 교차로부근,승용,남,41세,상해없음,보행자,여,67세,중상
2014110100100596,2014년 11월 1일 19시,토요일,울산광역시 북구 명촌동,경상사고,0,0,1,0,차대차 - 추돌 - 주정차중,안전거리미확보,습기,비,단일로 - 기타,승용,남,46세,상해없음,승용,여,56세,상해없음
2014110100100631,2014년 11월 1일 20시,토요일,울산광역시 울주군 언양읍,경상사고,0,0,2,0,차대차 - 추돌 - 진행중,기타,습기,흐림,단일로 - 기타,승용,남,41세,상해없음,승용,남,46세,경상
2014110100100632,2014년 11월 1일 20시,토요일,울산광역시 울주군 온산읍,중상사고,0,1,0,0,차대차 - 기타,안전운전불이행,건조,흐림,단일로 - 기타,승용,남,46세,상해없음,이륜,남,34세,중상
2014110100100633,2014년 11월 1일 20시,토요일,울산광역시 울주군 온산읍,사망사고,1,0,0,0,차량단독 - 공작물충돌,안전운전불이행,건조,맑음,단일로 - 기타,원동기,남,40세,사망,,,,
2014110100100657,2014년 11월 1일 21시,토요일,울산광역시 동구 전하동,사망사고,1,1,0,0,차대사람 - 기타,안전운전불이행,건조,맑음,단일로 - 기타,이륜,남,17세,중상,보행자,남,60세,사망
2014110100100681,2014년 11월 1일 22시,토요일,울산광역시 북구 양정동,중상사고,0,1,0,0,차대사람 - 횡단중,신호위반,건조,맑음,단일로 - 횡단보도상,이륜,남,16세,상해없음,보행자,여,25세,중상
2014110100100699,2014년 11월 1일 23시,토요일,울산광역시 남구 달동,경상사고,0,0,1,0,차대사람 - 기타,안전운전불이행,건조,흐림,단일로 - 기타,승용,여,43세,상해없음,보행자,여,19세,경상
2014110200100026,2014년 11월 2일 00시,일요일,울산광역시 남구 신정동,경상사고,0,0,2,0,차대차 - 기타,안전운전불이행,건조,맑음,교차로 - 교차로부근,승용,남,25세,상해없음,승용,남,18세,경상
2014110200100064,2014년 11월 2일 02시,일요일,울산광역시 남구 삼산동,경상사고,0,0,3,0,차대차 - 기타,안전운전불이행,건조,맑음,교차로 - 교차로부근,승용,여,38세,상해없음,승용,남,47세,경상
2014110200100065,2014년 11월 2일 02시,일요일,울산광역시 남구 달동,경상사고,0,0,1,0,차대차 - 측면직각충돌,안전거리미확보,건조,맑음,단일로 - 기타,승용,남,48세,상해없음,이륜,남,24세,경상
2014110200100151,2014년 11월 2일 08시,일요일,울산광역시 중구 서동,사망사고,1,0,0,0,차대사람 - 횡단중,안전운전불이행,건조,맑음,단일로 - 기타,승용,남,25세,상해없음,보행자,여,72세,사망
2014110200100226,2014년 11월 2일 12시,일요일,울산광역시 북구 신천동,중상사고,0,3,2,0,차대차 - 기타,불법유턴,건조,맑음,교차로 - 교차로안,이륜,남,70세,중상,승용,남,46세,중상
2014110200100250,2014년 11월 2일 13시,일요일,울산광역시 남구 삼산동,경상사고,0,0,1,0,차대차 - 기타,교차로운행방법위반,습기,비,교차로 - 교차로안,승용,남,41세,상해없음,승용,여,27세,경상
2014110200100251,2014년 11월 2일 13시,일요일,울산광역시 울주군 청량면,경상사고,0,0,1,0,차대차 - 추돌 - 진행중,안전거리미확보,건조,맑음,교차로 - 교차로부근,승용,남,18세,상해없음,승용,여,60세,경상
2014110200100282,2014년 11월 2일 14시,일요일,울산광역시 울주군 언양읍,경상사고,0,0,1,0,차대사람 - 횡단중,보행자보호의무위반,건조,맑음,단일로 - 횡단보도상,승용,남,32세,상해없음,보행자,여,61세,경상
2014110200100283,2014년 11월 2일 14시,일요일,울산광역시 울주군 온양읍,중상사고,0,1,0,0,차대사람 - 횡단중,안전운전불이행,건조,맑음,단일로 - 기타,자전거,남,52세,중상,보행자,남,4세,상해없음
2014110200100322,2014년 11월 2일 15시,일요일,울산광역시 동구 서부동,경상사고,0,0,2,0,차대차 - 측면직각충돌,안전운전불이행,건조,맑음,단일로 - 기타,승용,남,38세,상해없음,승용,남,37세,경상
2014110200100323,2014년 11월 2일 15시,일요일,울산광역시 울주군 범서읍,경상사고,0,0,2,1,차대차 - 추돌 - 주정차중,안전거리미확보,건조,맑음,단일로 - 기타,승용,남,62세,상해없음,승용,남,26세,부상신고
2014110200100394,2014년 11월 2일 17시,일요일,울산광역시 중구 장현동,경상사고,0,0,2,0,차대차 - 추돌 - 진행중,안전거리미확보,건조,맑음,교차로 - 교차로부근,승용,남,54세,상해없음,승용,여,37세,경상
2014110200100395,2014년 11월 2일 17시,일요일,울산광역시 남구 삼산동,중상사고,0,1,1,0,차대차 - 정면충돌,신호위반,건조,맑음,단일로 - 기타,승용,여,55세,상해없음,승용,남,34세,경상
2014110200100396,2014년 11월 2일 17시,일요일,울산광역시 울주군 범서읍,경상사고,0,0,1,0,차대차 - 추돌 - 진행중,안전운전불이행,건조,맑음,교차로 - 교차로부근,승용,여,45세,기타불명,자전거,남,12세,경상
2014110200100442,2014년 11월 2일 18시,일요일,울산광역시 북구 창평동,경상사고,0,0,1,0,차대차 - 추돌 - 주정차중,안전운전불이행,건조,맑음,단일로 - 기타,승용,남,54세,상해없음,승용,남,30세,경상
2014110200100493,2014년 11월 2일 19시,일요일,울산광역시 남구 삼산동,중상사고,0,2,3,0,차대차 - 측면직각충돌,직진우회전진행방해,건조,맑음,교차로 - 교차로안,승용,남,59세,경상,승용,여,50세,중상
2014110200100527,2014년 11월 2일 20시,일요일,울산광역시 중구 남외동,경상사고,0,0,1,0,차대사람 - 차도통행중,안전운전불이행,건조,맑음,단일로 - 기타,승용,여,39세,상해없음,보행자,남,44세,경상
2014110200100553,2014년 11월 2일 21시,일요일,울산광역시 남구 삼산동,중상사고,0,1,0,0,차대사람 - 차도통행중,안전운전불이행,건조,맑음,단일로 - 기타,승용,남,53세,상해없음,보행자,여,52세,중상
2014110200100554,2014년 11월 2일 21시,일요일,울산광역시 동구 서부동,경상사고,0,0,1,0,차대차 - 기타,안전거리미확보,건조,맑음,단일로 - 기타,이륜,남,19세,상해없음,승용,남,62세,경상
2014110300100029,2014년 11월 3일 02시,월요일,울산광역시 남구 무거동,중상사고,0,1,0,0,차량단독 - 공작물충돌,안전운전불이행,건조,맑음,단일로 - 기타,이륜,남,16세,중상,,,,
2014110300100049,2014년 11월 3일 05시,월요일,울산광역시 북구 신천동,중상사고,0,2,3,0,차대차 - 기타,신호위반,건조,맑음,교차로 - 교차로안,승용,남,59세,상해없음,승용,남,51세,중상
2014110300100050,2014년 11월 3일 05시,월요일,울산광역시 동구 방어동,부상신고사고,0,0,0,1,차대차 - 기타,안전운전불이행,건조,맑음,교차로 - 교차로부근,승용,남,36세,상해없음,승용,남,49세,부상신고
2014110300100068,2014년 11월 3일 06시,월요일,울산광역시 중구 반구동,중상사고,0,1,0,0,차대차 - 추돌 - 진행중,안전운전불이행,건조,맑음,단일로 - 기타,원동기,남,44세,중상,승용,남,60세,상해없음
2014110300100096,2014년 11월 3일 07시,월요일,울산광역시 중구 장현동,경상사고,0,0,4,1,차대차 - 추돌 - 주정차중,안전운전불이행,건조,맑음,단일로 - 기타,화물,남,36세,상해없음,승용,남,37세,부상신고
2014110300100097,2014년 11월 3일 07시,월요일,울산광역시 울주군 삼동면,부상신고사고,0,0,0,1,차대차 - 추돌 - 진행중,안전거리미확보,건조,맑음,단일로 - 기타,승용,남,58세,상해없음,화물,남,41세,부상신고
2014110300100171,2014년 11월 3일 09시,월요일,울산광역시 북구 효문동,경상사고,0,0,2,0,차대차 - 측면직각충돌,안전거리미확보,건조,맑음,단일로 - 기타,승합,남,54세,상해없음,화물,여,45세,경상
2014110300100229,2014년 11월 3일 11시,월요일,울산광역시 남구 달동,경상사고,0,0,1,0,차대차 - 기타,안전거리미확보,건조,맑음,교차로 - 교차로안,승용,남,30세,상해없음,승합,남,46세,상해없음
2014110300100259,2014년 11월 3일 12시,월요일,울산광역시 동구 일산동,경상사고,0,0,1,0,차대차 - 정면충돌,안전운전불이행,건조,맑음,교차로 - 교차로안,승용,남,37세,상해없음,이륜,남,31세,경상
2014110300100260,2014년 11월 3일 12시,월요일,울산광역시 북구 산하동,중상사고,0,2,0,0,차대차 - 기타,중앙선침범,건조,맑음,단일로 - 기타,승용,남,44세,상해없음,승용,남,35세,중상
2014110300100296,2014년 11월 3일 13시,월요일,울산광역시 북구 신천동,중상사고,0,1,0,0,차대사람 - 기타,안전운전불이행,건조,맑음,단일로 - 기타,화물,남,60세,상해없음,보행자,여,43세,중상
2014110300100329,2014년 11월 3일 14시,월요일,울산광역시 울주군 온산읍,사망사고,1,0,0,0,차대차 - 기타,교차로운행방법위반,건조,맑음,교차로 - 교차로안,건설기계,남,61세,상해없음,원동기,남,77세,사망
2014110300100330,2014년 11월 3일 14시,월요일,울산광역시 울주군 범서읍,경상사고,0,0,1,0,차대차 - 측면직각충돌,교차로운행방법위반,건조,맑음,교차로 - 교차로부근,원동기,남,27세,경상,승용,남,36세,상해없음
2014110300100371,2014년 11월 3일 15시,월요일,울산광역시 울주군 언양읍,중상사고,0,1,0,0,차대사람 - 차도통행중,안전운전불이행,건조,맑음,교차로 - 교차로안,건설기계,남,54세,상해없음,보행자,남,19세,중상
2014110300100417,2014년 11월 3일 16시,월요일,울산광역시 남구 매암동,중상사고,0,1,0,0,차대차 - 기타,교차로운행방법위반,기타,맑음,교차로 - 교차로안,승용,남,49세,상해없음,승용,여,55세,중상
2014110300100468,2014년 11월 3일 18시,월요일,울산광역시 울주군 범서읍,중상사고,0,1,0,0,차대차 - 측면직각충돌,안전거리미확보,건조,맑음,단일로 - 기타,화물,남,45세,상해없음,승용,여,52세,중상
2014110300100515,2014년 11월 3일 18시,월요일,울산광역시 북구 상안동,경상사고,0,0,1,0,차대사람 - 보도통행중,기타,건조,맑음,단일로 - 기타,승용,남,29세,상해없음,보행자,여,17세,경상
2014110300100516,2014년 11월 3일 18시,월요일,울산광역시 북구 염포동,중상사고,0,2,1,0,차대차 - 정면충돌,중앙선침범,건조,맑음,단일로 - 기타,승용,남,19세,상해없음,승용,여,54세,상해없음
2014110300100560,2014년 11월 3일 19시,월요일,울산광역시 중구 태화동,경상사고,0,0,1,0,차대차 - 기타,안전거리미확보,건조,맑음,단일로 - 기타,승용,남,65세,상해없음,승용,남,32세,경상
2014110300100670,2014년 11월 3일 23시,월요일,울산광역시 중구 북정동,중상사고,0,1,0,0,차대차 - 추돌 - 주정차중,안전운전불이행,건조,맑음,단일로 - 기타,승용,남,30세,중상,승합,남,64세,기타불명
2014110300100671,2014년 11월 3일 23시,월요일,울산광역시 동구 방어동,경상사고,0,0,1,0,차대차 - 기타,안전운전불이행,건조,맑음,교차로 - 교차로부근,이륜,남,33세,경상,승용,남,50세,상해없음
2014110400100031,2014년 11월 4일 03시,화요일,울산광역시 중구 성남동,중상사고,0,1,0,0,차대사람 - 차도통행중,안전운전불이행,건조,맑음,기타 - 기타,기타불명,기타불명,기타불명,기타불명,보행자,남,19세,중상
2014110400100107,2014년 11월 4일 07시,화요일,울산광역시 울주군 온양읍,부상신고사고,0,0,0,1,차대사람 - 길가장자리구역통행중,안전운전불이행,건조,맑음,단일로 - 기타,승용,남,32세,상해없음,보행자,여,14세,부상신고
2014110400100169,2014년 11월 4일 08시,화요일,울산광역시 남구 삼산동,중상사고,0,1,0,0,차대사람 - 차도통행중,안전운전불이행,건조,맑음,교차로 - 교차로안,화물,남,58세,상해없음,보행자,남,49세,중상
2014110400100170,2014년 11월 4일 08시,화요일,울산광역시 남구 신정동,중상사고,0,1,0,0,차대차 - 추돌 - 주정차중,안전운전불이행,건조,맑음,단일로 - 교량,승용,남,44세,상해없음,승용,여,52세,중상
2014110400100233,2014년 11월 4일 10시,화요일,울산광역시 중구 다운동,중상사고,0,1,0,0,차대사람 - 횡단중,보행자보호의무위반,건조,맑음,교차로 - 교차로안,승용,남,34세,상해없음,보행자,여,46세,중상
2014110400100234,2014년 11월 4일 10시,화요일,울산광역시 남구 신정동,중상사고,0,5,24,0,차대차 - 기타,안전운전불이행,건조,맑음,단일로 - 기타,승합,남,67세,상해없음,화물,남,57세,경상
2014110400100267,2014년 11월 4일 11시,화요일,울산광역시 울주군 범서읍,경상사고,0,0,3,0,차대차 - 추돌 - 진행중,안전거리미확보,건조,맑음,단일로 - 기타,승용,남,62세,상해없음,승용,여,50세,경상
2014110400100303,2014년 11월 4일 12시,화요일,울산광역시 북구 화봉동,경상사고,0,0,1,0,차대사람 - 횡단중,안전운전불이행,건조,맑음,교차로 - 교차로부근,화물,남,52세,상해없음,보행자,여,81세,경상
2014110400100413,2014년 11월 4일 15시,화요일,울산광역시 중구 복산동,경상사고,0,0,3,0,차대차 - 추돌 - 주정차중,안전운전불이행,건조,맑음,교차로 - 교차로부근,화물,남,30세,상해없음,승용,여,30세,경상
2014110400100414,2014년 11월 4일 15시,화요일,울산광역시 북구 정자동,중상사고,0,1,1,0,차대차 - 기타,안전운전불이행,건조,맑음,단일로 - 기타,건설기계,남,67세,상해없음,화물,남,69세,경상
2014110400100466,2014년 11월 4일 16시,화요일,울산광역시 중구 성안동,경상사고,0,0,1,0,차대차 - 기타,직진우회전진행방해,건조,맑음,교차로 - 교차로안,승용,남,53세,상해없음,화물,남,38세,경상
2014110400100511,2014년 11월 4일 17시,화요일,울산광역시 북구 상안동,경상사고,0,0,1,0,차대차 - 측면직각충돌,중앙선침범,건조,맑음,단일로 - 기타,승용,남,44세,상해없음,승용,여,51세,경상
2014110400100577,2014년 11월 4일 18시,화요일,울산광역시 울주군 서생면,사망사고,1,0,0,0,차대차 - 기타,안전운전불이행,건조,맑음,단일로 - 기타,이륜,남,20세,사망,화물,남,67세,기타불명
2014110400100707,2014년 11월 4일 22시,화요일,울산광역시 남구 달동,경상사고,0,0,1,0,차대사람 - 기타,안전운전불이행,건조,맑음,단일로 - 기타,승용,남,39세,상해없음,보행자,남,48세,경상
2014110400100708,2014년 11월 4일 22시,화요일,울산광역시 북구 양정동,경상사고,0,0,2,0,차대차 - 기타,안전운전불이행,건조,맑음,교차로 - 교차로안,승용,남,37세,상해없음,승용,남,33세,기타불명
2014110500100049,2014년 11월 5일 02시,수요일,울산광역시 울주군 온양읍,부상신고사고,0,0,0,1,차량단독 - 공작물충돌,안전운전불이행,건조,맑음,교차로 - 교차로안,승용,남,49세,부상신고,,,,
2014110500100079,2014년 11월 5일 05시,수요일,울산광역시 남구 달동,경상사고,0,0,1,0,차대차 - 추돌 - 진행중,안전거리미확보,건조,맑음,단일로 - 기타,승용,남,73세,상해없음,승용,남,38세,상해없음
2014110500100134,2014년 11월 5일 07시,수요일,울산광역시 남구 야음동,중상사고,0,1,0,0,차대사람 - 기타,안전운전불이행,기타,맑음,단일로 - 기타,승용,남,38세,상해없음,보행자,여,71세,중상
2014110500100135,2014년 11월 5일 07시,수요일,울산광역시 울주군 온산읍,경상사고,0,0,2,0,차대차 - 측면직각충돌,중앙선침범,건조,맑음,단일로 - 기타,승용,남,37세,기타불명,승용,남,61세,경상
2014110500100196,2014년 11월 5일 08시,수요일,울산광역시 중구 남외동,경상사고,0,0,1,0,차대차 - 측면직각충돌,안전운전불이행,건조,맑음,교차로 - 교차로안,화물,남,60세,상해없음,이륜,남,22세,경상
2014110500100197,2014년 11월 5일 08시,수요일,울산광역시 중구 남외동,경상사고,0,0,1,0,차대차 - 추돌 - 진행중,안전운전불이행,건조,맑음,단일로 - 기타,이륜,남,43세,경상,화물,남,54세,상해없음
2014110500100238,2014년 11월 5일 09시,수요일,울산광역시 동구 방어동,중상사고,0,1,1,0,차대차 - 기타,신호위반,건조,맑음,단일로 - 기타,승용,여,28세,상해없음,승용,남,70세,중상
2014110500100307,2014년 11월 5일 11시,수요일,울산광역시 울주군 삼남면,경상사고,0,0,1,0,차량단독 - 공작물충돌,안전운전불이행,건조,맑음,단일로 - 기타,승용,여,49세,경상,,,,