사고번호,사고일시,요일,시군구,사고내용,사망자수,중상자수,경상자수,부상신고자수,사고유형,법규위반,노면상태,기상상태,도로형태,가해운전자 차종,가해운전자 성별,가해운전자 연령,가해운전자 상해정도,피해운전자 차종,피해운전자 성별,피해운전자 연령,피해운전자 상해정도
2014111200100455,2014년 11월 12일 16시,수요일,울산광역시 중구 성안동,경상사고,0,0,1,0,차대사람 - 횡단중,안전운전불이행,건조,맑음,단일로 - 기타,승용,여,47세,상해없음,보행자,여,75세,경상
2014111200100572,2014년 11월 12일 18시,수요일,울산광역시 동구 방어동,중상사고,0,1,1,0,차대차 - 기타,교차로운행방법위반,건조,맑음,교차로 - 교차로안,승용,남,58세,기타불명,이륜,여,30세,경상
2014111200100626,2014년 11월 12일 19시,수요일,울산광역시 중구 옥교동,중상사고,0,1,0,0,차대사람 - 기타,안전운전불이행,건조,맑음,단일로 - 기타,승용,여,37세,상해없음,보행자,남,48세,중상
2014111200100627,2014년 11월 12일 19시,수요일,울산광역시 중구 우정동,경상사고,0,0,1,0,차대차 - 추돌 - 주정차중,안전운전불이행,건조,맑음,교차로 - 교차로부근,승용,여,29세,상해없음,승용,남,68세,경상
2014111200100665,2014년 11월 12일 20시,수요일,울산광역시 남구 달동,중상사고,0,1,0,0,차대차 - 측면직각충돌,불법유턴,건조,맑음,교차로 - 교차로부근,자전거,남,60세,중상,승용,남,27세,상해없음
2014111200100701,2014년 11월 12일 21시,수요일,울산광역시 남구 삼산동,경상사고,0,0,1,0,차대차 - 정면충돌,안전운전불이행,건조,맑음,단일로 - 기타,자전거,남,45세,경상,승용,여,41세,상해없음
2014111200100702,2014년 11월 12일 21시,수요일,울산광역시 동구 화정동,경상사고,0,0,1,0,차대차 - 기타,신호위반,건조,맑음,교차로 - 교차로안,승용,남,44세,상해없음,원동기,남,42세,경상
2014111300100026,2014년 11월 13일 01시,목요일,울산광역시 남구 달동,경상사고,0,0,1,0,차대사람 - 기타,안전운전불이행,건조,맑음,교차로 - 교차로부근,승용,여,54세,상해없음,보행자,남,18세,경상
2014111300100027,2014년 11월 13일 01시,목요일,울산광역시 동구 동부동,경상사고,0,0,1,0,차대사람 - 횡단중,안전운전불이행,건조,맑음,단일로 - 기타,이륜,남,27세,상해없음,보행자,남,49세,경상
2014111300100096,2014년 11월 13일 07시,목요일,울산광역시 남구 신정동,경상사고,0,0,2,0,차대차 - 추돌 - 주정차중,안전운전불이행,건조,맑음,단일로 - 기타,승용,남,39세,상해없음,승용,남,44세,경상
2014111300100097,2014년 11월 13일 07시,목요일,울산광역시 울주군 온산읍,경상사고,0,0,1,0,차대사람 - 횡단중,보행자보호의무위반,건조,맑음,교차로 - 교차로부근,승용,남,33세,상해없음,보행자,남,55세,경상
2014111300100147,2014년 11월 13일 08시,목요일,울산광역시 북구 명촌동,중상사고,0,1,0,0,차대차 - 정면충돌,안전운전불이행,건조,맑음,단일로 - 횡단보도상,승용,남,62세,상해없음,자전거,남,17세,중상
2014111300100171,2014년 11월 13일 09시,목요일,울산광역시 울주군 범서읍,경상사고,0,0,1,0,차대차 - 측면직각충돌,신호위반,건조,맑음,교차로 - 교차로안,화물,남,61세,상해없음,승용,남,29세,경상
2014111300100208,2014년 11월 13일 10시,목요일,울산광역시 남구 상개동,경상사고,0,0,1,0,차대차 - 측면직각충돌,교차로운행방법위반,건조,맑음,교차로 - 교차로안,승용,남,49세,상해없음,승용,남,40세,경상
2014111300100209,2014년 11월 13일 10시,목요일,울산광역시 남구 달동,경상사고,0,0,1,0,차대차 - 기타,안전운전불이행,기타,맑음,교차로 - 교차로안,화물,남,53세,상해없음,승용,남,33세,경상
2014111300100250,2014년 11월 13일 11시,목요일,울산광역시 남구 두왕동,경상사고,0,0,2,0,차대차 - 기타,안전운전불이행,기타,맑음,단일로 - 기타,승용,남,58세,상해없음,승용,남,36세,경상
2014111300100283,2014년 11월 13일 12시,목요일,울산광역시 남구 두왕동,중상사고,0,1,0,0,차대차 - 기타,안전운전불이행,기타,맑음,단일로 - 기타,승용,남,65세,상해없음,승용,남,33세,중상
2014111300100284,2014년 11월 13일 12시,목요일,울산광역시 동구 방어동,사망사고,1,1,3,0,차대차 - 기타,중앙선침범,건조,맑음,단일로 - 기타,승용,여,48세,상해없음,승용,남,25세,중상
2014111300100285,2014년 11월 13일 12시,목요일,울산광역시 울주군 웅촌면,경상사고,0,0,1,0,차대차 - 기타,안전운전불이행,건조,맑음,교차로 - 교차로안,건설기계,남,47세,상해없음,승용,남,34세,경상
2014111300100317,2014년 11월 13일 13시,목요일,울산광역시 중구 남외동,중상사고,0,4,2,0,차대차 - 측면직각충돌,신호위반,건조,맑음,교차로 - 교차로안,화물,남,62세,중상,승합,남,47세,경상
2014111300100588,2014년 11월 13일 19시,목요일,울산광역시 북구 진장동,경상사고,0,0,1,0,차대차 - 기타,안전운전불이행,건조,맑음,단일로 - 기타,승용,남,35세,상해없음,승용,남,31세,경상
2014111300100619,2014년 11월 13일 20시,목요일,울산광역시 중구 유곡동,경상사고,0,0,1,0,차대차 - 추돌 - 진행중,안전거리미확보,건조,맑음,교차로 - 교차로부근,승용,남,49세,상해없음,승용,남,46세,경상
2014111400100122,2014년 11월 14일 06시,금요일,울산광역시 북구 양정동,경상사고,0,0,1,0,차대차 - 기타,안전운전불이행,건조,맑음,교차로 - 교차로부근,이륜,남,27세,상해없음,이륜,남,65세,경상
2014111400100123,2014년 11월 14일 06시,금요일,울산광역시 동구 방어동,중상사고,0,1,0,0,차대차 - 기타,교차로운행방법위반,건조,맑음,교차로 - 교차로안,승용,남,41세,상해없음,이륜,남,59세,중상
2014111400100149,2014년 11월 14일 07시,금요일,울산광역시 동구 전하동,경상사고,0,0,1,0,차대차 - 측면직각충돌,신호위반,건조,맑음,교차로 - 교차로부근,승용,여,37세,상해없음,이륜,남,33세,경상
2014111400100306,2014년 11월 14일 12시,금요일,울산광역시 북구 신현동,중상사고,0,1,0,0,차대차 - 기타,중앙선침범,건조,맑음,단일로 - 기타,승용,여,34세,상해없음,화물,남,49세,중상
2014111400100343,2014년 11월 14일 13시,금요일,울산광역시 울주군 온양읍,중상사고,0,1,0,0,차대차 - 추돌 - 주정차중,안전운전불이행,건조,맑음,단일로 - 기타,승용,여,32세,상해없음,승용,남,39세,중상
2014111400100427,2014년 11월 14일 15시,금요일,울산광역시 중구 태화동,중상사고,0,1,0,0,차대사람 - 기타,보행자보호의무위반,건조,맑음,단일로 - 횡단보도상,승용,남,30세,상해없음,보행자,남,8세,중상
2014111400100472,2014년 11월 14일 16시,금요일,울산광역시 중구 복산동,경상사고,0,0,1,0,차대차 - 기타,안전거리미확보,건조,맑음,교차로 - 교차로부근,승합,남,63세,상해없음,승용,여,44세,경상
2014111400100473,2014년 11월 14일 16시,금요일,울산광역시 남구 무거동,경상사고,0,0,1,0,차대차 - 측면직각충돌,안전운전불이행,건조,맑음,단일로 - 기타,승용,남,69세,상해없음,승용,여,48세,경상
2014111400100527,2014년 11월 14일 17시,금요일,울산광역시 북구 화봉동,사망사고,1,0,0,0,차대사람 - 기타,안전운전불이행,건조,맑음,단일로 - 기타,승용,남,69세,상해없음,보행자,여,66세,사망
2014111400100644,2014년 11월 14일 19시,금요일,울산광역시 남구 무거동,사망사고,1,0,0,0,차대사람 - 기타,안전운전불이행,기타,맑음,단일로 - 기타,승용,남,41세,상해없음,보행자,여,22세,사망
2014111400100645,2014년 11월 14일 19시,금요일,울산광역시 동구 전하동,경상사고,0,0,1,0,차대사람 - 기타,안전운전불이행,건조,맑음,교차로 - 교차로부근,승용,남,57세,상해없음,보행자,남,18세,경상
2014111400100690,2014년 11월 14일 20시,금요일,울산광역시 남구 달동,중상사고,0,1,0,0,차대사람 - 횡단중,안전운전불이행,건조,맑음,교차로 - 교차로안,승용,남,24세,상해없음,보행자,남,33세,중상
2014111400100768,2014년 11월 14일 22시,금요일,울산광역시 북구 상안동,경상사고,0,0,1,0,차대사람 - 횡단중,보행자보호의무위반,건조,맑음,단일로 - 횡단보도상,기타불명,기타불명,기타불명,기타불명,보행자,남,16세,경상
2014111500100046,2014년 11월 15일 01시,토요일,울산광역시 중구 남외동,경상사고,0,0,3,0,차대차 - 측면직각충돌,신호위반,건조,맑음,교차로 - 교차로안,승합,남,63세,경상,승용,남,54세,경상
2014111500100123,2014년 11월 15일 06시,토요일,울산광역시 울주군 청량면,경상사고,0,0,1,0,차대차 - 추돌 - 주정차중,안전운전불이행,건조,맑음,단일로 - 기타,승용,남,46세,경상,특수,남,50세,상해없음
2014111500100271,2014년 11월 15일 11시,토요일,울산광역시 중구 교동,중상사고,0,1,0,0,차대차 - 측면직각충돌,안전거리미확보,건조,맑음,단일로 - 기타,승용,남,63세,상해없음,이륜,남,25세,중상
2014111500100331,2014년 11월 15일 13시,토요일,울산광역시 동구 방어동,중상사고,0,1,0,0,차대사람 - 횡단중,보행자보호의무위반,건조,맑음,단일로 - 횡단보도상,승용,남,44세,상해없음,보행자,남,4세,중상
2014111500100367,2014년 11월 15일 14시,토요일,울산광역시 북구 진장동,중상사고,0,1,0,0,차대사람 - 기타,기타,건조,맑음,단일로 - 기타,승용,남,45세,상해없음,보행자,여,46세,중상
2014111500100368,2014년 11월 15일 14시,토요일,울산광역시 중구 반구동,중상사고,0,1,0,0,차대차 - 측면직각충돌,안전운전불이행,건조,맑음,단일로 - 기타,승용,남,29세,상해없음,이륜,남,57세,중상
2014111500100369,2014년 11월 15일 14시,토요일,울산광역시 울주군 범서읍,중상사고,0,3,1,1,차대차 - 추돌 - 진행중,안전거리미확보,건조,맑음,단일로 - 기타,승용,여,51세,부상신고,승용,남,45세,중상
2014111500100407,2014년 11월 15일 15시,토요일,울산광역시 남구 삼산동,경상사고,0,0,1,0,차대사람 - 횡단중,안전운전불이행,건조,맑음,단일로 - 기타,승용,남,45세,상해없음,보행자,여,6세,경상
2014111500100438,2014년 11월 15일 16시,토요일,울산광역시 중구 태화동,중상사고,0,1,0,0,차대사람 - 횡단중,안전운전불이행,건조,맑음,단일로 - 기타,승용,남,55세,상해없음,보행자,여,50세,중상
2014111500100482,2014년 11월 15일 17시,토요일,울산광역시 중구 교동,경상사고,0,0,1,0,차대차 - 기타,안전운전불이행,건조,맑음,단일로 - 기타,승용,남,54세,상해없음,자전거,남,13세,경상
2014111500100656,2014년 11월 15일 22시,토요일,울산광역시 남구 달동,경상사고,0,0,1,0,차대사람 - 횡단중,안전운전불이행,건조,맑음,교차로 - 교차로안,승용,남,29세,상해없음,보행자,남,52세,경상
2014111500100657,2014년 11월 15일 22시,토요일,울산광역시 동구 방어동,중상사고,0,1,0,0,차대사람 - 기타,신호위반,건조,맑음,단일로 - 기타,승용,남,60세,상해없음,보행자,여,41세,중상
2014111500100681,2014년 11월 15일 23시,토요일,울산광역시 동구 동부동,중상사고,0,1,0,0,차량단독 - 기타,안전운전불이행,건조,맑음,단일로 - 기타,이륜,남,17세,중상,,,,
2014111600100026,2014년 11월 16일 00시,일요일,울산광역시 울주군 상북면,경상사고,0,0,1,0,차량단독 - 공작물충돌,안전운전불이행,건조,맑음,단일로 - 기타,승용,남,47세,경상,,,,
2014111600100063,2014년 11월 16일 02시,일요일,울산광역시 남구 달동,부상신고사고,0,0,0,2,차대차 - 측면직각충돌,직진우회전진행방해,건조,맑음,교차로 - 교차로안,승용,남,54세,상해없음,승용,여,58세,상해없음
2014111600100173,2014년 11월 16일 10시,일요일,울산광역시 동구 서부동,부상신고사고,0,0,0,1,차대사람 - 보도통행중,안전운전불이행,건조,맑음,단일로 - 기타,기타불명,기타불명,기타불명,기타불명,보행자,여,23세,부상신고
2014111600100174,2014년 11월 16일 10시,일요일,울산광역시 울주군 상북면,경상사고,0,0,1,0,차대차 - 기타,교차로운행방법위반,건조,맑음,단일로 - 기타,화물,여,45세,상해없음,승용,여,54세,경상
2014111600100221,2014년 11월 16일 12시,일요일,울산광역시 남구 야음동,중상사고,0,1,0,0,차대차 - 추돌 - 진행중,차로위반,건조,맑음,단일로 - 기타,승용,남,23세,상해없음,이륜,남,55세,중상
2014111600100343,2014년 11월 16일 16시,일요일,울산광역시 남구 삼산동,중상사고,0,1,0,0,차대차 - 측면직각충돌,중앙선침범,건조,맑음,교차로 - 교차로부근,승용,여,40세,상해없음,이륜,남,29세,중상
2014111600100372,2014년 11월 16일 17시,일요일,울산광역시 중구 남외동,경상사고,0,0,1,0,차대사람 - 길가장자리구역통행중,안전운전불이행,건조,맑음,단일로 - 기타,승용,남,24세,상해없음,보행자,남,48세,경상
2014111600100373,2014년 11월 16일 17시,일요일,울산광역시 남구 옥동,경상사고,0,0,2,0,차대차 - 추돌 - 진행중,안전운전불이행,건조,맑음,단일로 - 기타,승용,남,79세,상해없음,승용,남,81세,경상
2014111600100415,2014년 11월 16일 18시,일요일,울산광역시 북구 연암동,경상사고,0,0,2,0,차대차 - 추돌 - 주정차중,안전운전불이행,건조,맑음,단일로 - 기타,승용,남,41세,상해없음,승용,남,51세,경상
2014111600100416,2014년 11월 16일 18시,일요일,울산광역시 남구 신정동,중상사고,0,1,1,0,차대사람 - 횡단중,보행자보호의무위반,건조,맑음,단일로 - 횡단보도상,원동기,남,57세,중상,보행자,남,37세,경상
2014111600100453,2014년 11월 16일 19시,일요일,울산광역시 중구 다운동,경상사고,0,0,2,0,차대차 - 기타,직진우회전진행방해,건조,맑음,교차로 - 교차로안,이륜,남,39세,상해없음,승합,남,37세,상해없음
2014111600100454,2014년 11월 16일 19시,일요일,울산광역시 남구 무거동,경상사고,0,0,1,0,차대차 - 기타,안전운전불이행,건조,맑음,교차로 - 교차로부근,화물,남,61세,상해없음,승용,남,26세,상해없음
2014111600100455,2014년 11월 16일 19시,일요일,울산광역시 남구 신정동,경상사고,0,0,1,0,차대차 - 측면직각충돌,신호위반,건조,맑음,교차로 - 교차로부근,승용,여,46세,상해없음,승용,남,26세,경상
2014111600100481,2014년 11월 16일 20시,일요일,울산광역시 중구 다운동,경상사고,0,0,3,0,차대차 - 추돌 - 주정차중,안전거리미확보,건조,맑음,단일로 - 기타,승용,여,49세,상해없음,승용,남,35세,경상
2014111600100533,2014년 11월 16일 22시,일요일,울산광역시 남구 무거동,경상사고,0,0,2,0,차대차 - 기타,안전운전불이행,건조,맑음,교차로 - 교차로부근,승용,남,34세,상해없음,승용,남,59세,경상
2014111700100023,2014년 11월 17일 01시,월요일,울산광역시 울주군 삼남면,부상신고사고,0,0,0,1,차대차 - 추돌 - 주정차중,안전운전불이행,건조,맑음,단일로 - 기타,승용,여,47세,부상신고,승용,남,26세,기타불명
2014111700100156,2014년 11월 17일 08시,월요일,울산광역시 울주군 범서읍,경상사고,0,0,1,0,차량단독 - 공작물충돌,안전운전불이행,건조,맑음,단일로 - 기타,승용,여,56세,경상,,,,
2014111700100189,2014년 11월 17일 09시,월요일,울산광역시 북구 효문동,경상사고,0,0,1,0,차대차 - 기타,안전운전불이행,건조,맑음,단일로 - 기타,기타불명,기타불명,기타불명,기타불명,승용,남,70세,상해없음
2014111700100224,2014년 11월 17일 10시,월요일,울산광역시 남구 삼산동,경상사고,0,0,2,0,차대차 - 측면직각충돌,교차로운행방법위반,건조,맑음,교차로 - 교차로안,승합,남,65세,상해없음,승용,남,57세,경상
2014111700100225,2014년 11월 17일 10시,월요일,울산광역시 동구 방어동,중상사고,0,1,0,0,차대차 - 기타,교차로운행방법위반,건조,맑음,교차로 - 교차로안,이륜,남,70세,중상,승용,여,60세,상해없음
2014111700100341,2014년 11월 17일 14시,월요일,울산광역시 울주군 상북면,경상사고,0,0,1,0,차대차 - 추돌 - 진행중,중앙선침범,건조,맑음,단일로 - 기타,승용,남,49세,상해없음,화물,남,54세,경상
2014111700100383,2014년 11월 17일 15시,월요일,울산광역시 동구 화정동,중상사고,0,1,0,0,차대차 - 측면직각충돌,교차로운행방법위반,건조,맑음,교차로 - 교차로안,승용,여,58세,상해없음,승용,여,62세,중상
2014111700100441,2014년 11월 17일 17시,월요일,울산광역시 울주군 삼남면,중상사고,0,1,0,0,차대차 - 측면직각충돌,교차로운행방법위반,건조,맑음,교차로 - 교차로안,화물,남,56세,상해없음,이륜,남,75세,중상
2014111700100556,2014년 11월 17일 19시,월요일,울산광역시 중구 학성동,사망사고,1,0,0,0,차대사람 - 기타,안전운전불이행,건조,맑음,교차로 - 교차로안,승용,남,61세,상해없음,보행자,여,56세,사망
2014111700100557,2014년 11월 17일 19시,월요일,울산광역시 동구 화정동,중상사고,0,1,0,0,차대차 - 측면직각충돌,교차로운행방법위반,건조,맑음,교차로 - 교차로안,승용,여,29세,상해없음,이륜,남,57세,중상
2014111700100658,2014년 11월 17일 22시,월요일,울산광역시 남구 옥동,경상사고,0,0,2,0,차대차 - 기타,안전운전불이행,건조,맑음,단일로 - 기타,화물,남,54세,상해없음,승용,남,25세,경상
2014111700100678,2014년 11월 17일 23시,월요일,울산광역시 중구 우정동,중상사고,0,1,0,0,차대차 - 측면직각충돌,차로위반,건조,맑음,단일로 - 기타,승용,남,32세,상해없음,원동기,남,18세,중상
2014111700100679,2014년 11월 17일 23시,월요일,울산광역시 남구 무거동,경상사고,0,0,1,0,차대사람 - 길가장자리구역통행중,안전운전불이행,건조,맑음,단일로 - 기타,승용,남,25세,상해없음,보행자,여,20세,경상
2014111700100680,2014년 11월 17일 23시,월요일,울산광역시 울주군 온산읍,중상사고,0,1,0,0,차대사람 - 기타,안전운전불이행,건조,맑음,단일로 - 기타,승용,남,46세,상해없음,보행자,남,49세,중상
2014111800100035,2014년 11월 18일 02시,화요일,울산광역시 중구 반구동,중상사고,0,1,1,1,차대차 - 측면직각충돌,신호위반,건조,맑음,단일로 - 기타,이륜,남,21세,부상신고,승용,남,25세,경상
2014111800100051,2014년 11월 18일 04시,화요일,울산광역시 울주군 범서읍,중상사고,0,1,0,0,차대사람 - 보도통행중,보행자보호의무위반,건조,맑음,단일로 - 기타,승용,여,53세,상해없음,보행자,여,45세,중상
2014111800100080,2014년 11월 18일 06시,화요일,울산광역시 중구 학성동,중상사고,0,1,0,0,차대차 - 측면직각충돌,안전운전불이행,건조,맑음,교차로 - 교차로부근,자전거,남,63세,중상,승용,남,60세,기타불명
2014111800100081,2014년 11월 18일 06시,화요일,울산광역시 동구 서부동,중상사고,0,1,0,0,차대사람 - 횡단중,중앙선침범,건조,맑음,교차로 - 교차로안,화물,남,52세,상해없음,보행자,남,49세,중상
2014111800100105,2014년 11월 18일 07시,화요일,울산광역시 중구 반구동,중상사고,0,1,0,0,차대차 - 추돌 - 진행중,안전운전불이행,건조,맑음,단일로 - 기타,원동기,남,34세,중상,승용,남,63세,상해없음
2014111800100106,2014년 11월 18일 07시,화요일,울산광역시 동구 서부동,중상사고,0,1,0,0,차대차 - 측면직각충돌,교차로운행방법위반,건조,맑음,교차로 - 교차로안,승용,여,55세,상해없음,이륜,남,51세,중상
2014111800100157,2014년 11월 18일 08시,화요일,울산광역시 북구 호계동,경상사고,0,0,1,0,차대차 - 측면직각충돌,안전거리미확보,건조,맑음,교차로 - 교차로안,건설기계,남,40세,상해없음,승용,남,44세,경상
2014111800100232,2014년 11월 18일 11시,화요일,울산광역시 울주군 삼남면,중상사고,0,1,1,0,차대차 - 측면직각충돌,교차로운행방법위반,건조,맑음,교차로 - 교차로안,승합,여,54세,상해없음,승용,남,67세,경상
2014111800100298,2014년 11월 18일 13시,화요일,울산광역시 울주군 삼남면,경상사고,0,0,1,0,차대차 - 기타,안전운전불이행,건조,맑음,단일로 - 기타,화물,남,71세,상해없음,승용,남,51세,경상
2014111800100359,2014년 11월 18일 15시,화요일,울산광역시 중구 태화동,경상사고,0,0,1,0,차대차 - 기타,안전운전불이행,건조,맑음,단일로 - 기타,특수,남,43세,상해없음,승용,여,31세,경상
2014111800100397,2014년 11월 18일 16시,화요일,울산광역시 북구 진장동,경상사고,0,0,1,0,차대차 - 기타,안전거리미확보,건조,맑음,교차로 - 교차로안,이륜,남,23세,상해없음,화물,남,38세,상해없음
2014111800100506,2014년 11월 18일 18시,화요일,울산광역시 중구 서동,경상사고,0,0,2,0,차대차 - 추돌 - 진행중,안전운전불이행,건조,맑음,단일로 - 기타,승용,남,49세,상해없음,승용,여,44세,경상
2014111800100507,2014년 11월 18일 18시,화요일,울산광역시 동구 방어동,중상사고,0,1,0,0,차대차 - 기타,안전운전불이행,건조,맑음,단일로 - 기타,이륜,남,63세,중상,승합,여,49세,상해없음
2014111800100546,2014년 11월 18일 19시,화요일,울산광역시 중구 남외동,중상사고,0,1,0,0,차대사람 - 차도통행중,안전운전불이행,건조,맑음,단일로 - 기타,승용,여,48세,상해없음,보행자,여,57세,중상
2014111800100612,2014년 11월 18일 21시,화요일,울산광역시 남구 야음동,경상사고,0,0,1,0,차대차 - 기타,안전운전불이행,건조,맑음,단일로 - 기타,자전거,남,22세,경상,승용,여,55세,상해없음
2014111800100636,2014년 11월 18일 22시,화요일,울산광역시 북구 진장동,경상사고,0,0,2,0,차대차 - 추돌 - 주정차중,안전운전불이행,건조,맑음,단일로 - 교량,승용,여,26세,경상,승합,남,40세,경상
2014111800100666,2014년 11월 18일 23시,화요일,울산광역시 남구 무거동,경상사고,0,0,1,0,차대차 - 추돌 - 진행중,안전거리미확보,건조,맑음,단일로 - 기타,승용,남,44세,상해없음,승용,남,57세,경상
2014111900100019,2014년 11월 19일 00시,수요일,울산광역시 남구 신정동,중상사고,0,1,0,0,차대차 - 측면직각충돌,중앙선침범,건조,맑음,단일로 - 기타,승용,남,50세,상해없음,원동기,남,35세,중상
2014111900100020,2014년 11월 19일 00시,수요일,울산광역시 남구 삼산동,경상사고,0,0,1,0,차대차 - 추돌 - 주정차중,안전운전불이행,건조,맑음,교차로 - 교차로부근,승합,남,41세,상해없음,승용,남,58세,경상
2014111900100034,2014년 11월 19일 01시,수요일,울산광역시 동구 전하동,중상사고,0,1,0,0,차대차 - 측면직각충돌,안전운전불이행,건조,맑음,단일로 - 기타,승용,남,53세,상해없음,이륜,남,22세,중상
2014111900100035,2014년 11월 19일 01시,수요일,울산광역시 동구 서부동,경상사고,0,0,2,0,차대차 - 기타,중앙선침범,건조,맑음,단일로 - 기타,승용,남,34세,상해없음,승용,남,57세,경상
2014111900100096,2014년 11월 19일 06시,수요일,울산광역시 남구 선암동,경상사고,0,0,1,0,차대차 - 추돌 - 주정차중,안전운전불이행,건조,맑음,단일로 - 기타,승용,남,31세,상해없음,화물,남,66세,경상
2014111900100097,2014년 11월 19일 06시,수요일,울산광역시 남구 삼산동,중상사고,0,2,0,0,차대차 - 측면직각충돌,신호위반,건조,맑음,교차로 - 교차로안,이륜,남,33세,중상,자전거,남,52세,중상
2014111900100124,2014년 11월 19일 07시,수요일,울산광역시 중구 유곡동,경상사고,0,0,1,0,차대차 - 기타,안전운전불이행,건조,맑음,단일로 - 기타,화물,남,46세,상해없음,승용,여,49세,경상
2014111900100125,2014년 11월 19일 07시,수요일,울산광역시 남구 여천동,경상사고,0,0,1,0,차대차 - 측면직각충돌,신호위반,건조,맑음,교차로 - 교차로안,승용,남,30세,상해없음,승용,남,40세,경상
2014111900100211,2014년 11월 19일 09시,수요일,울산광역시 울주군 범서읍,경상사고,0,0,1,0,차대차 - 추돌 - 진행중,안전운전불이행,건조,맑음,단일로 - 기타,승용,남,68세,기타불명,승용,여,57세,상해없음
2014111900100265,2014년 11월 19일 11시,수요일,울산광역시 동구 서부동,경상사고,0,0,1,0,차대차 - 추돌 - 주정차중,안전운전불이행,건조,맑음,단일로 - 기타,승용,남,55세,상해없음,승용,여,45세,경상
2014111900100296,2014년 11월 19일 12시,수요일,울산광역시 울주군 웅촌면,중상사고,0,1,0,1,차대차 - 기타,교차로운행방법위반,건조,맑음,교차로 - 교차로안,승용,남,50세,부상신고,승용,남,52세,상해없음
2014111900100354,2014년 11월 19일 14시,수요일,울산광역시 남구 달동,경상사고,0,0,1,0,차대사람 - 횡단중,안전운전불이행,건조,맑음,단일로 - 기타,승용,여,48세,상해없음,보행자,남,7세,경상
2014111900100390,2014년 11월 19일 15시,수요일,울산광역시 동구 서부동,중상사고,0,1,0,0,차대차 - 기타,안전운전불이행,건조,맑음,단일로 - 기타,자전거,남,7세,중상,승용,남,45세,상해없음
2014111900100391,2014년 11월 19일 15시,수요일,울산광역시 동구 방어동,경상사고,0,0,1,0,차대사람 - 횡단중,보행자보호의무위반,건조,맑음,단일로 - 횡단보도상,이륜,남,45세,상해없음,보행자,남,76세,경상
2014111900100392,2014년 11월 19일 15시,수요일,울산광역시 울주군 범서읍,중상사고,0,1,0,0,차대사람 - 기타,안전운전불이행,건조,맑음,단일로 - 기타,승용,여,42세,상해없음,보행자,남,79세,중상
2014111900100534,2014년 11월 19일 18시,수요일,울산광역시 울주군 삼남면,사망사고,1,0,0,0,차대사람 - 기타,안전운전불이행,건조,맑음,단일로 - 횡단보도상,승용,남,42세,상해없음,보행자,남,87세,사망
2014111900100614,2014년 11월 19일 20시,수요일,울산광역시 중구 남외동,중상사고,0,1,0,0,차대사람 - 기타,안전운전불이행,건조,맑음,교차로 - 교차로부근,승용,여,48세,상해없음,보행자,남,60세,중상
2014111900100651,2014년 11월 19일 21시,수요일,울산광역시 중구 남외동,경상사고,0,0,1,0,차대사람 - 횡단중,보행자보호의무위반,건조,맑음,교차로 - 교차로안,승용,남,61세,상해없음,보행자,여,21세,경상
2014111900100652,2014년 11월 19일 21시,수요일,울산광역시 남구 야음동,중상사고,0,1,0,0,차대사람 - 횡단중,안전운전불이행,건조,맑음,교차로 - 교차로안,승용,남,28세,상해없음,보행자,남,39세,중상
2014111900100683,2014년 11월 19일 22시,수요일,울산광역시 동구 일산동,중상사고,0,1,0,0,차대차 - 측면직각충돌,교차로운행방법위반,건조,맑음,교차로 - 교차로안,원동기,여,59세,중상,승용,여,53세,상해없음
2014111900100709,2014년 11월 19일 23시,수요일,울산광역시 중구 북정동,중상사고,0,1,1,0,차대차 - 추돌 - 주정차중,안전운전불이행,건조,맑음,교차로 - 교차로부근,승용,남,34세,상해없음,승용,남,46세,상해없음
2014112000100024,2014년 11월 20일 01시,목요일,울산광역시 남구 무거동,경상사고,0,0,1,1,차대차 - 측면직각충돌,안전운전불이행,건조,맑음,단일로 - 기타,승용,여,50세,상해없음,자전거,남,21세,경상
2014112000100051,2014년 11월 20일 05시,목요일,울산광역시 동구 일산동,중상사고,0,1,0,0,차대차 - 측면직각충돌,신호위반,건조,맑음,교차로 - 교차로안,원동기,남,17세,중상,승용,남,45세,상해없음
2014112000100052,2014년 11월 20일 05시,목요일,울산광역시 울주군 청량면,중상사고,0,1,2,0,차대차 - 추돌 - 주정차중,안전운전불이행,건조,맑음,교차로 - 교차로안,승용,여,48세,중상,화물,남,50세,경상
2014112000100071,2014년 11월 20일 06시,목요일,울산광역시 남구 달동,중상사고,0,1,0,0,차대차 - 측면직각충돌,안전운전불이행,건조,맑음,교차로 - 교차로부근,승용,남,23세,상해없음,자전거,남,70세,중상
2014112000100151,2014년 11월 20일 08시,목요일,울산광역시 울주군 삼남면,중상사고,0,1,0,0,차대차 - 측면직각충돌,안전운전불이행,건조,맑음,단일로 - 기타,화물,남,52세,상해없음,승용,여,62세,중상
2014112000100219,2014년 11월 20일 10시,목요일,울산광역시 남구 신정동,경상사고,0,0,1,0,차대사람 - 기타,안전운전불이행,건조,맑음,교차로 - 교차로부근,승용,여,38세,상해없음,보행자,남,62세,경상
2014112000100295,2014년 11월 20일 12시,목요일,울산광역시 중구 학성동,중상사고,0,1,0,0,차대사람 - 기타,안전운전불이행,건조,맑음,교차로 - 교차로부근,승용,여,41세,상해없음,보행자,여,70세,중상