사고번호,사고일시,요일,시군구,사고내용,사망자수,중상자수,경상자수,부상신고자수,사고유형,법규위반,노면상태,기상상태,도로형태,가해운전자 차종,가해운전자 성별,가해운전자 연령,가해운전자 상해정도,피해운전자 차종,피해운전자 성별,피해운전자 연령,피해운전자 상해정도
2014112800100307,2014년 11월 28일 12시,금요일,울산광역시 북구 연암동,경상사고,0,0,1,0,차대차 - 측면직각충돌,안전거리미확보,건조,흐림,교차로 - 교차로부근,승용,여,48세,상해없음,승용,여,47세,경상
2014112800100308,2014년 11월 28일 12시,금요일,울산광역시 중구 남외동,경상사고,0,0,7,0,차대차 - 측면직각충돌,교차로운행방법위반,습기,비,교차로 - 교차로안,승용,여,43세,경상,승합,남,35세,경상
2014112800100309,2014년 11월 28일 12시,금요일,울산광역시 남구 신정동,경상사고,0,0,1,0,차대차 - 측면직각충돌,안전거리미확보,습기,비,단일로 - 기타,승용,남,66세,기타불명,승합,남,59세,상해없음
2014112800100406,2014년 11월 28일 15시,금요일,울산광역시 남구 달동,중상사고,0,1,1,0,차대차 - 기타,신호위반,기타,기타,교차로 - 교차로부근,화물,남,76세,상해없음,이륜,남,64세,중상
2014112800100407,2014년 11월 28일 15시,금요일,울산광역시 남구 삼산동,경상사고,0,0,1,0,차대차 - 추돌 - 진행중,안전거리미확보,습기,비,교차로 - 교차로부근,승용,남,54세,상해없음,승용,남,34세,경상
2014112800100578,2014년 11월 28일 18시,금요일,울산광역시 중구 남외동,경상사고,0,0,1,0,차대사람 - 횡단중,안전운전불이행,건조,맑음,단일로 - 기타,승용,여,41세,상해없음,보행자,남,9세,경상
2014112800100579,2014년 11월 28일 18시,금요일,울산광역시 동구 동부동,경상사고,0,0,1,0,차대사람 - 보도통행중,보행자보호의무위반,건조,맑음,단일로 - 횡단보도상,화물,남,65세,상해없음,보행자,남,17세,경상
2014112800100580,2014년 11월 28일 18시,금요일,울산광역시 동구 서부동,중상사고,0,1,0,0,차대차 - 측면직각충돌,안전거리미확보,건조,맑음,단일로 - 기타,승용,여,26세,상해없음,승용,남,41세,상해없음
2014112800100581,2014년 11월 28일 18시,금요일,울산광역시 동구 전하동,경상사고,0,0,1,0,차대차 - 기타,안전운전불이행,습기,비,교차로 - 교차로안,이륜,남,36세,상해없음,승용,남,37세,상해없음
2014112800100697,2014년 11월 28일 20시,금요일,울산광역시 중구 반구동,중상사고,0,1,0,0,차대사람 - 기타,안전운전불이행,건조,맑음,단일로 - 기타,승용,남,36세,상해없음,보행자,남,2세,중상
2014112800100793,2014년 11월 28일 23시,금요일,울산광역시 울주군 온양읍,경상사고,0,0,1,0,차대차 - 기타,직진우회전진행방해,건조,흐림,교차로 - 교차로안,승용,남,29세,상해없음,이륜,남,38세,경상
2014112900100047,2014년 11월 29일 01시,토요일,울산광역시 북구 연암동,경상사고,0,0,1,0,차대차 - 추돌 - 주정차중,안전운전불이행,건조,맑음,단일로 - 기타,승용,남,30세,상해없음,승용,남,42세,경상
2014112900100048,2014년 11월 29일 01시,토요일,울산광역시 남구 신정동,경상사고,0,0,1,0,차대차 - 추돌 - 주정차중,안전운전불이행,습기,흐림,교차로 - 교차로부근,승용,남,40세,상해없음,이륜,남,27세,경상
2014112900100064,2014년 11월 29일 02시,토요일,울산광역시 남구 삼산동,경상사고,0,0,1,0,차대차 - 추돌 - 주정차중,안전운전불이행,습기,맑음,교차로 - 교차로부근,승용,남,32세,상해없음,화물,남,62세,경상
2014112900100091,2014년 11월 29일 04시,토요일,울산광역시 남구 삼산동,경상사고,0,0,2,0,차대차 - 기타,신호위반,건조,맑음,교차로 - 교차로안,승용,남,27세,상해없음,승용,남,52세,경상
2014112900100110,2014년 11월 29일 05시,토요일,울산광역시 남구 신정동,중상사고,0,1,0,0,차대사람 - 횡단중,보행자보호의무위반,건조,맑음,교차로 - 교차로안,승용,남,30세,상해없음,보행자,여,66세,중상
2014112900100138,2014년 11월 29일 07시,토요일,울산광역시 남구 옥동,부상신고사고,0,0,0,1,차량단독 - 전도전복,기타,습기,흐림,단일로 - 기타,이륜,남,36세,부상신고,,,,
2014112900100178,2014년 11월 29일 09시,토요일,울산광역시 남구 신정동,중상사고,0,1,0,0,차대차 - 기타,안전운전불이행,건조,맑음,단일로 - 기타,자전거,여,52세,중상,화물,남,48세,상해없음
2014112900100217,2014년 11월 29일 10시,토요일,울산광역시 북구 염포동,경상사고,0,0,1,0,차대차 - 기타,신호위반,건조,맑음,단일로 - 기타,화물,남,63세,상해없음,승용,여,44세,경상
2014112900100413,2014년 11월 29일 15시,토요일,울산광역시 남구 달동,경상사고,0,0,1,0,차대사람 - 횡단중,보행자보호의무위반,건조,맑음,단일로 - 횡단보도상,승용,여,50세,상해없음,보행자,남,9세,경상
2014112900100500,2014년 11월 29일 17시,토요일,울산광역시 중구 반구동,경상사고,0,0,1,0,차대차 - 측면직각충돌,안전운전불이행,건조,맑음,단일로 - 횡단보도상,승용,여,39세,상해없음,자전거,남,46세,경상
2014112900100501,2014년 11월 29일 17시,토요일,울산광역시 남구 달동,중상사고,0,1,0,0,차대차 - 정면충돌,교차로운행방법위반,건조,맑음,교차로 - 교차로안,승용,여,53세,상해없음,이륜,남,30세,중상
2014112900100502,2014년 11월 29일 17시,토요일,울산광역시 남구 두왕동,경상사고,0,0,3,0,차대차 - 추돌 - 주정차중,안전운전불이행,건조,맑음,교차로 - 교차로부근,승용,남,54세,상해없음,승용,여,49세,경상
2014112900100652,2014년 11월 29일 21시,토요일,울산광역시 남구 달동,경상사고,0,0,1,0,차대사람 - 기타,안전운전불이행,기타,맑음,단일로 - 기타,승용,남,41세,상해없음,보행자,여,19세,경상
2014112900100653,2014년 11월 29일 21시,토요일,울산광역시 울주군 온산읍,경상사고,0,0,1,3,차대차 - 기타,안전운전불이행,건조,맑음,단일로 - 기타,승용,남,48세,상해없음,승용,여,29세,경상
2014112900100683,2014년 11월 29일 22시,토요일,울산광역시 북구 양정동,경상사고,0,0,1,0,차대사람 - 기타,안전운전불이행,건조,맑음,기타 - 기타,자전거,남,17세,상해없음,보행자,남,52세,경상
2014112900100684,2014년 11월 29일 22시,토요일,울산광역시 울주군 온산읍,부상신고사고,0,0,0,1,차대사람 - 횡단중,안전운전불이행,건조,맑음,단일로 - 기타,승용,여,20세,상해없음,보행자,남,54세,부상신고
2014113000100042,2014년 11월 30일 01시,일요일,울산광역시 남구 신정동,중상사고,0,2,0,0,차대사람 - 횡단중,보행자보호의무위반,건조,맑음,단일로 - 횡단보도상,승용,여,30세,상해없음,보행자,여,56세,중상
2014113000100069,2014년 11월 30일 03시,일요일,울산광역시 울주군 온산읍,경상사고,0,0,3,0,차대차 - 기타,안전운전불이행,건조,맑음,단일로 - 기타,승용,남,58세,기타불명,승합,남,34세,경상
2014113000100087,2014년 11월 30일 05시,일요일,울산광역시 중구 태화동,중상사고,0,1,0,0,차대차 - 측면직각충돌,안전거리미확보,습기,비,단일로 - 기타,승용,여,55세,상해없음,승용,남,29세,상해없음
2014113000100088,2014년 11월 30일 05시,일요일,울산광역시 중구 복산동,경상사고,0,0,1,1,차대차 - 추돌 - 진행중,교차로운행방법위반,건조,맑음,교차로 - 교차로안,승용,남,54세,경상,승용,남,72세,부상신고
2014113000100110,2014년 11월 30일 06시,일요일,울산광역시 남구 선암동,중상사고,0,1,0,0,차대차 - 추돌 - 주정차중,안전운전불이행,습기,비,교차로 - 교차로부근,승용,남,33세,상해없음,승용,남,40세,중상
2014113000100207,2014년 11월 30일 11시,일요일,울산광역시 중구 남외동,중상사고,0,1,0,0,차대차 - 추돌 - 주정차중,안전운전불이행,습기,비,단일로 - 기타,승합,남,39세,상해없음,승용,남,44세,중상
2014113000100208,2014년 11월 30일 11시,일요일,울산광역시 동구 전하동,중상사고,0,1,0,0,차량단독 - 공작물충돌,안전운전불이행,습기,비,교차로 - 교차로안,승용,남,44세,상해없음,,,,
2014113000100256,2014년 11월 30일 13시,일요일,울산광역시 남구 삼산동,중상사고,0,1,0,0,차대차 - 기타,안전거리미확보,건조,맑음,교차로 - 교차로부근,승용,남,50세,상해없음,이륜,남,32세,중상
2014113000100284,2014년 11월 30일 14시,일요일,울산광역시 북구 진장동,경상사고,0,0,2,0,차대차 - 측면직각충돌,신호위반,습기,비,교차로 - 교차로안,이륜,남,42세,경상,승용,남,58세,경상
2014113000100305,2014년 11월 30일 15시,일요일,울산광역시 중구 태화동,중상사고,0,1,1,0,차대차 - 추돌 - 주정차중,안전운전불이행,건조,맑음,교차로 - 교차로안,승용,남,56세,상해없음,승용,남,42세,경상
2014113000100468,2014년 11월 30일 19시,일요일,울산광역시 북구 중산동,중상사고,0,1,0,0,차대차 - 기타,신호위반,건조,흐림,교차로 - 교차로안,이륜,남,17세,중상,화물,남,43세,상해없음
2014113000100469,2014년 11월 30일 19시,일요일,울산광역시 중구 태화동,경상사고,0,0,1,0,차대사람 - 기타,안전운전불이행,건조,맑음,단일로 - 기타,승합,남,47세,상해없음,보행자,여,55세,경상
2014120100100019,2014년 12월 1일 01시,월요일,울산광역시 남구 무거동,경상사고,0,0,2,0,차대차 - 정면충돌,중앙선침범,건조,흐림,단일로 - 기타,승용,남,18세,상해없음,승용,남,54세,경상
2014120100100055,2014년 12월 1일 05시,월요일,울산광역시 남구 삼산동,경상사고,0,0,1,0,차대차 - 기타,안전운전불이행,건조,맑음,교차로 - 교차로부근,승용,남,36세,상해없음,승용,남,66세,경상
2014120100100149,2014년 12월 1일 09시,월요일,울산광역시 남구 삼산동,중상사고,0,1,0,0,차대차 - 측면직각충돌,불법유턴,건조,맑음,교차로 - 교차로부근,승용,남,27세,상해없음,이륜,남,42세,중상
2014120100100184,2014년 12월 1일 10시,월요일,울산광역시 중구 성안동,경상사고,0,0,1,0,차대사람 - 기타,안전운전불이행,건조,맑음,단일로 - 기타,승합,여,45세,상해없음,보행자,남,70세,경상
2014120100100214,2014년 12월 1일 11시,월요일,울산광역시 남구 무거동,중상사고,0,1,1,0,차대차 - 측면직각충돌,안전거리미확보,건조,맑음,단일로 - 기타,화물,남,35세,상해없음,승용,여,54세,경상
2014120100100215,2014년 12월 1일 11시,월요일,울산광역시 울주군 웅촌면,경상사고,0,0,1,0,차대차 - 기타,중앙선침범,건조,맑음,단일로 - 기타,화물,남,57세,상해없음,건설기계,남,66세,경상
2014120100100310,2014년 12월 1일 14시,월요일,울산광역시 중구 복산동,경상사고,0,0,1,0,차대차 - 측면직각충돌,안전거리미확보,건조,맑음,단일로 - 기타,화물,남,37세,상해없음,승용,여,40세,경상
2014120100100437,2014년 12월 1일 17시,월요일,울산광역시 울주군 범서읍,부상신고사고,0,0,0,1,차대사람 - 기타,안전운전불이행,건조,맑음,단일로 - 기타,승합,기타불명,기타불명,기타불명,보행자,남,47세,부상신고
2014120100100543,2014년 12월 1일 19시,월요일,울산광역시 남구 신정동,중상사고,0,1,0,0,차대사람 - 횡단중,안전운전불이행,건조,맑음,단일로 - 횡단보도부근,승용,여,43세,상해없음,보행자,남,16세,중상
2014120100100573,2014년 12월 1일 20시,월요일,울산광역시 중구 학산동,중상사고,0,1,0,1,차대사람 - 횡단중,안전운전불이행,건조,맑음,단일로 - 기타,이륜,남,24세,부상신고,보행자,남,38세,중상
2014120100100574,2014년 12월 1일 20시,월요일,울산광역시 남구 달동,중상사고,0,1,0,0,차대사람 - 길가장자리구역통행중,안전운전불이행,건조,맑음,교차로 - 교차로안,승용,기타불명,기타불명,기타불명,보행자,남,17세,중상
2014120100100601,2014년 12월 1일 21시,월요일,울산광역시 울주군 청량면,중상사고,0,1,0,0,차대차 - 측면직각충돌,교차로운행방법위반,건조,맑음,교차로 - 교차로안,승용,남,28세,상해없음,화물,남,59세,중상
2014120100100632,2014년 12월 1일 22시,월요일,울산광역시 울주군 온양읍,중상사고,0,1,0,0,차대차 - 기타,안전운전불이행,건조,맑음,단일로 - 기타,승용,남,37세,상해없음,이륜,남,18세,중상
2014120200100073,2014년 12월 2일 06시,화요일,울산광역시 북구 양정동,경상사고,0,0,1,0,차대차 - 기타,기타,건조,맑음,단일로 - 기타,승용,남,45세,상해없음,이륜,남,45세,경상
2014120200100087,2014년 12월 2일 07시,화요일,울산광역시 중구 학성동,중상사고,0,1,0,0,차대사람 - 횡단중,신호위반,건조,맑음,교차로 - 교차로안,화물,남,46세,상해없음,보행자,여,77세,중상
2014120200100088,2014년 12월 2일 07시,화요일,울산광역시 동구 미포동,부상신고사고,0,0,0,1,차대차 - 기타,안전거리미확보,건조,맑음,단일로 - 기타,승합,남,56세,상해없음,이륜,남,23세,부상신고
2014120200100130,2014년 12월 2일 08시,화요일,울산광역시 중구 복산동,중상사고,0,1,3,0,차대차 - 측면직각충돌,신호위반,건조,맑음,교차로 - 교차로안,승합,남,45세,상해없음,승용,여,54세,중상
2014120200100131,2014년 12월 2일 08시,화요일,울산광역시 북구 화봉동,경상사고,0,0,3,0,차대차 - 기타,교차로운행방법위반,건조,맑음,교차로 - 교차로안,승용,남,62세,상해없음,승용,여,40세,경상
2014120200100132,2014년 12월 2일 08시,화요일,울산광역시 남구 용연동,경상사고,0,0,1,0,차대차 - 기타,안전운전불이행,건조,맑음,교차로 - 교차로부근,화물,남,60세,상해없음,화물,남,49세,경상
2014120200100156,2014년 12월 2일 09시,화요일,울산광역시 울주군 삼남면,경상사고,0,0,1,0,차대차 - 기타,안전운전불이행,건조,맑음,단일로 - 기타,승합,남,47세,상해없음,승용,여,28세,경상
2014120200100182,2014년 12월 2일 10시,화요일,울산광역시 울주군 언양읍,경상사고,0,0,2,0,차대차 - 추돌 - 주정차중,안전거리미확보,건조,맑음,단일로 - 기타,화물,남,63세,상해없음,화물,남,19세,경상
2014120200100203,2014년 12월 2일 11시,화요일,울산광역시 남구 삼산동,중상사고,0,1,0,0,차대사람 - 기타,안전운전불이행,건조,맑음,단일로 - 기타,승용,남,37세,상해없음,보행자,남,21세,중상
2014120200100233,2014년 12월 2일 12시,화요일,울산광역시 울주군 온양읍,경상사고,0,0,1,3,차대차 - 측면직각충돌,중앙선침범,건조,맑음,단일로 - 기타,승용,남,33세,상해없음,승용,남,57세,경상
2014120200100254,2014년 12월 2일 13시,화요일,울산광역시 울주군 온산읍,경상사고,0,0,1,0,차대차 - 기타,안전운전불이행,건조,맑음,단일로 - 기타,승용,남,42세,기타불명,승용,남,48세,경상
2014120200100288,2014년 12월 2일 14시,화요일,울산광역시 중구 옥교동,경상사고,0,0,1,0,차대사람 - 길가장자리구역통행중,안전운전불이행,건조,맑음,단일로 - 기타,화물,남,60세,상해없음,보행자,남,60세,경상
2014120200100289,2014년 12월 2일 14시,화요일,울산광역시 북구 신천동,중상사고,0,1,0,0,차대차 - 기타,안전운전불이행,건조,맑음,단일로 - 기타,승용,남,55세,상해없음,원동기,남,38세,중상
2014120200100290,2014년 12월 2일 14시,화요일,울산광역시 북구 염포동,경상사고,0,0,2,0,차대차 - 측면직각충돌,안전운전불이행,건조,맑음,단일로 - 기타,승용,남,35세,경상,건설기계,남,58세,상해없음
2014120200100367,2014년 12월 2일 16시,화요일,울산광역시 북구 신천동,중상사고,0,2,1,0,차대차 - 기타,안전거리미확보,건조,맑음,교차로 - 교차로부근,승용,여,57세,상해없음,승합,남,60세,상해없음
2014120200100395,2014년 12월 2일 17시,화요일,울산광역시 동구 화정동,경상사고,0,0,1,0,차대차 - 측면직각충돌,안전운전불이행,건조,맑음,교차로 - 교차로안,승용,여,36세,상해없음,승용,남,35세,경상
2014120200100450,2014년 12월 2일 18시,화요일,울산광역시 북구 염포동,중상사고,0,1,0,0,차대차 - 정면충돌,안전운전불이행,건조,맑음,단일로 - 기타,승용,여,50세,상해없음,자전거,남,60세,중상
2014120200100572,2014년 12월 2일 22시,화요일,울산광역시 남구 달동,경상사고,0,0,1,0,차대차 - 측면직각충돌,교차로운행방법위반,건조,맑음,교차로 - 교차로안,이륜,남,36세,경상,승용,여,49세,상해없음
2014120200100597,2014년 12월 2일 23시,화요일,울산광역시 울주군 삼남면,부상신고사고,0,0,0,3,차대차 - 추돌 - 진행중,안전거리미확보,건조,맑음,단일로 - 기타,승용,여,48세,부상신고,승용,여,54세,부상신고
2014120300100103,2014년 12월 3일 05시,수요일,울산광역시 울주군 온산읍,사망사고,1,0,0,0,차대사람 - 횡단중,안전운전불이행,건조,맑음,단일로 - 기타,승용,남,27세,상해없음,보행자,남,58세,사망
2014120300100202,2014년 12월 3일 08시,수요일,울산광역시 남구 신정동,경상사고,0,0,1,0,차대사람 - 기타,안전운전불이행,건조,맑음,단일로 - 기타,이륜,남,17세,상해없음,보행자,남,18세,경상
2014120300100311,2014년 12월 3일 13시,수요일,울산광역시 동구 서부동,중상사고,0,1,1,0,차대차 - 추돌 - 주정차중,안전거리미확보,건조,맑음,교차로 - 교차로안,승합,남,55세,상해없음,승용,남,64세,경상
2014120300100420,2014년 12월 3일 17시,수요일,울산광역시 울주군 온양읍,경상사고,0,0,1,0,차대차 - 기타,신호위반,건조,맑음,교차로 - 교차로안,화물,남,69세,상해없음,승용,남,58세,경상
2014120300100421,2014년 12월 3일 17시,수요일,울산광역시 울주군 범서읍,부상신고사고,0,0,0,1,차대사람 - 기타,안전운전불이행,건조,맑음,교차로 - 교차로부근,승용,남,54세,상해없음,보행자,여,12세,부상신고
2014120300100479,2014년 12월 3일 18시,수요일,울산광역시 울주군 온산읍,중상사고,0,1,0,0,차대사람 - 횡단중,보행자보호의무위반,건조,맑음,교차로 - 교차로부근,승용,남,40세,상해없음,보행자,여,42세,중상
2014120300100562,2014년 12월 3일 20시,수요일,울산광역시 남구 달동,경상사고,0,0,1,0,차대차 - 측면직각충돌,신호위반,건조,맑음,교차로 - 교차로안,승용,남,42세,상해없음,승용,여,53세,경상
2014120300100563,2014년 12월 3일 20시,수요일,울산광역시 울주군 삼남면,중상사고,0,1,0,0,차대사람 - 기타,보행자보호의무위반,건조,맑음,교차로 - 교차로부근,승용,여,49세,상해없음,보행자,여,53세,중상
2014120300100633,2014년 12월 3일 22시,수요일,울산광역시 북구 상안동,경상사고,0,0,1,1,차대차 - 기타,안전거리미확보,건조,맑음,교차로 - 교차로안,승합,남,57세,상해없음,승용,남,59세,부상신고
2014120400100056,2014년 12월 4일 02시,목요일,울산광역시 중구 반구동,경상사고,0,0,2,0,차대차 - 측면직각충돌,교차로운행방법위반,건조,맑음,교차로 - 교차로안,승용,남,59세,상해없음,승용,남,56세,상해없음
2014120400100109,2014년 12월 4일 06시,목요일,울산광역시 중구 성남동,중상사고,0,1,0,0,차대사람 - 횡단중,중앙선침범,건조,맑음,단일로 - 기타,승용,여,55세,상해없음,보행자,남,43세,중상
2014120400100137,2014년 12월 4일 07시,목요일,울산광역시 남구 삼산동,경상사고,0,0,2,0,차대차 - 기타,차로위반,건조,맑음,교차로 - 교차로부근,화물,남,28세,상해없음,승용,여,30세,경상
2014120400100138,2014년 12월 4일 07시,목요일,울산광역시 동구 동부동,중상사고,0,1,0,0,차대차 - 기타,신호위반,건조,맑음,교차로 - 교차로안,이륜,남,35세,상해없음,이륜,여,47세,중상
2014120400100180,2014년 12월 4일 08시,목요일,울산광역시 중구 다운동,경상사고,0,0,1,0,차대사람 - 횡단중,안전운전불이행,건조,맑음,교차로 - 교차로안,승용,남,56세,상해없음,보행자,남,18세,경상
2014120400100236,2014년 12월 4일 10시,목요일,울산광역시 동구 일산동,경상사고,0,0,1,0,차대차 - 측면직각충돌,안전운전불이행,건조,맑음,교차로 - 교차로안,승용,여,49세,상해없음,이륜,남,71세,경상
2014120400100288,2014년 12월 4일 12시,목요일,울산광역시 북구 양정동,중상사고,0,1,0,0,차량단독 - 기타,안전운전불이행,건조,맑음,단일로 - 기타,승합,남,39세,상해없음,,,,
2014120400100346,2014년 12월 4일 14시,목요일,울산광역시 남구 달동,중상사고,0,1,0,0,차대차 - 기타,신호위반,건조,맑음,단일로 - 횡단보도상,승용,여,49세,상해없음,이륜,남,45세,중상
2014120400100378,2014년 12월 4일 15시,목요일,울산광역시 남구 여천동,경상사고,0,0,1,0,차대차 - 측면직각충돌,신호위반,건조,맑음,교차로 - 교차로안,화물,남,54세,상해없음,승용,여,50세,경상
2014120400100379,2014년 12월 4일 15시,목요일,울산광역시 동구 방어동,중상사고,0,1,0,0,차대차 - 측면직각충돌,신호위반,건조,맑음,교차로 - 교차로안,승용,여,29세,상해없음,이륜,남,21세,중상
2014120400100479,2014년 12월 4일 17시,목요일,울산광역시 남구 무거동,중상사고,0,1,0,0,차대차 - 기타,안전운전불이행,건조,맑음,교차로 - 교차로부근,화물,남,42세,상해없음,화물,남,65세,중상
2014120400100551,2014년 12월 4일 18시,목요일,울산광역시 중구 남외동,중상사고,0,1,0,0,차대차 - 기타,기타,건조,맑음,단일로 - 기타,기타불명,기타불명,기타불명,기타불명,자전거,남,63세,중상
2014120400100552,2014년 12월 4일 18시,목요일,울산광역시 울주군 범서읍,경상사고,0,0,1,0,차대사람 - 횡단중,안전운전불이행,습기,흐림,교차로 - 교차로부근,승용,여,39세,상해없음,보행자,남,9세,경상
2014120400100628,2014년 12월 4일 20시,목요일,울산광역시 남구 삼산동,사망사고,1,0,0,0,차대사람 - 횡단중,신호위반,습기,눈,교차로 - 교차로안,승합,남,50세,상해없음,보행자,여,58세,사망
2014120400100656,2014년 12월 4일 21시,목요일,울산광역시 남구 삼산동,사망사고,1,0,0,0,차대사람 - 기타,안전운전불이행,습기,눈,단일로 - 기타,승용,남,32세,상해없음,보행자,여,62세,사망
2014120400100657,2014년 12월 4일 21시,목요일,울산광역시 동구 방어동,경상사고,0,0,1,0,차대사람 - 횡단중,보행자보호의무위반,건조,맑음,교차로 - 교차로부근,이륜,남,35세,상해없음,보행자,남,57세,경상
2014120400100697,2014년 12월 4일 22시,목요일,울산광역시 울주군 온산읍,중상사고,0,1,0,0,차대차 - 측면직각충돌,신호위반,건조,맑음,교차로 - 교차로안,이륜,남,27세,중상,승용,남,51세,상해없음
2014120400100729,2014년 12월 4일 23시,목요일,울산광역시 동구 방어동,경상사고,0,0,1,0,차대차 - 측면직각충돌,직진우회전진행방해,건조,맑음,교차로 - 교차로안,화물,남,37세,상해없음,승합,남,48세,경상
2014120400100730,2014년 12월 4일 23시,목요일,울산광역시 동구 일산동,중상사고,0,1,0,0,차대차 - 기타,교차로운행방법위반,건조,맑음,단일로 - 기타,이륜,남,19세,상해없음,이륜,남,30세,중상
2014120500100021,2014년 12월 5일 00시,금요일,울산광역시 북구 명촌동,경상사고,0,0,1,0,차대차 - 추돌 - 주정차중,안전운전불이행,건조,맑음,단일로 - 기타,승용,여,50세,상해없음,승용,여,41세,경상
2014120500100059,2014년 12월 5일 04시,금요일,울산광역시 울주군 온산읍,중상사고,0,1,0,0,차대차 - 기타,중앙선침범,건조,맑음,단일로 - 기타,승용,남,36세,상해없음,승용,남,38세,중상
2014120500100073,2014년 12월 5일 05시,금요일,울산광역시 북구 효문동,중상사고,0,1,1,0,차대차 - 측면직각충돌,안전거리미확보,건조,맑음,단일로 - 기타,화물,남,59세,상해없음,화물,남,60세,중상
2014120500100097,2014년 12월 5일 06시,금요일,울산광역시 남구 선암동,중상사고,0,1,0,0,차대차 - 측면직각충돌,신호위반,건조,맑음,교차로 - 교차로안,화물,남,44세,상해없음,이륜,남,30세,중상
2014120500100128,2014년 12월 5일 07시,금요일,울산광역시 중구 반구동,부상신고사고,0,0,0,1,차대차 - 기타,중앙선침범,건조,맑음,단일로 - 기타,자전거,남,77세,부상신고,승용,남,70세,상해없음
2014120500100197,2014년 12월 5일 09시,금요일,울산광역시 북구 명촌동,경상사고,0,0,1,0,차대차 - 추돌 - 진행중,안전거리미확보,건조,맑음,교차로 - 교차로부근,화물,남,43세,상해없음,승용,여,34세,경상
2014120500100229,2014년 12월 5일 10시,금요일,울산광역시 동구 방어동,경상사고,0,0,1,0,차대차 - 기타,안전운전불이행,건조,맑음,단일로 - 기타,승용,남,54세,상해없음,이륜,남,31세,경상
2014120500100309,2014년 12월 5일 12시,금요일,울산광역시 북구 신천동,중상사고,0,1,0,0,차대차 - 측면직각충돌,신호위반,건조,맑음,교차로 - 교차로안,이륜,남,45세,중상,승용,남,60세,상해없음
2014120500100310,2014년 12월 5일 12시,금요일,울산광역시 중구 학성동,중상사고,0,1,0,0,차대사람 - 기타,안전운전불이행,건조,맑음,교차로 - 교차로부근,승용,여,51세,상해없음,보행자,여,73세,중상
2014120500100311,2014년 12월 5일 12시,금요일,울산광역시 동구 동부동,경상사고,0,0,1,0,차대사람 - 기타,보행자보호의무위반,건조,맑음,단일로 - 기타,이륜,남,56세,상해없음,보행자,여,32세,경상
2014120500100375,2014년 12월 5일 14시,금요일,울산광역시 북구 연암동,경상사고,0,0,1,0,차대차 - 측면직각충돌,안전거리미확보,건조,맑음,단일로 - 기타,화물,남,29세,상해없음,승용,남,30세,경상
2014120500100499,2014년 12월 5일 17시,금요일,울산광역시 북구 연암동,경상사고,0,0,1,0,차대차 - 추돌 - 진행중,안전운전불이행,건조,맑음,교차로 - 교차로부근,이륜,남,53세,경상,승용,남,34세,상해없음
2014120500100637,2014년 12월 5일 20시,금요일,울산광역시 울주군 온산읍,부상신고사고,0,0,0,1,차대사람 - 차도통행중,안전운전불이행,습기,맑음,단일로 - 기타,기타불명,기타불명,기타불명,기타불명,보행자,남,43세,부상신고
2014120500100638,2014년 12월 5일 20시,금요일,울산광역시 울주군 두서면,중상사고,0,1,0,0,차대차 - 측면직각충돌,신호위반,건조,맑음,교차로 - 교차로안,화물,남,34세,기타불명,승용,여,48세,중상
2014120500100745,2014년 12월 5일 22시,금요일,울산광역시 동구 일산동,경상사고,0,0,1,0,차대차 - 측면직각충돌,교차로운행방법위반,건조,맑음,교차로 - 교차로안,승용,남,38세,상해없음,이륜,남,24세,경상
2014120500100781,2014년 12월 5일 23시,금요일,울산광역시 남구 삼산동,중상사고,0,3,1,0,차대차 - 기타,신호위반,건조,맑음,교차로 - 교차로안,승용,남,59세,상해없음,승용,여,41세,중상
2014120600100031,2014년 12월 6일 00시,토요일,울산광역시 남구 달동,경상사고,0,0,1,0,차대사람 - 횡단중,안전운전불이행,건조,맑음,교차로 - 교차로안,승용,남,35세,상해없음,보행자,남,36세,경상
2014120600100063,2014년 12월 6일 01시,토요일,울산광역시 북구 양정동,경상사고,0,0,1,0,차대차 - 측면직각충돌,안전운전불이행,건조,맑음,단일로 - 기타,승용,남,34세,경상,화물,남,45세,상해없음
2014120600100105,2014년 12월 6일 03시,토요일,울산광역시 북구 염포동,경상사고,0,0,2,0,차대차 - 기타,안전운전불이행,건조,맑음,교차로 - 교차로부근,승용,남,32세,상해없음,승용,남,17세,상해없음
2014120600100142,2014년 12월 6일 06시,토요일,울산광역시 북구 효문동,부상신고사고,0,0,0,1,차대차 - 측면직각충돌,안전운전불이행,건조,맑음,단일로 - 기타,기타불명,기타불명,기타불명,기타불명,승용,남,37세,상해없음
2014120600100186,2014년 12월 6일 08시,토요일,울산광역시 북구 효문동,부상신고사고,0,0,0,1,차대차 - 측면직각충돌,직진우회전진행방해,건조,맑음,교차로 - 교차로안,이륜,남,27세,부상신고,승용,남,58세,상해없음
2014120600100398,2014년 12월 6일 15시,토요일,울산광역시 동구 방어동,경상사고,0,0,1,0,차대차 - 측면직각충돌,교차로운행방법위반,건조,맑음,교차로 - 교차로안,승용,남,43세,경상,승용,남,31세,상해없음
2014120600100490,2014년 12월 6일 17시,토요일,울산광역시 남구 신정동,부상신고사고,0,0,0,1,차대차 - 측면직각충돌,안전운전불이행,건조,맑음,단일로 - 기타,승용,남,47세,상해없음,자전거,남,29세,부상신고